date,close,sigma,r,strike,dte,tau_years,put_px,put_delta,contracts,cash,portfolio_value,portfolio_delta,rebalanced,rolled,trade_contracts,option_cashflow,cum_hedge_cost
2022-01-03,182.00999450683594,0.3075,0.0008,172.90949478149415,90,0.2465753424657534,6.838146649077082,-0.3395973732088593,2.9446635306715985,-2013.604105492148,18200.999450683594,-1.4210854715202004e-14,True,True,2.9446635306715985,-2013.604105492148,2013.604105492148
2022-01-04,179.6999969482422,0.3135,0.0008,172.90949478149415,89,0.24383561643835616,7.80193275437702,-0.37164700611938084,2.690725294525254,-1815.4876146579566,18253.797861004998,1.4210854715202004e-14,True,False,-0.2539382361463445,198.12090421788918,1815.4832012742588
2022-01-05,174.9199981689453,0.3401,0.0009,172.90949478149415,88,0.2410958904109589,10.576379214455756,-0.4387958455946869,2.2789641470846878,-1379.9978870971931,18522.320833368976,1.4210854715202004e-14,True,False,-0.41176114744056624,435.49420411108565,1379.9889971631733
2022-01-06,172.0,0.33630000000000004,0.001,172.90949478149415,87,0.23835616438356164,11.721428575569433,-0.4794935506890162,2.0855337857266973,-1153.2736514180742,18491.269879715168,-1.4210854715202004e-14,True,False,-0.1934303613579904,226.728016500427,1153.2609806627463
2022-01-07,172.1699981689453,0.33030000000000004,0.001,172.90949478149415,86,0.2356164383561644,11.375752103177248,-0.47810840837929425,2.0915758486445135,-1160.1501120707296,18436.17454074106,0.0,True,False,0.006042062917816171,-6.873300994487657,1160.134281657234
2022-01-10,172.19000244140625,0.33590000000000003,0.0013000000000000002,172.90949478149415,83,0.2273972602739726,11.350228499420894,-0.4777097931195179,2.0933211217418157,-1162.1434331062683,18432.82411647772,1.4210854715202004e-14,True,False,0.0017452730973022135,-1.9809248448272156,1162.1152065020613
2022-01-11,175.0800018310547,0.3154,0.0011,172.90949478149415,82,0.22465753424657534,9.296816620360588,-0.4365010467302243,2.290945250855358,-1345.8744642743247,18291.975507279967,0.0,True,False,0.19762412911354232,-183.72752881270668,1345.8427353147679
2022-01-12,175.52999877929688,0.3091,0.0012,172.90949478149415,81,0.2219178082191781,8.832689498684772,-0.42938718570821666,2.3289004266641866,-1379.4035173530954,18230.64179478452,0.0,True,False,0.03795517580882857,-33.52462827873744,1379.3673635935054
2022-01-13,172.19000244140625,0.33890000000000003,0.0012,172.90949478149415,80,0.2191780821917808,11.249235552350086,-0.47818587825738024,2.0912369968854603,-1112.0548620097823,18459.427139506217,-1.4210854715202004e-14,True,False,-0.23766342977872634,267.3531903760306,1112.0141732174748
2022-01-14,173.07000732421875,0.3237,0.0013000000000000002,172.90949478149415,79,0.21643835616438356,10.277466930835956,-0.46679570464182485,2.1422647853353878,-1164.5024635949621,18344.203817664795,0.0,True,False,0.0510277884499275,-52.443640834782286,1164.4578140522572
2022-01-18,169.8000030517578,0.37320000000000003,0.0016,172.90949478149415,75,0.2054794520547945,13.139120755833474,-0.5082740190650515,1.967442683455388,-934.8220117083164,18630.224993277607,0.0,True,False,-0.1748221018799998,229.70087073899398,934.7569433132632
2022-01-19,166.22999572753906,0.37210000000000004,0.0017000000000000001,172.90949478149415,74,0.20273972602739726,14.934148679786517,-0.5593449823050209,1.7878054360639315,-666.5534295868295,18626.38136243801,0.0,True,False,-0.17963724739145648,268.27293609716037,666.4840072161028
2022-01-20,164.50999450683594,0.3829,0.0017000000000000001,172.90949478149415,73,0.2,16.154982667125367,-0.5805110105436155,1.7226202119121856,-561.2499174570709,18672.639499774643,0.0,True,False,-0.06518522415174588,105.30661663241365,561.1773905836891
2022-01-21,162.41000366210938,0.40590000000000004,0.0017000000000000001,172.90949478149415,72,0.19726027397260273,17.97027975717586,-0.6008283800374108,1.6643687835413743,-456.5730850960128,18775.344547049823,0.0,True,False,-0.05825142837081132,104.67944640785703,456.49794417583206
2022-01-24,161.6199951171875,0.4239,0.0019,172.90949478149415,69,0.18904109589041096,18.696328034195844,-0.6072834313526037,1.6466775616991525,-423.5041265083335,18817.17777121813,0.0,True,False,-0.017691221842221827,33.07608868879098,423.42185548704106
2022-01-25,159.77999877929688,0.4532,0.0019,172.90949478149415,68,0.1863013698630137,20.521072312235916,-0.6194708132216507,1.614281058375213,-357.0252323186844,18933.65247873005,0.0,True,False,-0.03239650332393951,66.48109873741538,356.9407567496257
2022-01-26,159.69000244140625,0.4497,0.0019,172.90949478149415,67,0.18356164383561643,20.39883369833798,-0.623487598851383,1.603881138682221,-335.81246758169084,18904.918238546892,0.0,True,False,-0.010399919692992032,21.214623229341466,335.72613352028424
2022-01-27,159.22000122070312,0.45909999999999995,0.002,172.90949478149415,66,0.18082191780821918,20.845486187892106,-0.6266645831563017,1.5957499863217603,-318.8645252328849,18929.554026757352,0.0,True,False,-0.00813115236046058,16.949782422162734,318.7763510981215
2022-01-28,170.3300018310547,0.3563,0.0019,172.90949478149415,65,0.1780821917808219,11.59247281091416,-0.5089898116713686,1.9646758679045115,-746.5425102289971,18564.002830970698,0.0,True,False,0.3689258815827512,-427.676325149058,746.4526762471795
2022-01-31,174.77999877929688,0.3141,0.0022,172.90949478149415,62,0.16986301369863013,8.035814586953151,-0.4400944097548509,2.272239723647109,-993.7086213154789,18310.22096824799,1.4210854715202004e-14,True,False,0.30756385574259726,-247.15261183959177,993.6052880867712
2022-02-01,174.61000061035156,0.30460000000000004,0.0019,172.90949478149415,61,0.16712328767123288,7.775628934340617,-0.4429854157278187,2.2574106607031617,-982.1832649691405,18234.095561071263,1.4210854715202004e-14,True,False,-0.014829062943947147,11.530529089611369,982.0747589971598
2022-02-02,175.83999633789062,0.29460000000000003,0.0019,172.90949478149415,60,0.1643835616438356,6.895682155323058,-0.41955164635495934,2.3834967844553647,-1069.1333610764439,18158.449897096492,0.0,True,False,0.12608612375220307,-86.94498335919215,1069.019742356352
2022-02-03,172.89999389648438,0.3418,0.002,172.90949478149415,59,0.16164383561643836,9.446971825618917,-0.471833003579331,2.1193939220317097,-819.6419893193283,18472.542867211265,0.0,True,False,-0.264102862423655,249.49723003815777,819.5225123181942
2022-02-04,172.38999938964844,0.3194,0.0023,172.90949478149415,58,0.1589041095890411,8.992092368195486,-0.4828911576202718,2.0708600358890066,-776.0050354846643,18325.131375912035,0.0,True,False,-0.04853388614270315,43.64211871826697,775.8803935999273
2022-02-07,171.66000366210938,0.321,0.0027,172.90949478149415,55,0.1506849315068493,9.159585831163142,-0.4970618851291492,2.0118219278474245,-721.9457948177761,18286.800133906618,0.0,True,False,-0.05903810804158205,54.07646179163537,721.803931808292
2022-02-08,174.8300018310547,0.2977,0.0025,172.90949478149415,54,0.14794520547945206,6.983957446056948,-0.437643075564331,2.2849670332622587,-912.7141189505156,18166.097316749612,0.0,True,False,0.27314510541483417,-190.7633792815941,912.5673110898861
2022-02-09,176.27999877929688,0.28,0.0026000000000000003,172.90949478149415,53,0.14520547945205478,5.834837305048197,-0.40600892895784935,2.4630000196469,-1016.599971547527,18048.520346079178,1.4210854715202004e-14,True,False,0.1780329863846415,-103.87935104862439,1016.4466621385104
2022-02-10,172.1199951171875,0.3086,0.004,172.90949478149415,52,0.14246575342465753,8.35996095579786,-0.4904889404525381,2.038781953120846,-661.9664651399917,18254.446799126315,1.4210854715202004e-14,True,False,-0.4242180665260542,354.6446472901872,661.8020148483232
2022-02-11,168.63999938964844,0.34770000000000006,0.0036,172.90949478149415,51,0.13972602739726028,11.094021120012656,-0.5491493412852977,1.8209982691766053,-420.36331522934665,18463.85594951067,0.0,True,False,-0.21778368394424064,241.60967892715666,420.19233592116655
2022-02-14,168.8800048828125,0.34630000000000005,0.0043,172.90949478149415,48,0.13150684931506848,10.662650282476307,-0.5479450902621804,1.825000383745606,-424.6454869719237,18409.289087035773,0.0,True,False,0.00400211456900057,-4.267314803965647,424.4596507251322
2022-02-15,172.7899932861328,0.30670000000000003,0.004,172.90949478149415,47,0.12876712328767123,7.598643684365001,-0.4786960487306372,2.089008260360012,-625.2603190724626,18241.101951957913,0.0,True,False,0.26400787661440606,-200.6101784258671,625.0698291509993
2022-02-16,172.5500030517578,0.299,0.0038,172.90949478149415,46,0.12602739726027398,7.448436439205125,-0.48485283748465213,2.0624814844600237,-605.5085282430241,18185.71800133655,0.0,True,False,-0.02652677589998831,19.758300422810123,605.3115287281892
2022-02-17,168.8800048828125,0.3412,0.0036,172.90949478149415,45,0.1232876712328767,10.289035129614291,-0.5529883965092108,1.808356208398929,-344.0441111398314,18404.580432648687,0.0,True,False,-0.2541252760610946,261.4703892715532,343.841139456636
2022-02-18,167.3000030517578,0.3375,0.0034999999999999996,172.90949478149415,44,0.12054794520547946,11.018453040454446,-0.5867738534079625,1.7042340830151756,-229.3209353074496,18378.4816912328,0.0,True,False,-0.10412212538375343,114.7264749013197,229.11466455531627
2022-02-22,164.32000732421875,0.34740000000000004,0.0037,172.90949478149415,40,0.1095890410958904,12.723738085151567,-0.648777350893745,1.541360836074836,-22.09458047397939,18371.093309240543,-1.4210854715202004e-14,True,False,-0.16287324694033956,207.23565351470944,21.879011040606827
2022-02-23,160.07000732421875,0.37520000000000003,0.0034000000000000002,172.90949478149415,39,0.10684931506849316,16.070275243298624,-0.7139039199577333,1.4007487170811515,203.87275918972864,18461.915234630756,0.0,True,False,-0.14061211899368464,225.96754547719706,-204.08853443659024
2022-02-24,162.74000549316406,0.3564,0.0032,172.90949478149415,38,0.10410958904109589,13.781635500227651,-0.6796444859049524,1.4713574828294111,106.56411930883115,18408.33592051398,0.0,True,False,0.0706087657482597,-97.3104272663474,-106.77810717024283
2022-02-25,164.85000610351562,0.3286,0.0033000000000000004,172.90949478149415,37,0.10136986301369863,11.755091046268078,-0.6556900072450409,1.5251109349700451,43.37741037317105,18321.159810347923,0.0,True,False,0.053753452140633984,-63.18767239643662,-43.590434773806216
2022-02-28,165.1199951171875,0.3419,0.0034999999999999996,172.90949478149415,34,0.09315068493150686,11.563228832306592,-0.6504159653909996,1.5374776346377765,29.078760418592946,18318.898843524352,0.0,True,False,0.012366699667731407,-14.299897815838815,-29.2905369579674
2022-03-01,163.1999969482422,0.38079999999999997,0.0032,172.90949478149415,33,0.09041095890410959,13.447183790894556,-0.6718232347865168,1.4884867748251769,94.95792495418587,18416.553142917408,-1.4210854715202004e-14,True,False,-0.04899085981259965,65.87890959739775,-95.16944655536516
2022-03-02,166.55999755859375,0.3444,0.0034000000000000002,172.90949478149415,32,0.08767123287671233,10.501731196236008,-0.6228492556074672,1.60552491794294,-27.951502375054247,18314.127365193886,-1.4210854715202004e-14,True,False,0.11703814311776317,-122.91031187293481,27.740865317569657
2022-03-03,166.22999572753906,0.3473,0.0038,172.90949478149415,31,0.08493150684931507,10.657919260500037,-0.6313534043196214,1.5838989592170662,-4.903021175384659,18306.203273991076,0.0,True,False,-0.021625958725873806,23.04877220312693,4.692093114442727
2022-03-04,163.1699981689453,0.3874,0.0034000000000000002,172.90949478149415,30,0.0821917808219178,13.266886882596538,-0.6786596367988242,1.4734926696346773,141.57170865409964,18413.437582586477,0.0,True,False,-0.11040628958238896,146.47477550167508,-141.78268238723234
2022-03-07,159.3000030517578,0.4283,0.0038,151.33500289916992,90,0.2465753424657534,9.486844399000141,-0.3624481030973722,2.759015681015576,-72.01703806752312,18475.418513127875,0.0,True,True,2.759015681015576,-2617.4352460196174,71.81048609516438
2022-03-08,157.44000244140625,0.4193,0.0036,151.33500289916992,89,0.24383561643835616,9.846270267670924,-0.38255608177011147,2.6139958234958285,70.77272275579752,18388.58390256672,0.0,True,False,-0.14501985751974766,142.79047113185652,-70.97998503669214
2022-03-09,162.9499969482422,0.3677,0.0038,151.33500289916992,88,0.2410958904109589,6.375907768537878,-0.3068062241625049,3.259386287646934,-340.7215478405889,18032.432782191023,0.0,True,False,0.6453904641511055,-411.49500741213006,340.5150223754379
2022-03-10,158.52000427246094,0.3816,0.0039000000000000003,151.33500289916992,87,0.23835616438356164,8.197750108268544,-0.36425213463926165,2.745351104092646,80.6680097171602,18183.23866804432,0.0,True,False,-0.514035183554288,421.3931981636005,-80.8781757881626
2022-03-11,154.72999572753906,0.4061,0.004,151.33500289916992,86,0.2356164383561644,10.32300676192986,-0.4145366947150353,2.4123316771448406,424.44507337860756,18387.696267650892,1.4210854715202004e-14,True,False,-0.3330194269478053,343.7761796236201,-424.6543554117827
2022-03-14,150.6199951171875,0.4366,0.0045000000000000005,151.33500289916992,83,0.2273972602739726,12.79309945781442,-0.46562709148447745,2.1476413599815998,763.0817276213061,18572.580191136098,0.0,True,False,-0.2646903171632409,338.6209552989784,-763.2753107107611
2022-03-15,155.08999633789062,0.3899,0.0046,151.33500289916992,82,0.22465753424657534,9.425569018579864,-0.4088055028289358,2.446151025561045,481.72899903908376,18296.365164957704,0.0,True,False,0.298509665579445,-281.3623455632253,-481.91296514753583
2022-03-16,159.58999633789062,0.3396,0.0044,151.33500289916992,81,0.2219178082191781,6.264899967272413,-0.33794192396197065,2.9590883198988127,160.3847223672356,17973.223588005323,0.0,True,False,0.5129372943377679,-321.35008385094824,-160.5628812965876
2022-03-17,160.6199951171875,0.3279,0.004,151.33500289916992,80,0.2191780821917808,5.557948004690715,-0.319050330437162,3.134301721705796,63.00378232084019,17867.03189406493,0.0,True,False,0.17521340180698308,-97.38269769681942,-63.18018359976817
2022-03-18,163.97999572753906,0.3056,0.0042,151.33500289916992,79,0.21643835616438356,3.952979603191679,-0.26046282506826823,3.8393194872930385,-215.68757742537358,17699.987157669104,1.4210854715202004e-14,True,False,0.7050177655872427,-278.6920847254143,215.51190112564615
2022-03-21,165.3800048828125,0.3204,0.0054,151.33500289916992,76,0.20821917808219179,3.801053550058029,-0.24578035363411876,4.068673452592762,-302.8758210229467,17781.64923435876,0.0,True,False,0.2293539652997234,-87.17867040223996,302.6905715278861
2022-03-22,168.82000732421875,0.3007,0.0051,151.33500289916992,75,0.2054794520547945,2.569022010547748,-0.18997687108462957,5.263798662914745,-609.9103500838073,17624.371844750047,0.0,True,False,1.195125210321983,-307.03029706776806,609.7208685956541
2022-03-23,170.2100067138672,0.3209,0.005,151.33500289916992,74,0.20273972602739726,2.682889350663121,-0.18600357696857417,5.376240695462286,-640.0856582462071,17823.30090398626,0.0,True,False,0.11244203254754126,-30.166953168871448,639.8878217645256
2022-03-24,174.07000732421875,0.3074,0.005200000000000001,151.33500289916992,73,0.2,1.766304494801652,-0.1368895691575488,7.3051585022455665,-980.800396562146,17716.513765635213,0.0,True,False,1.9289178067832804,-340.7056192224253,980.5934409869509
2022-03-25,174.72000122070312,0.29910000000000003,0.0055000000000000005,151.33500289916992,72,0.19726027397260273,1.5093539486186138,-0.12379196927569991,8.078068438937887,-1097.4746423448662,17593.791929277675,0.0,True,False,0.7729099366923204,-116.65946648731168,1097.2529074742627
2022-03-28,175.60000610351562,0.3078,0.0059,151.33500289916992,69,0.18904109589041096,1.4371083989562834,-0.11771798704481262,8.494878523698524,-1157.4279909964132,17623.3787468072,1.4210854715202004e-14,True,False,0.4168100847606375,-59.90012735791926,1157.153034832182
2022-03-29,178.9600067138672,0.2959,0.0055000000000000005,151.33500289916992,68,0.1863013698630137,0.9136034597136309,-0.0830774097076955,10.0,-1294.9538506274027,17514.650280472946,16.92259029230449,True,False,1.5051214763014755,-137.50841880383157,1294.6614536360134
2022-03-30,177.77000427246094,0.30829999999999996,0.0055000000000000005,151.33500289916992,67,0.18356164383561643,1.1486258359222816,-0.09808713318477369,10.0,-1294.973363777648,17630.652899390727,1.9128668152263089,False,False,0.0,0.0,1294.6614536360134
2022-03-31,174.61000061035156,0.31629999999999997,0.005200000000000001,151.33500289916992,66,0.18082191780821918,1.5864409857646748,-0.12758722637938602,7.837775209772627,-951.9676100793463,17752.44923395517,0.0,True,False,-2.1622247902273726,343.024202765313,951.6372508707004
2022-04-01,174.30999755859375,0.2998,0.0053,151.33500289916992,65,0.1780821917808219,1.340270735363056,-0.11743780298897466,8.515145673270831,-1042.7674141936259,17529.49239698957,1.4210854715202004e-14,True,False,0.6773704634982041,-90.7859809225952,1042.4232317932956
2022-04-04,178.44000244140625,0.2979,0.006600000000000001,151.33500289916992,62,0.16986301369863013,0.8217512695207905,-0.0789120546375669,10.0,-1164.8420750933367,17500.90943856808,21.087945362433103,True,False,1.4848543267291685,-122.01809280431328,1164.4413245976089
2022-04-05,175.05999755859375,0.3164,0.006500000000000001,151.33500289916992,61,0.16712328767123288,1.3467325981256657,-0.1152672279995044,8.675492742866165,-986.4871090774088,17687.869534944017,0.0,True,False,-1.3245072571338348,178.37570996361484,986.0656146339941
2022-04-06,171.8300018310547,0.3358,0.0067,151.33500289916992,60,0.1643835616438356,2.0401500949134963,-0.15647632755048457,6.39074303221595,-520.3819834594823,17966.4257000203,-1.4210854715202004e-14,True,False,-2.284749710650215,466.1232339036619,519.9423807303322
2022-04-07,172.13999938964844,0.33299999999999996,0.0068000000000000005,151.33500289916992,59,0.16164383561643836,1.9006524406553353,-0.1498027682743731,6.675444062344947,-574.503449114604,17908.26639480565,1.4210854715202004e-14,True,False,0.2847010301289963,-54.111770777176496,574.0541515075087
2022-04-08,170.08999633789062,0.3311,0.006999999999999999,151.33500289916992,58,0.1589041095890411,2.1476412009840793,-0.1686268674596214,5.930253079269561,-414.47418130916935,17868.131037010095,0.0,True,False,-0.7451909830753856,160.04028578545277,414.0138657220559
2022-04-11,165.75,0.3667,0.0077,151.33500289916992,55,0.1506849315068493,3.5114059692721753,-0.23622355519832272,4.233278087616812,181.37639829454554,18242.852192939223,0.0,True,False,-1.6969749916527492,595.8768115395064,-181.8629458174505
2022-04-12,167.66000366210938,0.3514,0.0074,151.33500289916992,54,0.14794520547945206,2.741465227591185,-0.20225142679576558,4.944340892140181,-13.55531977147686,18107.91890935541,0.0,True,False,0.7110628045233689,-194.93539532342837,13.072449505977858
2022-04-13,170.39999389648438,0.3259,0.0075,151.33500289916992,53,0.14520547945205478,1.7747892777481233,-0.15237541024239953,6.562738688671586,-300.78710394981914,17903.96011143033,-1.4210854715202004e-14,True,False,1.6183977965314051,-287.2315056415127,300.30395514749057
2022-04-14,165.2899932861328,0.3523,0.0079,151.33500289916992,52,0.14246575342465753,3.145427105973873,-0.23017264164265616,4.344564987669141,396.91675428224164,18292.46733048348,-1.4210854715202004e-14,True,False,-2.2181737010024447,697.7103684891474,-397.40641334165684
2022-04-18,165.07000732421875,0.34630000000000005,0.008100000000000001,151.33500289916992,48,0.13150684931506848,2.8300838765088585,-0.2227188282861685,4.489966150123208,355.8022404558333,18133.50105363113,1.4210854715202004e-14,True,False,0.14540116245406676,-41.149748548689956,-356.2566647929669
2022-04-19,167.39999389648438,0.2865,0.008100000000000001,151.33500289916992,47,0.12876712328767123,1.3836834764050856,-0.14849859887468742,6.7340702712209675,45.297157259229266,17717.07872323158,0.0,True,False,2.2441041210977595,-310.51297916955275,-45.74368562341414
2022-04-20,167.22999572753906,0.3478,0.008199999999999999,151.33500289916992,46,0.12602739726027398,2.2863636425150133,-0.18970123829390118,5.271446876117464,379.7070702310784,18307.951091085415,1.4210854715202004e-14,True,False,-1.4626233951035035,334.4088953256522,-380.15258094906636
2022-04-21,166.4199981689453,0.36710000000000004,0.0083,151.33500289916992,45,0.1232876712328767,2.7012737391068455,-0.2090984959523543,4.782435165042328,511.8111540882961,18445.677623013824,-1.4210854715202004e-14,True,False,-0.4890117110751362,132.09544932429696,-512.2480302733634
2022-04-22,161.7899932861328,0.42240000000000005,0.0083,151.33500289916992,44,0.12054794520547946,4.802736143327046,-0.2960980064061347,3.377260158342226,1186.6912719038867,18987.699543306033,0.0,True,False,-1.4051750067001016,674.8684792378402,-1187.1165095112037
2022-04-25,162.8800048828125,0.4203,0.0091,151.33500289916992,41,0.11232876712328767,4.171321237506142,-0.2743898125263248,3.64445017398035,1075.3264945599055,18883.544223816873,0.0,True,False,0.26719001563812395,-111.45353866809046,-1075.6629708431133
2022-04-26,156.8000030517578,0.47450000000000003,0.0083,151.33500289916992,40,0.1095890410958904,7.096138747486961,-0.3782148830671481,2.6439996012067573,1785.2845549082285,19341.503661930343,1.4210854715202004e-14,True,False,-1.0004505727735928,709.9336074404216,-1785.5965782835349
2022-04-27,156.57000732421875,0.46130000000000004,0.008199999999999999,151.33500289916992,39,0.10684931506849316,6.810540435123066,-0.37952284816807336,2.6348874773335007,1791.5305119302272,19243.032014990025,0.0,True,False,-0.00911212387325655,6.205848808866394,-1791.8024270924013
2022-04-28,163.63999938964844,0.4194,0.008199999999999999,151.33500289916992,38,0.10410958904109589,3.68036036117271,-0.25731535058663835,3.8862819405066897,1331.0125026197054,19125.30424220277,-1.4210854715202004e-14,True,False,1.251394463173189,-460.55825784536074,-1331.2441692470406
2022-04-29,157.64999389648438,0.4105,0.0085,151.33500289916992,37,0.10136986301369863,5.229854006184446,-0.3502167636904855,2.8553744528453806,1870.1930645972943,19128.511606382745,0.0,True,False,-1.0309074876613091,539.149565435104,-1870.3937346821447
2022-05-02,157.9600067138672,0.3882,0.009000000000000001,151.33500289916992,34,0.09315068493150686,4.416690156192772,-0.3343461087462877,2.990912631673041,1810.4683987411902,18927.462507962206,0.0,True,False,0.13553817882766017,-59.86301402164222,-1810.5307206605025
2022-05-03,159.47999572753906,0.3736,0.0091,151.33500289916992,33,0.09041095890410959,3.5897544021189773,-0.2980032903815425,3.355667646218504,1679.5754450931993,18832.177288353218,0.0,True,False,0.3647550145454632,-130.9380919159548,-1679.5926287445477
2022-05-04,166.02000427246094,0.3322,0.0089,151.33500289916992,32,0.08767123287671233,1.4272199971240838,-0.15898021071152701,6.290091046705941,1260.8096239034546,18760.544423708536,0.0,True,False,2.9344234004874368,-418.8067757204524,-1260.7858530240953
2022-05-05,156.77000427246094,0.40380000000000005,0.0085,151.33500289916992,31,0.08493150684931507,4.788676852662277,-0.35762869392954455,2.796196214045977,2933.9523166448553,19949.960752461335,1.4210854715202004e-14,True,False,-3.4938948326599637,1673.113331079511,-2933.8991841036063
2022-05-06,157.27999877929688,0.39020000000000005,0.0085,151.33500289916992,30,0.0821917808219178,4.273515738253266,-0.34214312359637833,2.9227534649496176,2879.9362020047106,19856.979373084047,0.0,True,False,0.12655725090364056,-54.08444035267753,-2879.8147437509288
2022-05-09,152.05999755859375,0.4341,0.0092,144.45699768066405,90,0.2465753424657534,9.134445389509025,-0.3608234732729906,2.771438318380754,2316.273950348573,20053.828903172118,0.0,True,True,2.771438318380754,-2531.5551969641724,-2315.9347133427805
2022-05-10,154.50999450683594,0.4143,0.0089,144.45699768066405,89,0.24383561643835616,7.6746828162974765,-0.32933455324179894,3.036425999508759,2112.9607897574497,19894.32088457992,1.4210854715202004e-14,True,False,0.26498768112800475,-203.36964028836132,-2112.5650730544194
2022-05-11,146.5,0.4498,0.0091,144.45699768066405,88,0.2410958904109589,11.632747027529305,-0.4270265998847762,2.3417744943051044,2921.0839929432013,20295.211021720366,0.0,True,False,-0.6946515052036544,808.0705232326568,-2920.635596287076
2022-05-12,142.55999755859375,0.4708,0.0096,144.45699768066405,87,0.23835616438356164,13.913598270944746,-0.4731431338082319,2.113525334186307,3238.737534421406,20435.411533814033,0.0,True,False,-0.22824916011879726,317.5767119573488,-3238.212308244425
2022-05-13,147.11000061035156,0.41270000000000007,0.0103,144.45699768066405,86,0.2356164383561644,10.17711578961083,-0.4195193978098688,2.3836800043587307,2963.8893942773148,20100.788196286354,-1.4210854715202004e-14,True,False,0.27015467017242356,-274.93953594488784,-2963.2727722995373
2022-05-16,145.5399932861328,0.4132,0.010700000000000001,144.45699768066405,83,0.2273972602739726,10.66303203272777,-0.4408657479157393,2.2682642158699196,3087.218290575214,20059.8750184396,0.0,True,False,-0.11541578848881118,123.06822497387266,-3086.34099727341
2022-05-17,149.24000549316406,0.3714,0.0106,144.45699768066405,82,0.22465753424657534,7.9258815763363515,-0.3872143875022763,2.582548666258227,2838.209814573327,19809.10785327854,1.4210854715202004e-14,True,False,0.3142844503883073,-249.0981335061681,-2837.242863767242
2022-05-18,140.82000732421875,0.434,0.0103,144.45699768066405,81,0.2219178082191781,13.32845623044686,-0.5045148423065862,1.9821022418847192,3638.592296250656,20362.429326195637,0.0,True,False,-0.6004464243735077,800.3023885990619,-3637.545252366304
2022-05-19,137.35000610351562,0.4217,0.0105,144.45699768066405,80,0.2191780821917808,14.780482979628161,-0.5577107494961755,1.7930441557803567,3918.133951972065,20303.340424946957,0.0,True,False,-0.18905808610436248,279.43698238266046,-3916.9822347489644
2022-05-20,137.58999633789062,0.4257,0.0103,144.45699768066405,79,0.21643835616438356,14.687496214521147,-0.5539461618146055,1.8052295853521583,3900.3471749810533,20310.777078890256,1.4210854715202004e-14,True,False,0.012185429571801576,-17.897345070814968,-3899.0848896781495
2022-05-23,143.11000061035156,0.40850000000000003,0.010700000000000001,144.45699768066405,76,0.20821917808219179,11.185471663058806,-0.47811091818152573,2.091564869096604,3580.4106866528427,20230.924705160935,0.0,True,False,0.2863352837444457,-320.27952024574006,-3578.8053694324094
2022-05-24,140.36000061035156,0.4292,0.0106,144.45699768066405,75,0.2054794520547945,13.01749919084206,-0.5157179116121532,1.9390445386586694,3779.0579950190463,20339.2091273538,0.0,True,False,-0.15252033043793456,198.5433278062777,-3777.3486972386872
2022-05-25,140.52000427246094,0.41409999999999997,0.0106,144.45699768066405,74,0.20273972602739726,12.483874911533036,-0.5173258225298929,1.9330177548641823,3786.691506099195,20251.84711869498,0.0,True,False,-0.006026783794487178,7.523761500923236,-3784.8724587396105
2022-05-26,143.77999877929688,0.3946,0.010700000000000001,144.45699768066405,73,0.2,10.307313615033635,-0.4706076020680692,2.124912550510306,3589.010530865427,20157.224415058186,1.4210854715202004e-14,True,False,0.19189479564612366,-197.79198398173875,-3587.080474757872
2022-05-27,149.63999938964844,0.3679,0.0108,144.45699768066405,72,0.19726027397260273,7.068366104759114,-0.3781016347910029,2.644791526893963,3221.647234291933,20055.082651541918,-1.4210854715202004e-14,True,False,0.5198789763836569,-367.46949352471046,-3219.6109812331615
2022-05-31,148.83999633789062,0.3834,0.0116,144.45699768066405,68,0.1863013698630137,7.49306471009038,-0.39111200376954947,2.556812346238339,3287.98017609195,20087.8158460732,1.4210854715202004e-14,True,False,-0.0879791806556236,65.92336937933194,-3285.5343506124937
2022-06-01,148.7100067138672,0.37450000000000006,0.0115,144.45699768066405,67,0.18356164383561643,7.259556592232379,-0.3919563222014153,2.551304682071509,3292.0820915908967,20015.21683533017,1.4210854715202004e-14,True,False,-0.0055076641668301285,3.998319971011371,-3289.532670583505
2022-06-02,151.2100067138672,0.3505,0.0117,144.45699768066405,66,0.18082191780821918,5.690282172851731,-0.346327004568605,2.88744448688207,3100.914586407289,19864.952646674414,0.0,True,False,0.33613980481056105,-191.2730338899396,-3098.2596366935654
2022-06-03,145.3800048828125,0.3764,0.0121,144.45699768066405,65,0.1780821917808219,8.559898062477075,-0.44706354187768127,2.2368184974332013,3657.9466002017243,20110.64092071211,-1.4210854715202004e-14,True,False,-0.6506259894488688,556.9292146480602,-3655.1888513416257
2022-06-06,146.13999938964844,0.3658,0.0126,144.45699768066405,62,0.16986301369863013,7.7616178528187945,-0.43391781514134564,2.304583875345743,3605.7285460802455,20008.45842006527,-1.4210854715202004e-14,True,False,0.06776537791254178,-52.59689670089967,-3602.591954640726
2022-06-07,148.7100067138672,0.34700000000000003,0.0126,144.45699768066405,61,0.16712328767123288,6.199649678404491,-0.3857858648288448,2.59211156023991,3427.5959280351876,19905.6149595049,0.0,True,False,0.287527684894167,-178.25709191865104,-3424.334862722075
2022-06-08,147.9600067138672,0.3442,0.0128,144.45699768066405,60,0.1643835616438356,6.362661887316889,-0.3987647009364935,2.5077445361926807,3481.3960156123308,19872.989745355084,1.4210854715202004e-14,True,False,-0.0843670240472294,53.679884845165404,-3478.01474756724
2022-06-09,142.63999938964844,0.3719,0.013000000000000001,144.45699768066405,59,0.16164383561643836,9.323897793291323,-0.4983406576859787,2.006659469936595,3948.726607098705,20083.715326426445,-1.4210854715202004e-14,True,False,-0.5010850662560857,467.2065943516354,-3945.2213419188756
2022-06-10,137.1300048828125,0.39549999999999996,0.0139,144.45699768066405,58,0.1589041095890411,12.777268732311441,-0.5937970736635095,1.684077009390376,4361.049264798939,20225.84020456901,1.4210854715202004e-14,True,False,-0.32258246054621886,412.1722786729291,-4357.393620591804
2022-06-13,131.8800048828125,0.45520000000000005,0.0173,144.45699768066405,55,0.1506849315068493,17.00350324882055,-0.6599766446111661,1.5152051336440293,4648.810763037928,20413.19079257376,-1.4210854715202004e-14,True,False,-0.16887187574634677,287.14134878874273,-4644.534969380547
2022-06-14,132.75999450683594,0.4322,0.0183,144.45699768066405,54,0.14794520547945206,15.905348755442745,-0.6585570348217811,1.5184713656131852,4643.848790383908,20335.029905590614,2.842170943040401e-14,True,False,0.003266231969155875,-5.19505585856007,-4639.339913521987
2022-06-15,135.42999267578125,0.399,0.0174,144.45699768066405,53,0.14520547945205478,13.493406961466675,-0.6299659169152755,1.5873874651769306,4551.078875896746,20236.004650791205,-1.4210854715202004e-14,True,False,0.06891609956374545,-92.99129776105734,-4546.3486157609295
2022-06-16,130.05999755859375,0.4362,0.0159,144.45699768066405,52,0.14246575342465753,17.719960274342796,-0.7059469426886454,1.4165370504919734,4854.0233887992135,20370.12117084384,-1.4210854715202004e-14,True,False,-0.1708504146849572,302.7462561072435,-4849.094871868173
2022-06-17,131.55999755859375,0.402,0.0163,144.45699768066405,51,0.13972602739726028,16.012636304905186,-0.7026576155250692,1.4231682371402725,4843.6218843482675,20278.48917840967,-2.842170943040401e-14,True,False,0.006631186648299092,-10.618278006915657,-4838.476593861257
2022-06-21,135.8699951171875,0.37920000000000004,0.017,144.45699768066405,47,0.12876712328767123,12.433695347435503,-0.6429102650042282,1.5554270236973482,4680.077795895122,20201.04788239599,-1.4210854715202004e-14,True,False,0.13225878655707568,-164.4465459072177,-4674.030047954039
2022-06-22,135.35000610351562,0.3876,0.0161,144.45699768066405,46,0.12602739726027398,12.863241517480404,-0.6516195430946458,1.534637827544029,4707.0258818637985,20216.06819397139,0.0,True,False,-0.02078919615331909,26.7416451074418,-4700.771693061481
2022-06-23,138.27000427246094,0.3803,0.0165,144.45699768066405,45,0.1232876712328767,10.827648995559528,-0.5970862267790769,1.6747999788814458,4555.476012320736,20195.89107047671,-1.4210854715202004e-14,True,False,0.14016215133741672,-151.76265771440427,-4549.009035347076
2022-06-24,141.66000366210938,0.3613,0.0173,144.45699768066405,44,0.12054794520547946,8.46420028025372,-0.5304959936301645,1.8850283734605362,4377.750410888621,20139.276545792647,0.0,True,False,0.21022839457909037,-177.94152363136263,-4371.067511715713
2022-06-27,141.66000366210938,0.3893,0.0179,144.45699768066405,41,0.11232876712328767,8.754095490565348,-0.5275861604829405,1.8954250033485005,4369.293218220846,20194.566731883577,0.0,True,False,0.010396629887964304,-9.101309081930523,-4361.966202633783
2022-06-28,137.44000244140625,0.4136,0.0179,144.45699768066405,40,0.1095890410958904,11.515649695085756,-0.610602939329177,1.6377254932618306,4666.2652268780885,20296.21277873019,0.0,True,False,-0.2576995100866699,296.7577284753309,-4658.723931109113
2022-06-29,139.22999572753906,0.4156,0.0178,144.45699768066405,39,0.10684931506849316,10.402533627944507,-0.5750957980448848,1.738840734708259,4561.307322814101,20293.141817212247,0.0,True,False,0.10111524144642847,-105.18546994442002,-4553.538461164693
2022-06-30,136.72000122070312,0.44200000000000006,0.0172,144.45699768066405,38,0.10410958904109589,12.273247184543166,-0.6187181539843642,1.6162448015470243,4711.987290826495,20367.644608908762,-1.4210854715202004e-14,True,False,-0.12259593316123474,150.46501915075666,-4704.003480315449
2022-07-01,138.92999267578125,0.4167,0.0173,144.45699768066405,37,0.10136986301369863,10.417202227942028,-0.5849187224802065,1.7096392397216176,4614.919756464373,20288.88479374301,0.0,True,False,0.09339443817459325,-97.29087494297669,-4606.712605372472
2022-07-05,141.55999755859375,0.41759999999999997,0.019,144.45699768066405,33,0.09041095890410959,8.555141366711894,-0.5338185440862314,1.8732957314395264,4475.870329087686,20234.50106535937,0.0,True,False,0.16365649171790886,-140.01044222268243,-4466.70216314979
2022-07-06,142.9199981689453,0.4033,0.019,144.45699768066405,32,0.08767123287671233,7.503254592464245,-0.5063512802266639,1.9749135413508947,4399.856895772846,20173.68462255347,0.0,True,False,0.10161780991136826,-76.24642988936326,-4390.455733260427
2022-07-07,146.35000610351562,0.3803,0.0195,144.45699768066405,31,0.08493150684931507,5.410578827420885,-0.42550591913558256,2.350143570344462,4197.070797871325,20103.635112533397,1.4210854715202004e-14,True,False,0.3752300289935673,-203.02116502851197,-4187.434568231915
2022-07-08,147.0399932861328,0.3663,0.0198,144.45699768066405,30,0.0821917808219178,4.792585141198266,-0.4064182725002866,2.4605192917336036,4144.399976536169,20027.624124868864,1.4210854715202004e-14,True,False,0.11037572138914165,-52.89850422786399,-4134.536064004052
2022-07-11,144.8699951171875,0.39299999999999996,0.021800000000000003,137.62649536132812,90,0.2465753424657534,7.416774449861052,-0.349022615456953,2.865143849463061,3457.8968063203592,20069.908887826525,0.0,True,True,2.865143849463061,-2125.0125697874173,-3447.290241617102
2022-07-12,145.86000061035156,0.4004,0.0222,137.62649536132812,89,0.24383561643835616,7.212155808776828,-0.3372021644926688,2.965580014898573,3385.671001236041,20110.49357535552,1.4210854715202004e-14,True,False,0.10043616543551215,-72.43612739569994,-3374.8541142214017
2022-07-13,145.49000549316406,0.3979,0.0239,137.62649536132812,88,0.2410958904109589,7.192952878668905,-0.3403247872966829,2.9383695732048927,3405.465042867371,20068.0209802015,0.0,True,False,-0.027210441693680476,19.572342491041137,-3394.426456712443
2022-07-14,148.47000122070312,0.3987,0.024,137.62649536132812,87,0.23835616438356164,6.199463309438151,-0.3028120342101258,3.302378660770414,3180.0228729519877,20074.32052915407,-1.4210854715202004e-14,True,False,0.3640090875655213,-225.66609826645083,-3168.760358445992
2022-07-15,150.1699981689453,0.3679,0.023700000000000002,137.62649536132812,86,0.2356164383561644,4.899879642388704,-0.2712643483965639,3.6864409418744946,2992.0434680736116,19815.35497736405,0.0,True,False,0.3840622811040806,-188.18589525912523,-2980.574463186867
2022-07-18,147.07000732421875,0.387,0.025,137.62649536132812,83,0.2273972602739726,6.107541478542238,-0.31465711839681054,3.178062537072215,3303.1525541075266,19951.168163186376,1.4210854715202004e-14,True,False,-0.5083784048022797,310.49421941250597,-3291.068682599373
2022-07-19,151.0,0.36340000000000006,0.0252,137.62649536132812,82,0.22465753424657534,4.366320816404986,-0.25546507519953754,3.9144293959513816,2981.859220808975,19791.02467639799,0.0,True,False,0.7363668588791668,-321.52139444348586,-2969.547288155887
2022-07-20,153.0399932861328,0.35340000000000005,0.025099999999999997,137.62649536132812,81,0.2219178082191781,3.6071489119895404,-0.2253205530674245,4.438121540118721,2793.1607269352144,19698.056584020153,0.0,True,False,0.5236921441673394,-188.9035548050688,-2780.6437333508184
2022-07-21,155.35000610351562,0.34850000000000003,0.0248,137.62649536132812,80,0.2191780821917808,2.978263975084566,-0.19562333821471078,5.111864510268338,2592.6920736159655,19650.14087561208,0.0,True,False,0.6737429701496174,-200.65844164630818,-2579.98529170451
2022-07-22,154.08999633789062,0.35259999999999997,0.024900000000000002,137.62649536132812,79,0.21643835616438356,3.2745076892798295,-0.2107879919988882,4.7441032599488615,2713.2926551704218,19675.752549303492,0.0,True,False,-0.36776125031947693,120.42370419902913,-2700.408995903539
2022-07-25,152.9499969482422,0.364,0.0262,137.62649536132812,76,0.20821917808219179,3.614227412114573,-0.22618467831099975,4.421165958133638,2830.5938900780184,19723.503504841676,0.0,True,False,-0.32293730181522307,116.71688486148965,-2817.125880765029
2022-07-26,151.60000610351562,0.3764,0.0255,137.62649536132812,75,0.2054794520547945,4.155039351014338,-0.24737169823716953,4.042499635674742,2988.128997877796,19827.804114498325,1.4210854715202004e-14,True,False,-0.37866632245889686,157.3373470720601,-2974.463227837089
2022-07-27,156.7899932861328,0.35100000000000003,0.0244,137.62649536132812,74,0.20273972602739726,2.513973050839688,-0.1748470271735192,5.719285115483229,2566.789408103727,19683.60160175635,0.0,True,False,1.6767854798084878,-421.53935082778344,-2552.9238770093057
2022-07-28,157.35000610351562,0.33340000000000003,0.0242,137.62649536132812,73,0.2,2.07371445689526,-0.15738668478601658,6.353777648722972,2435.383961502262,19487.976628459306,0.0,True,False,0.6344925332397429,-131.57563389713513,-2421.3482431121706
2022-07-29,162.50999450683594,0.276,0.024100000000000003,137.62649536132812,72,0.19726027397260273,0.677780236052401,-0.07271551216022243,10.0,2188.411024280549,19117.19071101654,27.28448783977757,True,False,3.6462223512770278,-247.13374459480843,-2174.2144985173622
2022-08-01,161.50999450683594,0.2957,0.0256,137.62649536132812,69,0.18904109589041096,0.9025496888149878,-0.0890552256841588,10.0,2188.8715383895533,19242.420677888134,10.944774315841201,False,False,0.0,0.0,-2174.2144985173622
2022-08-02,160.00999450683594,0.3106,0.0256,137.62649536132812,68,0.1863013698630137,1.2070829824245521,-0.10997706175740873,9.092805208833775,2298.531004042622,19397.107497734676,0.0,True,False,-0.9071947911662246,109.50593941609452,-2283.7204379334567
2022-08-03,166.1300048828125,0.2927,0.0252,137.62649536132812,67,0.18356164383561643,0.5075999376483775,-0.05473860765527183,10.0,2252.6405006772875,19373.240926606915,45.261392344728165,True,False,0.9071947911662246,-46.04920194309085,-2237.671235990366
2022-08-04,165.80999755859375,0.2865,0.025,137.62649536132812,66,0.18082191780821918,0.4612421254131487,-0.051846573508447236,10.0,2252.7947964065793,19295.0366776791,48.153426491552764,False,False,0.0,0.0,-2237.671235990366
2022-08-05,165.35000610351562,0.2782,0.0258,137.62649536132812,65,0.1780821917808219,0.4078840970511539,-0.0483517461873223,10.0,2252.9540406804813,19195.8387480832,51.6482538126777,False,False,0.0,0.0,-2237.671235990366
2022-08-08,164.8699951171875,0.2813,0.0265,137.62649536132812,62,0.16986301369863013,0.4076408183740732,-0.04899609599060417,10.0,2253.4448060323957,19148.085136125217,51.003904009395825,False,False,0.0,0.0,-2237.671235990366
2022-08-09,164.9199981689453,0.29100000000000004,0.0267,137.62649536132812,61,0.16712328767123288,0.45766669952230465,-0.05285542444358238,10.0,2253.6096530926766,19203.276169509514,47.14457555641762,False,False,0.0,0.0,-2237.671235990366
2022-08-10,169.24000549316406,0.2611,0.0265,137.62649536132812,60,0.1643835616438356,0.1387888009032845,-0.020312197209644278,10.0,2253.773277267474,19316.562627487165,79.68780279035572,False,False,0.0,0.0,-2237.671235990366
2022-08-11,168.49000549316406,0.26480000000000004,0.0262,137.62649536132812,59,0.16164383561643836,0.16078044045931295,-0.02310245444156689,10.0,2253.93506077214,19263.716050547857,76.89754555843311,False,False,0.0,0.0,-2237.671235990366
2022-08-12,172.10000610351562,0.25260000000000005,0.0263,137.62649536132812,58,0.1589041095890411,0.063290697201968,-0.010394878508701355,10.0,2254.097473451042,19527.38878100457,89.60512149129865,False,False,0.0,0.0,-2237.671235990366
2022-08-15,173.19000244140625,0.2549,0.027200000000000002,137.62649536132812,55,0.1506849315068493,0.046108108378595025,-0.007893494640464405,10.0,2254.60145952145,19619.70981204067,92.10650535953559,False,False,0.0,0.0,-2237.671235990366
2022-08-16,173.02999877929688,0.2556,0.027000000000000003,137.62649536132812,54,0.14794520547945206,0.04514327596353218,-0.007796987836495739,10.0,2254.7682444282327,19602.911398321452,92.20301216350425,False,False,0.0,0.0,-2237.671235990366
2022-08-17,174.5500030517578,0.277,0.0268,137.62649536132812,53,0.14520547945205478,0.06175991656312685,-0.009608749245080705,10.0,2254.933806092479,19771.694027831385,90.3912507549193,False,False,0.0,0.0,-2237.671235990366
2022-08-18,174.14999389648438,0.27640000000000003,0.0271,137.62649536132812,52,0.14246575342465753,0.060155430401916066,-0.009505857427533848,10.0,2255.101233420581,19730.256053470934,90.49414257246616,False,False,0.0,0.0,-2237.671235990366
2022-08-19,171.52000427246094,0.28190000000000004,0.027400000000000004,137.62649536132812,51,0.13972602739726028,0.09724680620061843,-0.014691693012411244,10.0,2255.2705268262976,19504.51776027301,85.30830698758875,False,False,0.0,0.0,-2237.671235990366
2022-08-22,167.57000732421875,0.3024,0.0282,137.62649536132812,48,0.13150684931506848,0.22029347677921862,-0.029797289631974366,10.0,2255.7933158665487,19233.08752506764,70.20271036802563,False,False,0.0,0.0,-2237.671235990366
2022-08-23,167.22999572753906,0.3032,0.027999999999999997,137.62649536132812,47,0.12876712328767123,0.22122284994620411,-0.03017601057525532,10.0,2255.966369662621,19200.18879236273,69.82398942474468,False,False,0.0,0.0,-2237.671235990366
2022-08-24,167.52999877929688,0.2934,0.0282,137.62649536132812,46,0.12602739726027398,0.16469930775034314,-0.024196595415701516,10.0,2256.140672975688,19173.83985865572,75.80340458429848,False,False,0.0,0.0,-2237.671235990366
2022-08-25,170.02999877929688,0.2776,0.0288,137.62649536132812,45,0.1232876712328767,0.07152330370404991,-0.012088114965331798,10.0,2256.318698769988,19330.841880403725,87.9118850346682,False,False,0.0,0.0,-2237.671235990366
2022-08-26,163.6199951171875,0.3212,0.028900000000000002,137.62649536132812,44,0.12054794520547946,0.4040746026514803,-0.05067853634344399,10.0,2256.4973568301775,19022.571471200405,49.321463656556006,False,False,0.0,0.0,-2237.671235990366
2022-08-29,161.3800048828125,0.33490000000000003,0.029700000000000004,137.62649536132812,41,0.11232876712328767,0.5495275664741648,-0.06624499436429532,10.0,2257.0482567098616,18944.576311465276,33.75500563570468,False,False,0.0,0.0,-2237.671235990366
2022-08-30,158.91000366210938,0.33390000000000003,0.029700000000000004,137.62649536132812,40,0.1095890410958904,0.6956129971171876,-0.08293315120818567,10.0,2257.231919889548,18843.845283217674,17.066848791814323,False,False,0.0,0.0,-2237.671235990366
2022-08-31,157.22000122070312,0.3315,0.0296,137.62649536132812,39,0.10684931506849316,0.7916916778770648,-0.09481007193998514,10.0,2257.4149795445483,18771.106779491925,5.189928060014864,False,False,0.0,0.0,-2237.671235990366
2022-09-01,157.9600067138672,0.3318,0.029700000000000004,137.62649536132812,38,0.10410958904109589,0.6927775229817286,-0.08541504889226914,10.0,2257.5986725656358,18746.376866934082,14.58495110773086,False,False,0.0,0.0,-2237.671235990366
2022-09-02,155.80999755859375,0.3372,0.0294,137.62649536132812,37,0.10136986301369863,0.9098006560901766,-0.10798645963411757,9.260420272951118,2325.0675369136306,18748.580936773174,1.4210854715202004e-14,True,False,-0.7395797270488824,67.2870120900067,-2304.9582480803724
2022-09-06,154.52999877929688,0.354,0.0304,137.62649536132812,33,0.09041095890410959,1.0333088364797227,-0.12152892036881358,8.228494065159303,2432.4721107099253,18735.72955148462,-1.4210854715202004e-14,True,False,-1.0319262077918143,106.62984691062921,-2411.5880949910015
2022-09-07,155.9600067138672,0.3287,0.030699999999999998,137.62649536132812,32,0.08767123287671233,0.6306435762284792,-0.0867189963315026,10.0,2320.9578297381295,18547.602077353327,13.281003668497405,True,False,1.7715059348406967,-111.71888380579122,-2299.86921118521
2022-09-08,154.4600067138672,0.3221,0.030600000000000002,137.62649536132812,31,0.08493150684931507,0.6809373150804756,-0.09613423126866172,10.0,2321.152416825063,18448.090403292255,3.865768731338278,False,False,0.0,0.0,-2299.86921118521
2022-09-09,157.3699951171875,0.2963,0.0308,137.62649536132812,30,0.0821917808219178,0.28462022531496256,-0.04943072355491862,10.0,2321.3482921973273,18342.96802923104,50.56927644508138,False,False,0.0,0.0,-2299.86921118521
2022-09-12,163.42999267578125,0.3062,0.0317,155.25849304199218,90,0.2465753424657534,5.645706066464662,-0.32104394662003155,3.1148383594459745,645.9413014783111,18747.48675125453,0.0,True,True,3.1148383594459745,-1758.5461821980973,-623.8573191390785
2022-09-13,153.83999633789062,0.3592,0.032799999999999996,155.25849304199218,89,0.24383561643835616,10.96916598006112,-0.4673113335073439,2.1399010216478835,1715.4242981651348,19446.716880689997,-1.4210854715202004e-14,True,False,-0.974937337798091,1069.4249478466177,-1693.2822669856962
2022-09-14,155.30999755859375,0.3473,0.032400000000000005,155.25849304199218,88,0.2410958904109589,9.89254319013979,-0.44708991932049247,2.236686529456637,1619.8310965861608,19363.4826619909,-1.4210854715202004e-14,True,False,0.09678550780875339,-95.74548161777048,-1597.5367853679256
2022-09-15,152.3699951171875,0.3611,0.0322,155.25849304199218,87,0.23835616438356164,11.634332653203487,-0.4899641043106918,2.0409658405626563,1847.6819632282586,19459.20902724011,-1.4210854715202004e-14,True,False,-0.19572068889398064,227.707960170672,-1825.2447455385977
2022-09-16,150.6999969482422,0.3822,0.032,155.25849304199218,86,0.2356164383561644,13.039917449963767,-0.5108614682652701,1.95747783326798,1956.7116312034698,19579.246261622528,0.0,True,False,-0.0834880072946762,108.86767231845504,-1934.1124178570528
2022-09-19,154.47999572753906,0.3617,0.0337,155.25849304199218,83,0.2273972602739726,10.400483648536593,-0.4595664342795599,2.175963963877501,1730.0175457051787,19441.124881070366,-1.4210854715202004e-14,True,False,0.2184861306095207,-227.23614288363507,-1706.8762749734178
2022-09-20,156.89999389648438,0.37229999999999996,0.0335,155.25849304199218,82,0.22465753424657534,9.586740478317608,-0.4244661806057539,2.3559002947488166,1557.6760447558704,19506.215906259193,0.0,True,False,0.17993633087131577,-172.50029066839932,-1534.3759843050184
2022-09-21,153.72000122070312,0.3915,0.033100000000000004,155.25849304199218,81,0.2219178082191781,11.511158275988109,-0.4688960572553196,2.13266881759146,1814.7825954805623,19641.731548506847,0.0,True,False,-0.22323147715735647,256.96528657409544,-1791.3412708791138
2022-09-22,152.74000549316406,0.3859,0.0329,155.25849304199218,80,0.2191780821917808,11.75981908583502,-0.48415692823213785,2.0654460190240873,1893.9989768465764,19596.926677691124,0.0,True,False,-0.06722279856737279,79.05279495958335,-1870.394065838697
2022-09-23,150.42999267578125,0.40240000000000004,0.032400000000000005,155.25849304199218,79,0.21643835616438356,13.32736428671879,-0.515036105868256,1.9416114493840857,2059.205951237596,19689.8615277363,1.4210854715202004e-14,True,False,-0.12383456964000161,165.03884208813483,-2035.4329079268318
2022-09-26,150.77000427246094,0.4387,0.0339,155.25849304199218,76,0.20821917808219179,13.929214009913508,-0.5044651205438282,1.9822976044844698,2003.1071718508908,19841.29235551729,1.4210854715202004e-14,True,False,0.04068615510038409,-56.6726161633784,-1978.7602917634533
2022-09-27,151.75999450683594,0.439,0.0335,155.25849304199218,75,0.2054794520547945,13.379924315021896,-0.49219693007093035,2.031707105235074,1937.181489061967,19831.589669579313,0.0,True,False,0.04940950075060413,-66.10953804861008,-1912.6507537148432
2022-09-28,149.83999633789062,0.43710000000000004,0.034,155.25849304199218,74,0.20273972602739726,14.21793567610814,-0.5187691880313836,1.927639541960429,2085.3245393101024,19810.029674530757,0.0,True,False,-0.10406756327464484,147.9625920608214,-2060.6133457756646
2022-09-29,142.47999572753906,0.4779,0.0336,155.25849304199218,73,0.2,19.346644672262187,-0.6039441886506277,1.655782138138073,2611.4693715954386,20062.851812472927,-1.4210854715202004e-14,True,False,-0.271857403822356,525.9528593274814,-2586.566205103146
2022-09-30,138.1999969482422,0.48340000000000005,0.0333,155.25849304199218,72,0.19726027397260273,22.1134964661817,-0.6569546579448057,1.522175066279864,2907.159585466526,20093.22057519971,0.0,True,False,-0.13360707185820897,295.45195113933886,-2882.0181562424846
2022-10-03,142.4499969482422,0.4458,0.0346,155.25849304199218,69,0.18904109589041096,18.299360185156758,-0.6230681308798249,1.6049609191019214,2756.4936375290595,19938.469126527907,-1.4210854715202004e-14,True,False,0.0827858528220573,-151.49281390262027,-2730.5253423398644
2022-10-04,146.10000610351562,0.42460000000000003,0.0345,155.25849304199218,68,0.1863013698630137,15.524457346148978,-0.5812329554426586,1.7204805588465204,2577.4162231461632,19858.36953856686,0.0,True,False,0.115519639744599,-179.33797198575235,-2551.1873703541123
2022-10-05,146.39999389648438,0.4258,0.0346,155.25849304199218,67,0.18356164383561643,15.31030884094315,-0.5776969361343784,1.7310114308229416,2561.5374694296434,19851.768820388297,0.0,True,False,0.010530871976421219,-16.123090232344225,-2535.064280121768
2022-10-06,145.42999267578125,0.4415,0.0346,155.25849304199218,66,0.18082191780821918,16.18744965023035,-0.5875088866258255,1.7021019132888167,2608.5774366048868,19906.845606275358,0.0,True,False,-0.028909517534124962,46.797135949609924,-2581.8614160713782
2022-10-07,140.08999633789062,0.4636,0.0345,155.25849304199218,65,0.1780821917808219,19.945680692448477,-0.6540467628499624,1.5289426640422021,2954.2019218683167,20012.781773062106,0.0,True,False,-0.17315924924661452,345.3779094417073,-2927.2393255130855
2022-10-10,140.4199981689453,0.4753,0.0345,155.25849304199218,62,0.16986301369863013,19.775265528138974,-0.6498582901687531,1.5387970194860843,2935.552489451149,20020.564271770294,0.0,True,False,0.009854355443882135,-19.4872495511431,-2907.7520759619424
2022-10-11,138.97999572753906,0.48,0.0367,155.25849304199218,61,0.16712328767123288,20.71082987577661,-0.6682492233630349,1.496447680054747,3023.5566644929536,20020.823569208304,-1.4210854715202004e-14,True,False,-0.04234933943133723,87.70899643139435,-2995.461072393337
2022-10-12,138.33999633789062,0.488,0.037000000000000005,155.25849304199218,60,0.1643835616438356,21.228103159018374,-0.6748941745818803,1.4817137821933841,3055.140447926724,20034.537383769828,1.4210854715202004e-14,True,False,-0.014733897861362921,31.277270373545228,-3026.7383427668824
2022-10-13,142.99000549316406,0.4622,0.0379,155.25849304199218,59,0.16164383561643836,17.573387299213536,-0.6244133983168887,1.6015031110727411,2844.9472697180404,19958.331262212112,0.0,True,False,0.119789328879357,-210.51042707098057,-2816.2279156959016
2022-10-14,138.3800048828125,0.47200000000000003,0.0381,155.25849304199218,58,0.1589041095890411,20.72432638054589,-0.686310919680019,1.4570655534174415,3144.5813595921863,20002.252056560814,-1.4210854715202004e-14,True,False,-0.14443755765529964,299.3371086457344,-3115.565024341636
2022-10-17,142.41000366210938,0.4581,0.039700000000000006,155.25849304199218,55,0.1506849315068493,17.526154606619016,-0.6417755159576566,1.5581772366429425,2968.3977089469663,19940.283590549763,0.0,True,False,0.10111168322550101,-177.20989927456174,-2938.3551250670744
2022-10-18,143.75,0.44799999999999995,0.0404,155.25849304199218,54,0.14794520547945206,16.379694561501367,-0.6278246513312351,1.5928014261300618,2912.01291920403,19895.97300491745,0.0,True,False,0.03462418948711932,-56.71336482385611,-2881.6417602432184
2022-10-19,143.86000061035156,0.44799999999999995,0.04070000000000001,155.25849304199218,53,0.14520547945205478,16.230584182283266,-0.6280459104302554,1.5922402859289857,2913.248410021311,19883.547470975787,0.0,True,False,-0.0005611402010761157,0.9107633271629255,-2882.5525235703813
2022-10-20,143.38999938964844,0.43579999999999997,0.0409,155.25849304199218,52,0.14246575342465753,16.202274791263577,-0.6427357436401488,1.5558493671698987,2972.536438327871,19832.36627536274,0.0,True,False,-0.036390918759086954,58.96156656412754,-2941.514090134509
2022-10-21,147.27000427246094,0.4203,0.0409,155.25849304199218,51,0.13972602739726028,13.415635435668435,-0.5875694282538808,1.7019265331277813,2776.8977435537067,19787.14076147314,0.0,True,False,0.14607716595788256,-195.9718003966588,-2745.5422897378503
2022-10-24,149.4499969482422,0.4161,0.041600000000000005,155.25849304199218,48,0.13150684931506848,11.830732135221965,-0.5560606442730596,1.7983649990322623,2663.753610918054,19736.350764233215,0.0,True,False,0.09643846590448102,-114.09376576476515,-2631.4485239730852
2022-10-25,152.33999633789062,0.396,0.0414,155.25849304199218,47,0.12876712328767123,9.774666898003659,-0.5099633210536216,1.9609253425009598,2505.1584425714163,19655.89727984054,1.4210854715202004e-14,True,False,0.16256034346869752,-158.8973208231583,-2472.551203149927
2022-10-26,149.35000610351562,0.4069,0.041100000000000005,155.25849304199218,46,0.12602739726027398,11.534765960931125,-0.5637610803272408,1.7738010566808546,2721.2840304121473,19702.322645770306,1.4210854715202004e-14,True,False,-0.1871242858201052,215.84348425412963,-2688.3946874040566
2022-10-27,144.8000030517578,0.4485,0.041299999999999996,155.25849304199218,45,0.1232876712328767,15.004485995464421,-0.6299675337284079,1.5873833911433297,3001.30208817164,19863.089579531712,0.0,True,False,-0.18641766553752492,279.7101251864963,-2968.104812590553
2022-10-28,155.74000549316406,0.3344,0.0418,155.25849304199218,44,0.12054794520547946,6.5670768295101425,-0.4490260065499554,2.227042499572343,2581.5767676381215,19618.093236682118,0.0,True,False,0.6396591084290133,-420.0690509749289,-2548.0357616156243
2022-10-31,153.33999633789062,0.3431,0.0422,155.25849304199218,41,0.11232876712328767,7.665659100319374,-0.5037536045833492,1.985097458165272,2767.9391619212383,19623.64683523085,0.0,True,False,-0.24194504140707096,185.46682084392612,-2733.5025824595505
2022-11-01,150.64999389648438,0.34770000000000006,0.042300000000000004,155.25849304199218,40,0.1095890410958904,9.119385541450114,-0.5651180886994843,1.7695416586315909,2964.833602280782,19643.54625360108,0.0,True,False,-0.2155557995336812,196.57364416431716,-2930.0762266238676
2022-11-02,145.02999877929688,0.3603,0.0422,155.25849304199218,39,0.10684931506849316,12.800188833480675,-0.6849137421001577,1.460037868321477,3361.3471016634103,19733.223021447848,-1.4210854715202004e-14,True,False,-0.3095037903101139,396.1706960647464,-3326.246922688614
2022-11-03,138.8800048828125,0.37460000000000004,0.0425,155.25849304199218,38,0.10410958904109589,17.516573109022175,-0.7953972628476963,1.2572333935620814,3716.982455077678,19807.225008702353,-1.4210854715202004e-14,True,False,-0.20280447475939556,355.2439408959795,-3681.4908635845936
2022-11-04,138.3800048828125,0.3797,0.0421,155.25849304199218,37,0.10136986301369863,17.93752106993631,-0.8040694921604774,1.2436736000430402,3741.7341139204905,19810.576742691297,0.0,True,False,-0.013559793519041241,24.322908195178808,-3705.8137717797727
2022-11-07,138.9199981689453,0.3822,0.0429,155.25849304199218,34,0.09315068493150686,17.375780799137303,-0.8052819440128326,1.2418010951752625,3746.307315662963,19796.033495146894,1.4210854715202004e-14,True,False,-0.00187250486777768,3.2536234127822548,-3709.067395192555
2022-11-08,139.5,0.38530000000000003,0.042800000000000005,155.25849304199218,33,0.09041095890410959,16.89637180702971,-0.7974319378754127,1.2540255192992227,3726.091792929475,19794.939935887793,1.4210854715202004e-14,True,False,0.012224424123960187,-20.654841512525476,-3688.4125536800298
2022-11-09,134.8699951171875,0.4046,0.0429,155.25849304199218,32,0.08767123287671233,20.892562887177533,-0.8607816692501368,1.161734776335493,3919.348777186115,19833.509976185906,0.0,True,False,-0.09229074296372963,192.8190151274059,-3881.2315688074355
2022-11-10,146.8699951171875,0.3465,0.042800000000000005,155.25849304199218,31,0.08493150684931507,10.768442948385797,-0.6785166410586381,1.4738032046491534,3583.759281415236,19857.81536577524,-1.4210854715202004e-14,True,False,0.31206842831366033,-336.0491066288074,-3545.182462178628
2022-11-11,149.6999969482422,0.34500000000000003,0.042800000000000005,155.25849304199218,30,0.0821917808219178,8.839665621692134,-0.6116356333479975,1.6349603350055928,3441.722024159447,19856.971985601587,0.0,True,False,0.16115713035643942,-142.45751449023754,-3402.724947688391
2022-11-14,148.27999877929688,0.3568,0.0434,140.86599884033203,90,0.2465753424657534,6.309143225075594,-0.33051354530447785,3.025594606353496,3114.1267871850673,19851.0176363648,-1.4210854715202004e-14,True,True,3.025594606353496,-1908.8909712500422,-3073.9017870410685
2022-11-15,150.0399932861328,0.3572,0.0431,140.86599884033203,89,0.24383561643835616,5.716849701147694,-0.3066126988301707,3.2614435208174095,2979.6632521962974,19848.18082253909,-1.4210854715202004e-14,True,False,0.23584891446391332,-134.8312796169031,-2939.0705074241655
2022-11-16,148.7899932861328,0.35810000000000003,0.0432,140.86599884033203,88,0.2410958904109589,6.086195152410248,-0.3233344963196104,3.0927723808706067,3082.6724820102118,19843.993437819794,1.4210854715202004e-14,True,False,-0.16867113994680283,102.65654742957418,-3041.72705485374
2022-11-17,150.72000122070312,0.3473,0.0432,140.86599884033203,87,0.23835616438356164,5.166750436475837,-0.29312500427324917,3.411513809541156,2918.3516153227533,19752.995783842078,1.4210854715202004e-14,True,False,0.31874142867054944,-164.68574157064933,-2877.0413132830904
2022-11-18,151.2899932861328,0.33590000000000003,0.0434,140.86599884033203,86,0.2356164383561644,4.67199397999245,-0.2802544876912543,3.5681855025339044,2845.5017193042245,19641.555166650982,-1.4210854715202004e-14,True,False,0.1566716929927483,-73.19692064973454,-2803.8443926333557
2022-11-21,148.00999450683594,0.3382,0.0441,140.86599884033203,83,0.2273972602739726,5.583087756892297,-0.326511501179115,3.0626792513854766,3128.7618793563324,19639.682033209756,0.0,True,False,-0.5055062511484278,282.22857618193103,-3086.072968815287
2022-11-22,150.17999267578125,0.31670000000000004,0.044000000000000004,140.86599884033203,82,0.22465753424657534,4.342357480597698,-0.28521075458598855,3.506179146195235,2936.555559318977,19477.063151276758,0.0,True,False,0.4434998948097584,-192.58350858714465,-2893.4894602281424
2022-11-23,151.07000732421875,0.3114,0.044000000000000004,140.86599884033203,81,0.2219178082191781,3.929141325810889,-0.2687350499367549,3.721137232509655,2852.4495063697004,19421.537646718298,1.4210854715202004e-14,True,False,0.21495808631441982,-84.46007002552109,-2809.0293902026215
2022-11-25,148.11000061035156,0.3271,0.0441,140.86599884033203,79,0.21643835616438356,5.092742546140208,-0.319771685088561,3.12723122975397,3155.5999033599737,19559.21831793377,0.0,True,False,-0.5939060027556846,302.4610368641939,-3111.4904270668153
2022-11-28,144.22000122070312,0.35009999999999997,0.0441,140.86599884033203,76,0.20821917808219179,6.901552687697034,-0.3879562210886358,2.5776104252018976,3536.067601662158,19737.019139521275,0.0,True,False,-0.5496208045520725,379.3236940870562,-3490.8141211538714
2022-11-29,141.1699981689453,0.3567,0.0438,140.86599884033203,75,0.2054794520547945,8.284309784827897,-0.4404455079989279,2.2704284226743305,3790.9710421612776,19788.86409882704,-1.4210854715202004e-14,True,False,-0.3071820025275671,254.4790869262152,-3745.2932080800865
2022-11-30,148.02999877929688,0.3153,0.0437,140.86599884033203,74,0.20273972602739726,4.615083799034792,-0.3146174317789344,3.17846342570951,3372.359184089301,19642.246568200648,-1.4210854715202004e-14,True,False,0.9080350030351796,-419.0657631464166,-3326.22744493367
2022-12-01,148.30999755859375,0.3122,0.0433,140.86599884033203,73,0.2,4.41495540410849,-0.3083045128976175,3.2435464229875945,3344.025418197159,19607.03645492112,0.0,True,False,0.06508299727808442,-28.733853054845692,-3297.493591878824
2022-12-02,147.80999755859375,0.3009,0.0434,140.86599884033203,72,0.19726027397260273,4.262647249933508,-0.3117353332029693,3.2078493949510207,3359.6394440412087,19508.032240059467,0.0,True,False,-0.03569702803657382,15.216383839090073,-3312.7099757179144
2022-12-05,146.6300048828125,0.3225,0.04360000000000001,140.86599884033203,69,0.18904109589041096,5.012243622463913,-0.33910940427795766,2.9489008189826857,3490.6349421372024,19631.69636274091,-1.4210854715202004e-14,True,False,-0.258948575968335,129.7913348443399,-3442.5013105622543
2022-12-06,142.91000366210938,0.3461,0.0437,140.86599884033203,68,0.1863013698630137,6.91652933260162,-0.4107458685621189,2.434595394716102,3846.773742296454,19821.669154564464,0.0,True,False,-0.5143054242665839,355.72085528559484,-3798.2221658478493
2022-12-07,140.94000244140625,0.3576,0.0429,140.86599884033203,67,0.18356164383561643,7.993525058383234,-0.44771686562003454,2.233554455481857,4007.928475074267,19887.326070130668,0.0,True,False,-0.20104093923424493,160.7025785529838,-3958.924744400833
2022-12-08,142.64999389648438,0.3425,0.042800000000000005,140.86599884033203,66,0.18082191780821918,6.842284674704672,-0.4159093186932251,2.404370267879476,3891.5214318843005,19801.659405155468,-1.4210854715202004e-14,True,False,0.17081581239761912,-116.87704153654575,-3842.047702864287
2022-12-09,142.16000366210938,0.34770000000000006,0.0431,140.86599884033203,65,0.1780821917808219,7.113201881996723,-0.4254406272612501,2.350504244123189,3930.2969685518256,19818.2584560566,0.0,True,False,-0.05386602375628691,38.31599015589002,-3880.3636930201774
2022-12-12,144.49000549316406,0.3576,0.0438,140.86599884033203,62,0.16986301369863013,6.222809457230412,-0.3834160980291771,2.6081325357494567,3771.394953216107,19843.386683449717,0.0,True,False,0.25762829162626755,-160.3171769582052,-3720.0465160619724
2022-12-13,145.47000122070312,0.3385,0.0435,140.86599884033203,61,0.16712328767123288,5.37388415028704,-0.361619606716983,2.7653367832531193,3687.3647062164537,19720.424779259734,1.4210854715202004e-14,True,False,0.15720424750366258,-84.47974140177332,-3635.566774660199
2022-12-14,143.2100067138672,0.3344,0.0433,140.86599884033203,60,0.1643835616438356,6.093820469766733,-0.4043858589688264,2.472885680399345,3866.016616441659,19693.949425689436,1.4210854715202004e-14,True,False,-0.2924511028537742,178.21445169761853,-3813.7812263578176
2022-12-15,136.5,0.37170000000000003,0.0434,140.86599884033203,59,0.16164383561643836,10.031575192783961,-0.5354653438465974,1.867534494046518,4473.738923429346,19997.170193643884,0.0,True,False,-0.6053511863528271,607.2625943939362,-4421.043820751754
2022-12-16,134.50999450683594,0.3726,0.0431,140.86599884033203,58,0.1589041095890411,11.102371769801039,-0.5755326105483876,1.7375210051905923,4618.613032354419,19998.672898784447,-1.4210854715202004e-14,True,False,-0.13001348885592567,144.3458088367371,-4565.389629588491
2022-12-19,132.3699951171875,0.3669,0.0437,140.86599884033203,55,0.1506849315068493,12.096352839672207,-0.6252636657563896,1.599325300295975,4787.438635615769,19959.038461114,1.4210854715202004e-14,True,False,-0.1381957048946172,167.16640073325047,-4732.556030321741
2022-12-20,132.3000030517578,0.3616,0.0435,140.86599884033203,54,0.14794520547945206,11.987436623598228,-0.6312845030904697,1.5840718330712602,4806.294224535953,19935.190600328613,0.0,True,False,-0.015253467224714878,18.284997164640235,-4750.841027486381
2022-12-21,135.4499969482422,0.341,0.0433,140.86599884033203,53,0.14520547945205478,9.627979884047164,-0.5747062256692888,1.740019431380658,4656.718395750461,19877.005298893095,1.4210854715202004e-14,True,False,0.15594759830939786,-150.14603394883503,-4600.694993537546
2022-12-22,132.22999572753906,0.3764,0.0435,140.86599884033203,52,0.14246575342465753,12.20340495557663,-0.629548877369535,1.5884390171233935,4842.253125441686,20003.68915551508,0.0,True,False,-0.15158041425726454,184.97971785154607,-4785.674711389092
2022-12-23,131.86000061035156,0.3701,0.0434,140.86599884033203,51,0.13972602739726028,12.26662825978839,-0.642281146954361,1.5569505733461262,4881.454626899167,19977.30807814446,1.4210854715202004e-14,True,False,-0.03148844377726734,38.62570342949854,-4824.300414818591
2022-12-27,130.02999877929688,0.3972,0.0446,140.86599884033203,47,0.12876712328767123,13.704257159059594,-0.673654689379829,1.4844400488336342,4983.211392068776,20020.526086640773,0.0,True,False,-0.07251052451249196,99.3702874657484,-4923.670702284339
2022-12-28,126.04000091552734,0.4349,0.0446,140.86599884033203,46,0.12602739726027398,17.043208994204505,-0.7279785217843837,1.3736669009806102,5172.613327726745,20117.782627462853,0.0,True,False,-0.11077314785302406,188.79299098050052,-5112.46369326484
2022-12-29,129.61000061035156,0.3998,0.044500000000000005,140.86599884033203,45,0.1232876712328767,13.915961588424054,-0.6857973724866915,1.458156651102372,5055.668388119729,20045.833643819453,-1.4210854715202004e-14,True,False,0.08448975012176185,-117.57561173099843,-4994.888081533842
2022-12-30,129.92999267578125,0.40630000000000005,0.0442,140.86599884033203,44,0.12054794520547946,13.745645254201193,-0.678878686012177,1.4730172276789715,5035.853824465527,20053.61031854386,-1.4210854715202004e-14,True,False,0.014860576576599449,-20.426821389482765,-4974.461260144359
2023-01-03,125.06999969482422,0.4515,0.0453,140.86599884033203,40,0.1095890410958904,17.63437646692458,-0.7542078336483667,1.3258944754825082,5297.7962360166875,20142.928439106516,1.4210854715202004e-14,True,False,-0.1471227521964633,259.4417999082489,-5233.9030600526075
2023-01-04,126.36000061035156,0.433,0.0455,140.86599884033203,39,0.10684931506849316,16.361439295536954,-0.7462353159357442,1.3400598693805408,5275.280064160672,20103.810945721318,1.4210854715202004e-14,True,False,0.014165393898032619,-23.176623236003028,-5210.726436816604
2023-01-05,125.0199966430664,0.4368,0.0466,140.86599884033203,38,0.10410958904109589,17.355643920958727,-0.7709050565663063,1.2971765997412277,5350.380284468085,20103.713465545603,0.0,True,False,-0.042883269639313104,74.42667580263785,-5285.153112619242
2023-01-06,129.6199951171875,0.4026,0.0467,140.86599884033203,37,0.10136986301369863,13.43498106644168,-0.7081775329313675,1.4120752967983725,5196.698701815483,20055.818701221848,0.0,True,False,0.11489869705714484,-154.3661819521559,-5130.786930667086
2023-01-09,130.14999389648438,0.4007,0.047,140.86599884033203,34,0.09315068493150686,12.834562864296885,-0.7088471305694093,1.4107414093596045,5200.418567659792,20026.042887677493,-1.4210854715202004e-14,True,False,-0.0013338874387680555,1.711986218676457,-5132.498916885763
2023-01-10,130.72999572753906,0.39280000000000004,0.04730000000000001,140.86599884033203,33,0.09041095890410959,12.24738646979469,-0.7043641907396321,1.4197201009749367,5190.0959779626955,20001.8816262742,0.0,True,False,0.008978691615332268,-10.996550620607946,-5121.502366265155
2023-01-11,133.49000549316406,0.3873,0.0472,140.86599884033203,32,0.08767123287671233,10.23295684575531,-0.6463809572039263,1.5470752794539873,5060.44517443088,19992.561180926034,-1.4210854715202004e-14,True,False,0.12735517847905053,-130.32200454595898,-4991.180361719195
2023-01-12,133.41000366210938,0.3728,0.0466,140.86599884033203,31,0.08493150684931507,10.005373487007006,-0.6590219224842009,1.5174002045796489,5090.782309686711,19949.99825350567,1.4210854715202004e-14,True,False,-0.029675074874338403,29.691020737265323,-5020.871382456461
2023-01-13,134.75999450683594,0.35340000000000005,0.0467,140.86599884033203,30,0.0821917808219178,8.77740621092778,-0.6363934992776701,1.571354831774738,5044.075524560097,19899.316941242785,0.0,True,False,0.05395462719508903,-47.358167985046734,-4973.513214471414
2023-01-17,135.94000244140625,0.37090000000000006,0.0471,129.14300231933592,90,0.2465753424657534,6.0828528151242764,-0.33227206692389544,3.009581904545238,4468.020878469173,19892.70549865081,0.0,True,True,3.009581904545238,-1830.6843760410081,-4394.85432419549
2023-01-18,135.2100067138672,0.3725,0.046900000000000004,129.14300231933592,89,0.24383561643835616,6.326939933208983,-0.34320619848617007,2.913700289828234,4529.258747136718,19893.740090235122,-1.4210854715202004e-14,True,False,-0.0958816147170043,60.66372170135726,-4455.518045896848
2023-01-19,135.27000427246094,0.3776,0.0471,129.14300231933592,88,0.2410958904109589,6.383581834051384,-0.34312327092482175,2.9144044859000533,4529.393716035186,19916.828096608224,2.842170943040401e-14,True,False,0.0007041960718194851,-0.4495293251677209,-4455.06851657168
2023-01-20,137.8699951171875,0.3519,0.0472,129.14300231933592,87,0.23835616438356164,4.890945745125663,-0.2973631048352472,3.3628919786603855,4310.626673320755,19742.398406474127,0.0,True,False,0.4484874927603322,-219.3527994458223,-4235.715717125858
2023-01-23,141.11000061035156,0.3347,0.04730000000000001,129.14300231933592,84,0.23013698630136986,3.514809312665413,-0.24196301637521023,4.132863009317537,4041.6726941444836,19605.295294491607,1.4210854715202004e-14,True,False,0.7699710306571519,-270.6301349036344,-3965.0855822222234
2023-01-24,142.52999877929688,0.3298,0.0472,129.14300231933592,83,0.2273972602739726,3.0506452910821054,-0.21945441149486922,4.5567550599153925,3912.880948312069,19555.9851628563,0.0,True,False,0.4238920505978552,-129.31442880834845,-3835.771153413875
2023-01-25,141.86000061035156,0.33990000000000004,0.0472,129.14300231933592,82,0.22465753424657534,3.3708697165849486,-0.2328955384100777,4.293770532603422,4002.035633402303,19635.40980026923,-1.4210854715202004e-14,True,False,-0.2629845273119704,88.64865790463284,-3924.4198113185075
2023-01-26,143.9600067138672,0.3245,0.0471,129.14300231933592,81,0.2219178082191781,2.5820697252589007,-0.19618300225907337,5.097281561016332,3795.0799437501582,19507.234255118947,-1.4210854715202004e-14,True,False,0.8035110284129097,-207.47215003766183,-3716.9476612808458
2023-01-27,145.92999267578125,0.3326,0.04730000000000001,129.14300231933592,80,0.2191780821917808,2.3284553259231444,-0.17637663615689103,5.669685179336776,3662.290151022731,19575.45028381428,0.0,True,False,0.5724036183204442,-133.28162536559168,-3583.6660359152543
2023-01-30,143.0,0.3873,0.0472,129.14300231933592,77,0.21095890410958903,3.8613014278391447,-0.23641314855103057,4.229883177517712,4219.6621470965465,20152.94754239074,0.0,True,False,-1.4398020018190643,555.9509525429611,-4139.616988458215
2023-01-31,144.2899932861328,0.3417,0.047,129.14300231933592,76,0.20821917808219179,2.659829422665407,-0.1971036874560007,5.073471800081006,3995.825351945062,19774.28163745021,0.0,True,False,0.8435886225632947,-224.3801838919634,-3915.2368045662515
2023-02-01,145.42999267578125,0.3281,0.0466,129.14300231933592,75,0.2054794520547945,2.1755255636592246,-0.17428881009840025,5.737603001795803,3851.852095765929,19643.08156379752,2.842170943040401e-14,True,False,0.6641312017147962,-144.48344069542603,-3770.7533638708255
2023-02-02,150.82000732421875,0.3688,0.0466,129.14300231933592,74,0.20273972602739726,1.9495322533239303,-0.1413363103712526,7.075322663887772,3591.551135150288,20052.908841164463,1.4210854715202004e-14,True,False,1.3377196620919696,-260.7927627153884,-3509.960601155437
2023-02-03,154.5,0.3038,0.047,129.14300231933592,73,0.2,0.7168508007515477,-0.07260889594297748,10.0,3382.357909601889,19549.208710353436,27.391104057022517,True,False,2.924677336112228,-209.6557290331954,-3300.3048721222417
2023-02-06,151.72999572753906,0.3079,0.0471,129.14300231933592,70,0.1917808219178082,0.9247856779065664,-0.09179426479693387,10.0,3383.6675525962296,19481.452803256703,8.205735203066126,False,False,0.0,0.0,-3300.3048721222417
2023-02-07,154.64999389648438,0.2953,0.0471,129.14300231933592,69,0.18904109589041096,0.5617716966620101,-0.06209878552389847,10.0,3384.104212938304,19410.87529924875,37.90121447610153,False,False,0.0,0.0,-3300.3048721222417
2023-02-08,151.9199981689453,0.3113,0.0472,129.14300231933592,68,0.1863013698630137,0.8993137355813072,-0.08987533771262035,10.0,3384.541856902758,19475.855409378597,10.12466228737965,False,False,0.0,0.0,-3300.3048721222417
2023-02-09,150.8699951171875,0.32380000000000003,0.0477,129.14300231933592,67,0.18356164383561643,1.1158438504746329,-0.10503821162307292,9.52034487780957,3438.506216270789,19587.82755661969,0.0,True,False,-0.4796551221904295,53.52202184448494,-3353.826893966727
2023-02-10,151.00999450683594,0.3201,0.0479,129.14300231933592,66,0.18082191780821918,1.0325489989227883,-0.10011552268529411,9.988461061562127,3390.6222012522067,19522.97919892532,0.0,True,False,0.4681161837525565,-48.33528969132582,-3305.491604275401
2023-02-13,153.85000610351562,0.3246,0.0481,129.14300231933592,63,0.1726027397260274,0.7569345621461547,-0.07677635456321186,10.0,3391.089501066975,19533.02467356469,23.223645436788146,True,False,0.011538938437873014,-0.8734221314102845,-3304.618182143991
2023-02-14,153.1999969482422,0.3012,0.048,129.14300231933592,62,0.16986301369863013,0.580436217774837,-0.06631242380230917,10.0,3391.5354818871297,19291.971394486187,33.68757619769083,False,False,0.0,0.0,-3304.618182143991
2023-02-15,155.3300018310547,0.2903,0.0479,129.14300231933592,61,0.16712328767123288,0.3678261295869616,-0.046231657415458094,10.0,3391.9805920507943,19292.806904743225,53.768342584541905,False,False,0.0,0.0,-3304.618182143991
2023-02-16,153.7100067138672,0.3039,0.0484,129.14300231933592,60,0.1643835616438356,0.5320413505568702,-0.061834664712385856,10.0,3392.4304077931383,19295.47242973673,38.16533528761414,False,False,0.0,0.0,-3304.618182143991
2023-02-17,152.5500030517578,0.2958,0.0484,129.14300231933592,59,0.16164383561643836,0.5251621371947213,-0.06351967685415771,10.0,3392.8802831862367,19173.04272555674,36.480323145842284,False,False,0.0,0.0,-3304.618182143991
2023-02-21,148.47999572753906,0.3236,0.048600000000000004,129.14300231933592,55,0.1506849315068493,1.034261210369685,-0.10899764804974477,9.17450988982456,3480.065061877738,19276.948604951504,1.4210854715202004e-14,True,False,-0.8254901101754406,85.37724004982559,-3389.9954221938165
2023-02-22,148.91000366210938,0.32030000000000003,0.0484,129.14300231933592,54,0.14794520547945206,0.9264804622097103,-0.10102175339591424,9.898858081396599,3413.4171139037153,19221.52734117472,1.4210854715202004e-14,True,False,0.7243481915720391,-67.10944473284306,-3322.885977460973
2023-02-23,149.39999389648438,0.3008,0.0484,129.14300231933592,53,0.14520547945205478,0.6730492635433603,-0.08229238140674444,10.0,3407.0624229931213,19020.11107618492,17.70761859325556,True,False,0.10114191860340149,-6.807349382938186,-3316.078628078035
2023-02-24,146.7100067138672,0.3072,0.048600000000000004,129.14300231933592,52,0.14246575342465753,0.9676686160667529,-0.11168603926561493,8.953670544460543,3508.7661235109463,19046.185393345244,-1.4210854715202004e-14,True,False,-1.0463294555394569,101.25001761917453,-3417.3286456972096
2023-02-27,147.9199981689453,0.30210000000000004,0.0489,129.14300231933592,49,0.13424657534246576,0.7148015741277245,-0.08994755061207016,10.0,3435.384848350651,18942.186239372906,10.05244938792984,True,False,1.0463294555394569,-74.79179418758088,-3342.536851509629
2023-02-28,147.41000366210938,0.2945,0.0488,129.14300231933592,48,0.13150684931506848,0.6696730132243278,-0.08814547949252582,10.0,3435.8441853045447,18846.51756473981,11.854520507474177,False,False,0.0,0.0,-3342.536851509629
2023-03-01,145.30999755859375,0.3018,0.049,129.14300231933592,47,0.12876712328767123,0.9224111365919505,-0.11477425704682898,8.712755157212568,3555.0423644326233,18889.71635903318,0.0,True,False,-1.2872448427874321,118.73689785076819,-3461.2737493603972
2023-03-02,145.91000366210938,0.2925,0.049100000000000005,129.14300231933592,46,0.12602739726027398,0.7407171572082802,-0.09903252614997649,10.0,3460.1721887884732,18791.889712207692,0.9674738500235094,True,False,1.2872448427874321,-95.34843405805263,-3365.9253153023446
2023-03-03,151.02999877929688,0.26739999999999997,0.049100000000000005,129.14300231933592,45,0.1232876712328767,0.22090488018666665,-0.037630148007879005,10.0,3460.637684355951,18784.542442472306,62.36985199212099,False,False,0.0,0.0,-3365.9253153023446
2023-03-06,153.8300018310547,0.2747,0.0493,129.14300231933592,42,0.11506849315068493,0.13093456159282812,-0.023587847866017086,10.0,3462.0402378500407,18975.974982548338,76.41215213398291,False,False,0.0,0.0,-3365.9253153023446
2023-03-07,151.60000610351562,0.2785,0.0504,129.14300231933592,41,0.11232876712328767,0.19616008658555373,-0.03400362965345771,10.0,3462.518316960463,18818.67901389758,65.99637034654228,False,False,0.0,0.0,-3365.9253153023446
2023-03-08,152.8699951171875,0.2726,0.0506,129.14300231933592,40,0.1095890410958904,0.12897732046250177,-0.024098690499793518,10.0,3462.9983596224824,18878.975191803733,75.90130950020648,False,False,0.0,0.0,-3365.9253153023446
2023-03-09,150.58999633789062,0.3013,0.050499999999999996,129.14300231933592,39,0.10684931506849316,0.30716042469785343,-0.04805443352236416,10.0,3463.4775199394144,18829.63757842633,51.94556647763584,False,False,0.0,0.0,-3365.9253153023446
2023-03-10,148.5,0.3331,0.0501,129.14300231933592,38,0.10410958904109589,0.6091489635231362,-0.08049655297184266,10.0,3463.952950440813,18923.101913963947,19.50344702815734,False,False,0.0,0.0,-3365.9253153023446
2023-03-13,150.47000122070312,0.33,0.0487,129.14300231933592,35,0.0958904109589041,0.3783779692845126,-0.055636754864672455,10.0,3465.3397581822005,18890.717849537024,44.363245135327546,False,False,0.0,0.0,-3365.9253153023446
2023-03-14,152.58999633789062,0.30870000000000003,0.0488,129.14300231933592,34,0.09315068493150686,0.17940921296233459,-0.03101375480462365,10.0,3465.803100334244,18904.21194708564,68.98624519537634,False,False,0.0,0.0,-3365.9253153023446
2023-03-15,152.99000549316406,0.3224,0.0475,129.14300231933592,33,0.09041095890410959,0.19771927763489927,-0.03282746603005726,10.0,3466.2541588538975,18962.9739858052,67.17253396994275,False,False,0.0,0.0,-3365.9253153023446
2023-03-16,155.85000610351562,0.2923,0.047400000000000005,129.14300231933592,32,0.08767123287671233,0.05653020197870151,-0.011812028624110349,10.0,3466.704326294629,19108.235138624892,88.18797137588965,False,False,0.0,0.0,-3365.9253153023446
2023-03-17,155.0,0.31170000000000003,0.0452,129.14300231933592,31,0.08493150684931507,0.09472901185321536,-0.018006224101802748,10.0,3467.1336543443886,19061.8626661976,81.99377589819726,False,False,0.0,0.0,-3365.9253153023446
2023-03-20,157.39999389648438,0.3032,0.0481,149.52999420166014,90,0.2465753424657534,5.131701568234938,-0.31039104019681274,3.221742481245335,1847.6737734743813,19240.9752574684,0.0,True,True,3.221742481245335,-1653.3020943455806,-1745.0944582796421
2023-03-21,159.27999877929688,0.2805,0.0478,149.52999420166014,89,0.24383561643835616,3.941062645616121,-0.27111421205359687,3.6884824016614406,1663.9706320946432,19045.624531244364,-1.4210854715202004e-14,True,False,0.46673992041610557,-183.9451265569755,-1561.1493317226666
2023-03-22,157.8300018310547,0.29510000000000003,0.0479,149.52999420166014,88,0.2410958904109589,4.7044980631885025,-0.2998010633125694,3.335545207714659,1830.2282486115741,19182.43502865417,1.4210854715202004e-14,True,False,-0.3529371939467816,166.0392345349819,-1727.1885662576485
2023-03-23,158.92999267578125,0.2959,0.04730000000000001,149.52999420166014,87,0.23835616438356164,4.373957015744679,-0.2835606925403228,3.526581879319534,1746.9068225007006,19182.417845343596,0.0,True,False,0.1910366716048748,-83.55861900306546,-1643.6299472545832
2023-03-24,160.25,0.28940000000000005,0.047400000000000005,149.52999420166014,86,0.2356164383561644,3.8089455527167146,-0.26023417243742697,3.842692874013112,1626.7287390759323,19115.38953236878,0.0,True,False,0.3161109946935783,-120.4049567402962,-1523.224990514287
2023-03-27,158.27999877929688,0.2921,0.049100000000000005,149.52999420166014,83,0.2273972602739726,4.286299246522901,-0.28839700650565747,3.4674423709054105,1788.2289517567058,19102.478391863737,0.0,True,False,-0.3752505031077016,160.8435948727881,-1684.068585387075
2023-03-28,157.64999389648438,0.2812,0.048,149.52999420166014,82,0.22465753424657534,4.163352713182924,-0.2931174829638572,3.411601347993647,1811.712719000205,18997.08208149543,-1.4210854715202004e-14,True,False,-0.05584102291176363,23.24858742466009,-1707.3171728117352
2023-03-29,160.77000427246094,0.2666,0.048,149.52999420166014,81,0.2219178082191781,2.9471456117786374,-0.23431560346701485,4.267748221644882,1559.6320371264342,18894.40000873221,0.0,True,False,0.8561468736512352,-252.31895017192372,-1454.9982226398115
2023-03-30,162.36000061035156,0.27890000000000004,0.0497,149.52999420166014,80,0.2191780821917808,2.8202713035944527,-0.2179407749665343,4.588402515103262,1469.4112076988722,18999.46526300266,0.0,True,False,0.3206542934583796,-90.43321022150222,-1364.5650124183094
2023-03-31,164.89999389648438,0.27440000000000003,0.048499999999999995,149.52999420166014,79,0.21643835616438356,2.1955250938736377,-0.18075469547681533,5.532359739602261,1262.358293808823,18967.001147120558,1.4210854715202004e-14,True,False,0.9439572244989991,-207.24817739308634,-1157.316835025223
2023-04-03,166.1699981689453,0.287,0.049,149.52999420166014,76,0.20821917808219179,2.122662169717465,-0.1712900717172463,5.838049981383219,1197.9790868447503,19054.19968777947,-1.4210854715202004e-14,True,False,0.30569024178095816,-64.88771118802251,-1092.4291238372007
2023-04-04,165.6300048828125,0.2988,0.0488,149.52999420166014,75,0.2054794520547945,2.4183499150645744,-0.1849286332548976,5.407491432771492,1302.263388661753,19172.984521658538,0.0,True,False,-0.43055854861172715,104.12412294654969,-1196.5532467837504
2023-04-05,163.75999450683594,0.30960000000000004,0.048600000000000004,149.52999420166014,74,0.20273972602739726,2.9794155875778046,-0.21403848175251006,4.67205706101152,1521.553260554624,19289.552674601284,0.0,True,False,-0.7354343717599718,219.116463086215,-1415.6697098699653
2023-04-06,164.66000366210938,0.2995,0.049100000000000005,149.52999420166014,73,0.2,2.5421274801731713,-0.1949213134673562,5.1302753003840795,1405.2730366778687,19175.45478508481,0.0,True,False,0.45821823937255957,-116.48491782255519,-1299.1847920474102
2023-04-10,162.02999877929688,0.3174,0.050800000000000005,149.52999420166014,69,0.18904109589041096,3.3097090164598555,-0.2356539165591549,4.243511054690981,1699.5487492547195,19307.027307100187,1.4210854715202004e-14,True,False,-0.8867642456930982,293.493161944467,-1592.677953991877
2023-04-11,160.8000030517578,0.3152,0.0504,149.52999420166014,68,0.1863013698630137,3.5193247318135548,-0.2510635919484414,3.9830546207008806,1791.4465198443195,19273.21308849979,0.0,True,False,-0.26045643399010077,91.66307697013262,-1684.3410309620097
2023-04-12,160.10000610351562,0.3121,0.050199999999999995,149.52999420166014,67,0.18356164383561643,3.5854262859917014,-0.2589564345228994,3.8616534161137848,1835.2204290434506,19229.788405947413,-1.4210854715202004e-14,True,False,-0.1214012045870958,43.527507007762964,-1727.8685379697727
2023-04-13,165.55999755859375,0.295,0.051,149.52999420166014,66,0.18082191780821918,2.0243175086452574,-0.17155192315340884,5.829138966316097,1437.1953302909615,19173.197893134333,0.0,True,False,1.967485550202312,-398.28154472810877,-1329.586993241664
2023-04-14,165.2100067138672,0.2851,0.0514,149.52999420166014,65,0.1780821917808219,1.871364158586161,-0.16725032123622796,5.979061759693594,1409.341718936506,19049.242578229594,0.0,True,False,0.14992279337749714,-28.05601420817668,-1301.5309790334873
2023-04-17,165.22999572753906,0.2841,0.0521,149.52999420166014,62,0.16986301369863013,1.744982595494136,-0.161866783674957,6.177919751640273,1375.244981831954,18976.280798883035,0.0,True,False,0.19885799194667886,-34.70037349218677,-1266.8306055413004
2023-04-18,166.47000122070312,0.2762,0.052000000000000005,149.52999420166014,61,0.16712328767123288,1.4007974895845194,-0.13920996656141815,7.183393723170023,1234.5943795852754,18887.842491066964,0.0,True,False,1.0054739715297503,-140.84654151614507,-1125.9840640251555
2023-04-19,167.6300048828125,0.2778,0.0516,149.52999420166014,60,0.1643835616438356,1.241976012781393,-0.1258770115776131,7.944262319759801,1140.2708717768166,18889.929684096543,0.0,True,False,0.7608685965897779,-94.49805458431466,-1031.486009440841
2023-04-20,166.64999389648438,0.2864,0.0512,149.52999420166014,59,0.16164383561643836,1.4688836151337483,-0.14212002068399976,7.036306321848028,1273.7990021803037,18972.3498985512,0.0,True,False,-0.9079559979117731,133.36816885950154,-1164.8541783003425
2023-04-21,165.02000427246094,0.2877,0.0514,149.52999420166014,58,0.1589041095890411,1.7010324818392917,-0.16156622196425185,6.18941253835384,1418.0377770686591,18972.87738143908,1.4210854715202004e-14,True,False,-0.8468937834941883,144.05938343913868,-1308.913561739481
2023-04-24,165.3300018310547,0.2868,0.052000000000000005,149.52999420166014,55,0.1506849315068493,1.528559705545554,-0.1519081422937243,6.58292560820364,1358.4931498455617,18897.732815881434,0.0,True,False,0.39351306984980017,-60.15082221779375,-1248.7627395216873
2023-04-25,163.77000427246094,0.31070000000000003,0.0512,149.52999420166014,54,0.14794520547945206,2.1419230964362264,-0.18826242611974964,5.311734373187785,1630.9631110692344,19145.69619192184,0.0,True,False,-1.2711912350158547,272.279386626775,-1521.0421261484623
2023-04-26,163.75999450683594,0.3064,0.0516,149.52999420166014,53,0.14520547945205478,2.02582522803662,-0.18375747869473713,5.441955381098948,1604.8131960946719,19083.257696866254,0.0,True,False,0.13022100791116298,-26.380500304679025,-1494.6616258437832
2023-04-27,168.41000366210938,0.2871,0.0518,149.52999420166014,52,0.14246575342465753,1.0305078062499327,-0.11131890064497618,8.983200464665476,1240.112893581879,19006.839080187394,0.0,True,False,3.541245083566528,-364.9280702459502,-1129.733555597833
2023-04-28,169.67999267578125,0.2781,0.051,149.52999420166014,51,0.13972602739726028,0.7753320063967362,-0.09067339505789929,10.0,1161.4504593527554,18904.781733327618,9.326604942100715,True,False,1.016799535334524,-78.83572238341856,-1050.8978332144143
2023-05-01,169.58999633789062,0.2917,0.0527,149.52999420166014,48,0.13150684931506848,0.8385491212632417,-0.09535724824644021,10.0,1161.9536513858577,18959.50240643816,4.642751753559793,False,False,0.0,0.0,-1050.8978332144143
2023-05-02,168.5399932861328,0.2981,0.0524,149.52999420166014,47,0.12876712328767123,0.9844470636156721,-0.10835243602023037,9.2291418331683,1238.0073812167477,19000.566867565536,0.0,True,False,-0.7708581668316992,75.88690588016262,-1126.784739094577
2023-05-03,167.4499969482422,0.3125,0.0526,149.52999420166014,46,0.12602739726027398,1.2475184925592089,-0.1280833722952941,7.80741467123864,1415.5488953956042,19134.538008364652,1.4210854715202004e-14,True,False,-1.4217271619296605,177.36309258809723,-1304.1478316826742
2023-05-04,165.7899932861328,0.3297,0.0526,149.52999420166014,45,0.1232876712328767,1.6688548298789563,-0.15731036327020065,6.3568602806057495,1657.8293743456338,19297.696401174377,0.0,True,False,-1.4505543906328908,242.0764700809826,-1546.2243017636567
2023-05-05,173.57000732421875,0.2365,0.0526,149.52999420166014,44,0.12054794520547946,0.14841456277191512,-0.026564147416589523,10.0,1603.9988018137553,19109.414097007546,73.43585258341048,True,False,3.6431397193942505,-54.06949885708953,-1492.1548029065673
2023-05-08,173.5,0.23420000000000002,0.053099999999999994,149.52999420166014,41,0.11232876712328767,0.11582001482082216,-0.022246361852361174,10.0,1604.6990011999287,19070.519016020753,77.75363814763882,False,False,0.0,0.0,-1492.1548029065673
2023-05-09,171.77000427246094,0.23760000000000003,0.0529,149.52999420166014,40,0.1095890410958904,0.1634695399822519,-0.03033463532949965,10.0,1604.9315894984913,18945.401556726836,69.66536467050035,False,False,0.0,0.0,-1492.1548029065673
2023-05-10,173.55999755859375,0.22719999999999999,0.0524,149.52999420166014,39,0.10684931506849316,0.08104401220227464,-0.01703848823140819,10.0,1605.1620126552912,19042.20578071694,82.9615117685918,False,False,0.0,0.0,-1492.1548029065673
2023-05-11,173.75,0.2316,0.052000000000000005,149.52999420166014,38,0.10410958904109589,0.08175428294822318,-0.01705796738109777,10.0,1605.3907095611444,19062.144992509366,82.94203261890223,False,False,0.0,0.0,-1492.1548029065673
2023-05-12,172.57000732421875,0.2345,0.0525,149.52999420166014,37,0.10136986301369863,0.10406760185393349,-0.021279190065505493,10.0,1605.6216385309856,18966.689972806795,78.72080993449451,False,False,0.0,0.0,-1492.1548029065673
2023-05-15,172.07000732421875,0.2331,0.0521,149.52999420166014,34,0.09315068493150686,0.0863229164902024,-0.01888574448975089,10.0,1606.30934374312,18899.6329926552,81.11425551024911,False,False,0.0,0.0,-1492.1548029065673
2023-05-16,172.07000732421875,0.23809999999999998,0.052300000000000006,149.52999420166014,33,0.09041095890410959,0.09036580687444928,-0.019556626155487256,10.0,1606.5395245589075,18903.90606385523,80.44337384451275,False,False,0.0,0.0,-1492.1548029065673
2023-05-17,172.69000244140625,0.2295,0.0526,149.52999420166014,32,0.08767123287671233,0.05522145314259097,-0.013177020752516366,10.0,1606.7710589923354,18930.992756275555,86.82297924748363,False,False,0.0,0.0,-1492.1548029065673
2023-05-18,175.0500030517578,0.2224,0.053099999999999994,149.52999420166014,31,0.08493150684931507,0.020909679444586327,-0.005651822150737451,10.0,1607.0048281694687,19132.914812789837,94.34817784926256,False,False,0.0,0.0,-1492.1548029065673
2023-05-19,175.16000366210938,0.2209,0.0529,149.52999420166014,30,0.0821917808219178,0.016629511871673053,-0.0046831122043166085,10.0,1607.2377506792268,19139.867628761836,95.31688779568339,False,False,0.0,0.0,-1492.1548029065673
2023-05-22,174.1999969482422,0.22460000000000002,0.054000000000000006,165.48999710083007,90,0.2465753424657534,3.278255418145399,-0.2626930342737571,3.8067244636486333,376.0844706486357,19044.02567530713,-1.4210854715202004e-14,True,True,3.8067244636486333,-1247.941509834277,-260.2880151897914
2023-05-23,171.55999755859375,0.24600000000000002,0.0534,165.48999710083007,89,0.24383561643835616,4.655803845336457,-0.32115546750303725,3.1137567352501723,698.7716778041076,19304.475491805486,-1.4210854715202004e-14,True,False,-0.692967728398461,322.63218145716246,-582.9201966469539
2023-05-24,171.83999633789062,0.2555,0.053700000000000005,165.48999710083007,88,0.2410958904109589,4.815059878590901,-0.3205862164659984,3.1192856980052377,696.2122622803827,19382.16663750219,1.4210854715202004e-14,True,False,0.005528962755065425,-2.6622286732138942,-580.2579679737399
2023-05-25,172.99000549316406,0.25870000000000004,0.0538,165.48999710083007,87,0.23835616438356164,4.515404362563999,-0.3030627980456382,3.299646167225745,614.8748446684839,19403.79906382576,0.0,True,False,0.1803604692205072,-81.4400449552368,-498.81792301850317
2023-05-26,175.42999267578125,0.2464,0.0534,165.48999710083007,86,0.2356164383561644,3.452178682056008,-0.25697868395872936,3.8913733411468456,410.6900147409254,19297.06089154187,0.0,True,False,0.5917271739211007,-204.27479354036717,-294.543129478136
2023-05-30,177.3000030517578,0.2525,0.0555,165.48999710083007,82,0.22465753424657534,3.0069492686347274,-0.22965159029211857,4.354422273880152,271.7034153004855,19311.056407653337,1.4210854715202004e-14,True,False,0.4630489327333063,-139.23646496245064,-155.30666451568536
2023-05-31,177.25,0.2566,0.0552,165.48999710083007,81,0.2219178082191781,3.0928955552608954,-0.23278573112078926,4.2957959458482184,289.8770198359905,19343.52183855816,0.0,True,False,-0.05862632803193346,18.132510939123424,-173.43917545480878
2023-06-01,180.08999633789062,0.2463,0.055,165.48999710083007,80,0.2191780821917808,2.222079432565387,-0.18528386991682932,5.3971238858994175,45.19688681626411,19253.480318791775,0.0,True,False,1.101327940051199,-244.72381640973748,71.2846409549287
2023-06-02,180.9499969482422,0.2399,0.055,165.48999710083007,79,0.21643835616438356,1.9022052613477456,-0.16785625333993337,5.9574783786866385,-61.387228620766706,19166.847137833767,1.4210854715202004e-14,True,False,0.560354492787221,-106.59092643996992,177.8755673948986
2023-06-05,179.5800018310547,0.24120000000000003,0.0546,165.48999710083007,76,0.20821917808219179,2.088951490531848,-0.18386730216784342,5.438704914956271,46.954476657659555,19141.073733629208,1.4210854715202004e-14,True,False,-0.5187734637303674,108.36926003079203,69.50630736410658
2023-06-06,179.2100067138672,0.21960000000000002,0.054400000000000004,165.48999710083007,75,0.2054794520547945,1.6722016848750947,-0.16797797829788208,5.953161302052701,-39.06600840389115,18877.423298945403,0.0,True,False,0.5144563870964296,-86.02748372974035,155.53379109384693
2023-06-07,177.82000732421875,0.227,0.0542,165.48999710083007,74,0.20273972602739726,2.05573053761384,-0.19443080798249834,5.143217838656592,127.43074127511784,18966.738470949655,0.0,True,False,-0.8099434633961087,166.50255114440984,-10.968760050562906
2023-06-08,180.57000732421875,0.2122,0.0538,165.48999710083007,73,0.2,1.276833434697032,-0.14011787128900632,7.136848360602094,-127.10388508364957,18841.153507856172,0.0,True,False,1.9936305219455015,-254.55341068525115,243.58465063468824
2023-06-09,180.9600067138672,0.2053,0.053700000000000005,165.48999710083007,72,0.19726027397260273,1.0843159439952608,-0.1267600969395497,7.888917917733113,-208.67068757982665,18742.737931713684,0.0,True,False,0.7520695571310192,-81.54810117906187,325.13275181375013
2023-06-12,183.7899932861328,0.2061,0.054000000000000006,165.48999710083007,69,0.18904109589041096,0.7312528701690617,-0.09189708762640592,10.0,-363.13680680116147,18747.11539198118,8.10291237359408,True,False,2.111082082266887,-154.37348318201407,479.5062349957642
2023-06-13,183.30999755859375,0.20579999999999998,0.0536,165.48999710083007,68,0.1863013698630137,0.7562107950685117,-0.09541564830216243,10.0,-363.1901371081801,18724.020413819708,4.584351697837576,False,False,0.0,0.0,479.5062349957642
2023-06-14,183.9499969482422,0.1968,0.0536,165.48999710083007,67,0.18356164383561643,0.5717502945123147,-0.0788162901657804,10.0,-363.24347524729285,18603.50651408924,21.1837098342196,False,False,0.0,0.0,479.5062349957642
2023-06-15,186.00999450683594,0.19940000000000002,0.0533,165.48999710083007,66,0.18082191780821918,0.44135315237288,-0.06243861240143678,10.0,-363.2965226196456,18679.05608043683,37.56138759856322,False,False,0.0,0.0,479.5062349957642
2023-06-16,184.9199981689453,0.1957,0.0534,165.48999710083007,65,0.1780821917808219,0.46170200012465124,-0.06672131059157393,10.0,-363.3496772867768,18590.352139732408,33.27868940842606,False,False,0.0,0.0,479.5062349957642
2023-06-20,185.00999450683594,0.20629999999999998,0.053899999999999997,165.48999710083007,61,0.16712328767123288,0.5050102914068155,-0.07063947301267015,10.0,-363.56436586643025,18642.44537622398,29.36052698732985,False,False,0.0,0.0,479.5062349957642
2023-06-21,183.9600067138672,0.20199999999999999,0.054000000000000006,165.48999710083007,60,0.1643835616438356,0.5209993883771649,-0.07475595606011287,10.0,-363.61815745024876,18553.381902313635,25.244043939887135,False,False,0.0,0.0,479.5062349957642
2023-06-22,187.0,0.1979,0.054000000000000006,165.48999710083007,59,0.16164383561643836,0.2905296404887796,-0.04596527945516693,10.0,-363.6719569928629,18626.857683495917,54.03472054483307,False,False,0.0,0.0,479.5062349957642
2023-06-23,186.67999267578125,0.2,0.0541,165.48999710083007,58,0.1589041095890411,0.3098034852467819,-0.04856393040598883,10.0,-363.7258641463582,18614.076888678548,51.43606959401117,False,False,0.0,0.0,479.5062349957642
2023-06-26,185.27000427246094,0.2119,0.055,165.48999710083007,55,0.1506849315068493,0.4462987558344338,-0.0649527089955183,10.0,-363.89032533707086,18609.408857743456,35.04729100448169,False,False,0.0,0.0,479.5062349957642
2023-06-27,188.05999755859375,0.2011,0.054400000000000004,165.48999710083007,54,0.14794520547945206,0.21595429948533162,-0.03627939436053207,10.0,-363.94456399173686,18658.009491352972,63.720605639467934,False,False,0.0,0.0,479.5062349957642
2023-06-28,189.25,0.1998,0.054400000000000004,165.48999710083007,53,0.14520547945205478,0.1619529242750133,-0.028460478464495398,10.0,-363.9988107307938,18722.95411354422,71.5395215355046,False,False,0.0,0.0,479.5062349957642
2023-06-29,189.58999633789062,0.214,0.0546,165.48999710083007,52,0.14246575342465753,0.21409021717356858,-0.034392629103975,10.0,-364.05326503663326,18809.036585926,65.607370896025,False,False,0.0,0.0,479.5062349957642
2023-06-30,193.97000122070312,0.21739999999999998,0.0543,165.48999710083007,51,0.13972602739726028,0.10829441503794612,-0.018397489990864435,10.0,-364.10742822234704,19141.18710888591,81.60251000913556,False,False,0.0,0.0,479.5062349957642
2023-07-03,192.4600067138672,0.23760000000000003,0.054400000000000004,165.48999710083007,48,0.13150684931506848,0.19991544980567433,-0.030167108658235686,10.0,-364.2702655341836,19081.64585565821,69.83289134176431,False,False,0.0,0.0,479.5062349957642
2023-07-05,191.3300018310547,0.2522,0.054400000000000004,165.48999710083007,46,0.12602739726027398,0.2921895765410776,-0.040765633047098127,10.0,-364.37886419819444,19060.81089544835,59.23436695290187,False,False,0.0,0.0,479.5062349957642
2023-07-06,191.80999755859375,0.2583,0.0546,165.48999710083007,45,0.1232876712328767,0.2931476509208286,-0.04032406235534458,10.0,-364.43337536012007,19109.714031420084,59.67593764465542,False,False,0.0,0.0,479.5062349957642
2023-07-07,190.67999267578125,0.2536,0.0546,165.48999710083007,44,0.12054794520547946,0.29626042364415994,-0.04200039753761131,10.0,-364.487894676928,18999.771796545356,57.99960246238869,False,False,0.0,0.0,479.5062349957642
2023-07-10,188.61000061035156,0.2664,0.05480000000000001,165.48999710083007,41,0.11232876712328767,0.42640999044978223,-0.0572569988845919,10.0,-364.65210099646526,18922.757950488474,42.7430011154081,False,False,0.0,0.0,479.5062349957642
2023-07-11,188.0800018310547,0.26530000000000004,0.054900000000000004,165.48999710083007,40,0.1095890410958904,0.4268099152524645,-0.058282201624870855,10.0,-364.7069527936948,18870.103145564237,41.71779837512914,False,False,0.0,0.0,479.5062349957642
2023-07-12,189.77000427246094,0.2493,0.0547,165.48999710083007,39,0.10684931506849316,0.23176917042221667,-0.03653136970158588,10.0,-364.76161297242464,18844.007984695887,63.46863029841412,False,False,0.0,0.0,479.5062349957642
2023-07-13,190.5399932861328,0.2509,0.0547,165.48999710083007,38,0.10410958904109589,0.19869148614388,-0.032018611775897265,10.0,-364.81628134330737,18887.874533413855,67.98138822410274,False,False,0.0,0.0,479.5062349957642
2023-07-14,190.69000244140625,0.25120000000000003,0.054900000000000004,165.48999710083007,37,0.10136986301369863,0.1818284682266773,-0.029933278843884192,10.0,-364.8711578369176,18885.957554530385,70.0667211561158,False,False,0.0,0.0,479.5062349957642
2023-07-17,193.99000549316406,0.2506,0.054900000000000004,165.48999710083007,34,0.09315068493150686,0.07811329838993641,-0.014532888411992406,10.0,-365.035836850596,19112.07801085575,85.4671115880076,False,False,0.0,0.0,479.5062349957642
2023-07-18,193.72999572753906,0.252,0.054900000000000004,165.48999710083007,33,0.09041095890410959,0.077239083006309,-0.014528701124751686,10.0,-365.0907463702443,19085.14790938997,85.47129887524831,False,False,0.0,0.0,479.5062349957642
2023-07-19,195.10000610351562,0.2615,0.054900000000000004,165.48999710083007,32,0.08767123287671233,0.07013418507004143,-0.012982606865668322,10.0,-365.1456641495072,19214.989131272097,87.01739313433168,False,False,0.0,0.0,479.5062349957642
2023-07-20,193.1300048828125,0.2664,0.054900000000000004,165.48999710083007,31,0.08493150684931507,0.10280998661730445,-0.018385394131748556,10.0,-365.2005901896272,19050.609884708927,81.61460586825145,False,False,0.0,0.0,479.5062349957642
2023-07-21,191.94000244140625,0.256,0.055,165.48999710083007,30,0.0821917808219178,0.08869872403697387,-0.01706464757142301,10.0,-365.25562456186736,18917.44334361573,82.93535242857699,False,False,0.0,0.0,479.5062349957642
2023-07-24,192.75,0.2528,0.055099999999999996,183.11249999999998,90,0.2465753424657534,4.508038326105371,-0.2810902472450675,3.557576293737981,-1921.2266720893563,18957.542355932117,0.0,True,True,3.557576293737981,-1603.769028021472,2035.3118292947129
2023-07-25,193.6199951171875,0.2548,0.055099999999999996,183.11249999999998,89,0.24383561643835616,4.295681576385768,-0.269885649535037,3.7052729617999876,-1984.9625058431993,18968.704285624004,0.0,True,False,0.14769666806200643,-63.44578558875252,2098.7576148834655
2023-07-26,194.5,0.2525,0.055099999999999996,183.11249999999998,88,0.2410958904109589,3.956254724501747,-0.255990530920732,3.906394492027723,-2064.830976642417,18930.63818984281,0.0,True,False,0.2011215302277356,-79.56880041625,2178.3264152997153
2023-07-27,193.22000122070312,0.2625,0.055099999999999996,183.11249999999998,87,0.23835616438356164,4.5735417797387825,-0.27900531880708546,3.5841610628628797,-1917.7678996809097,19043.46325902104,0.0,True,False,-0.32223342916484343,147.37480511139088,2030.9516101883244
2023-07-28,195.8300018310547,0.251,0.0552,183.11249999999998,86,0.2356164383561644,3.511542692282596,-0.23613613667361344,4.234845263781869,-2146.5484862414346,18923.535690762114,0.0,True,False,0.6506842009189895,-228.49053507208177,2259.442145260406
2023-07-31,196.4499969482422,0.2586,0.0555,183.11249999999998,83,0.2273972602739726,3.474588078409653,-0.23143251337682136,4.320914055717777,-2177.4332484140564,18968.90609299313,1.4210854715202004e-14,True,False,0.086068791935908,-29.905359838362678,2289.3475050987686
2023-08-01,195.61000061035156,0.2576,0.055400000000000005,183.11249999999998,82,0.22465753424657534,3.607968779245681,-0.24080432342849567,4.15274935998788,-2117.090468908179,18942.20859601385,0.0,True,False,-0.16816469572989678,60.673297196481705,2228.674207902287
2023-08-02,192.5800018310547,0.2766,0.0553,183.11249999999998,81,0.2219178082191781,4.948575960455038,-0.29245973829966887,3.4192740710700837,-1754.4454286816153,19195.60850145432,-1.4210854715202004e-14,True,False,-0.7334752889177967,362.96581823264216,1865.708389669645
2023-08-03,191.1699981689453,0.276,0.055400000000000005,183.11249999999998,80,0.2191780821917808,5.309603744373547,-0.3114147353543446,3.2111518385992417,-1644.2070815793027,19177.78711791308,0.0,True,False,-0.20812223247084205,110.50465848145647,1755.2037311881884
2023-08-04,181.99000549316406,0.24600000000000002,0.055400000000000005,183.11249999999998,79,0.21643835616438356,7.761246704276701,-0.45689209306718503,2.188700603870928,-850.9070320397719,19046.7980521208,-1.4210854715202004e-14,True,False,-1.022451234728314,793.549627581877,961.6541036063114
2023-08-07,178.85000610351562,0.24370000000000003,0.0556,183.11249999999998,76,0.20821917808219179,9.101690140261908,-0.5207738008883369,1.9202194854929302,-606.9327789621528,19025.79210721439,0.0,True,False,-0.2684811183779976,244.3631947987511,717.2909088075603
2023-08-08,179.8000030517578,0.24059999999999998,0.055700000000000006,183.11249999999998,75,0.2054794520547945,8.475572593740466,-0.5031565012797423,1.9874532028435925,-664.0098308496708,19000.470864062398,0.0,True,False,0.0672337173506623,-56.98442521525663,774.2753340228169
2023-08-09,178.19000244140625,0.249,0.0555,183.11249999999998,74,0.20273972602739726,9.548484340272552,-0.5345192624603438,1.8708399682306875,-552.7628399476372,19052.606018173658,-1.4210854715202004e-14,True,False,-0.11661323461290496,111.34796445698522,662.9273695658317
2023-08-10,177.97000122070312,0.2382,0.055400000000000005,183.11249999999998,73,0.2,9.290012450592357,-0.5438470531398183,1.8387522635760405,-523.0372275379864,18982.166036749957,0.0,True,False,-0.03208770465464705,29.809517575260145,633.1178519905716
2023-08-11,177.7899932861328,0.228,0.055400000000000005,183.11249999999998,72,0.19726027397260273,9.034201539005963,-0.5528024432692746,1.8089645083440626,-496.2057621672674,18917.048560974923,0.0,True,False,-0.029787755231977853,26.910858416026723,606.2069935745449
2023-08-14,179.4600067138672,0.2236,0.0556,183.11249999999998,69,0.18904109589041096,7.894509571973458,-0.5201477312495908,1.9225307348695404,-586.0875394598935,18877.656860810897,0.0,True,False,0.11356622652547776,-89.65496623582904,695.861959810374
2023-08-15,177.4499969482422,0.23809999999999998,0.0556,183.11249999999998,68,0.1863013698630137,9.390821483682217,-0.5609880457993528,1.7825691785911382,-454.7414252934725,18964.23716337709,-1.4210854715202004e-14,True,False,-0.13996155627840223,131.43539895888173,564.4265608514922
2023-08-16,176.57000732421875,0.239,0.0556,183.11249999999998,67,0.18356164383561643,9.88423852627976,-0.5809971350086861,1.7211788832401895,-394.1310685255834,18964.123926730474,0.0,True,False,-0.06139029535094864,60.679632244753975,503.74692860673827
2023-08-17,174.0,0.2514,0.0556,183.11249999999998,66,0.18082191780821918,11.762174562775016,-0.6292982731113029,1.5890715781817053,-238.80419228672193,19030.289537245037,0.0,True,False,-0.13210730505848423,155.38691831156623,348.36001029517206
2023-08-18,174.49000549316406,0.2484,0.0555,183.11249999999998,65,0.1780821917808219,11.33864565206251,-0.6230250233013468,1.6050719675770018,-256.98278093473454,19011.951997023112,0.0,True,False,0.016000389395296466,-18.142274564828536,366.5022848600006
2023-08-21,175.83999633789062,0.23850000000000002,0.055700000000000006,183.11249999999998,62,0.16986301369863013,10.121997507848803,-0.6052209016262834,1.6522892671302485,-304.89379553897567,18951.552622663854,-1.4210854715202004e-14,True,False,0.04721729955324672,-47.79333884053137,414.29562370053196
2023-08-22,177.22999572753906,0.2379,0.055700000000000006,183.11249999999998,61,0.16712328767123288,9.246995515804741,-0.5758927321317153,1.7364344854612352,-382.7493723761073,18945.930390432673,0.0,True,False,0.08414521833098676,-77.80904565830454,492.10466935883653
2023-08-23,181.1199951171875,0.2436,0.055700000000000006,183.11249999999998,60,0.1643835616438356,7.302873148616769,-0.4875103618265286,2.051238452149723,-612.705128976584,18997.28780410361,0.0,True,False,0.31480396668848787,-229.89734354074056,722.002012899577
2023-08-24,176.3800048828125,0.2487,0.0558,183.11249999999998,59,0.16164383561643836,9.964878703720785,-0.5926769115332655,1.6872599228017546,-250.09861491142993,19069.2359206067,1.4210854715202004e-14,True,False,-0.3639785293479685,362.7001895711182,359.30182332845885
2023-08-25,178.61000061035156,0.22820000000000001,0.056100000000000004,183.11249999999998,58,0.1589041095890411,8.070979327552493,-0.5517966252759683,1.812261899028239,-351.0258942828822,18972.64699906907,1.4210854715202004e-14,True,False,0.12500197622648446,-100.88883660271644,460.1906599311753
2023-08-28,180.19000244140625,0.2243,0.0558,183.11249999999998,55,0.1506849315068493,7.00020308444644,-0.5178182202402388,1.9311796319875645,-434.43175036590674,18936.433455420665,0.0,True,False,0.1189177329593254,-83.24482810572478,543.4354880369001
2023-08-29,184.1199951171875,0.2195,0.0556,183.11249999999998,54,0.14794520547945206,4.9846425299884345,-0.4189291937867171,2.387038227059235,-661.7271459248864,18940.125592524626,1.4210854715202004e-14,True,False,0.4558585950716705,-227.2292140655025,770.6647021024025
2023-08-30,187.64999389648438,0.2182,0.0556,183.11249999999998,53,0.14520547945205478,3.5811257252340383,-0.3324843057769986,3.007660760597562,-884.0806857343656,18957.99983616936,0.0,True,False,0.6206225335383269,-222.25273205140272,992.9174341538053
2023-08-31,187.8699951171875,0.223,0.0556,183.11249999999998,52,0.14246575342465753,3.587998746251209,-0.32963351196795054,3.0336721349412663,-893.5482447662578,18981.93244862314,0.0,True,False,0.026011374343704485,-9.332877853348256,1002.2503120071535
2023-09-01,189.4600067138672,0.2091,0.0553,183.11249999999998,51,0.13972602739726028,2.714577050392151,-0.28300981483571575,3.533446359733105,-1029.3511978011952,18875.83071327784,0.0,True,False,0.49977422479183886,-135.6675640997454,1137.9178761068988
2023-09-05,189.6999969482422,0.21739999999999998,0.0555,183.11249999999998,47,0.12876712328767123,2.6700131380983834,-0.2797240521221148,3.5749517869970133,-1041.0594629832253,18883.457055776023,-1.4210854715202004e-14,True,False,0.04150542726390816,-11.082003609702161,1148.999879716601
2023-09-06,182.91000366210938,0.2472,0.0555,183.11249999999998,46,0.12602739726027398,5.860260476651234,-0.4558186848281939,2.1938547788511955,-231.85895197573393,19344.797459436613,0.0,True,False,-1.3810970081458178,809.3588211258203,339.64105859078074
2023-09-07,177.55999755859375,0.2701,0.0553,183.11249999999998,45,0.1232876712328767,9.166961175634995,-0.5813593275664548,1.720106571930233,202.3890591308651,19535.203831274146,-1.4210854715202004e-14,True,False,-0.4737482069209624,434.2831419871157,-94.64208339633495
2023-09-08,178.17999267578125,0.2481,0.0555,183.11249999999998,44,0.12054794520547946,8.216950462708553,-0.5777970555190838,1.7307114850241245,193.7058311420839,19433.822152488607,0.0,True,False,0.010604913093891444,-8.714004555383529,-85.92807884095143
2023-09-11,179.36000061035156,0.2444,0.0555,183.11249999999998,41,0.11232876712328767,7.301272987605884,-0.5539770334006586,1.8051289849714032,139.45996478291158,19393.433975529682,0.0,True,False,0.07441749994727864,-54.33424821702279,-31.59383062392864
2023-09-12,176.3000030517578,0.24280000000000002,0.0556,183.11249999999998,40,0.1095890410958904,9.037103440404863,-0.6389678159313251,1.5650240513952238,356.46652229345756,19400.79525138725,-1.4210854715202004e-14,True,False,-0.24010493357617935,216.98531212794717,-248.5791427518758
2023-09-13,174.2100067138672,0.2361,0.0555,183.11249999999998,39,0.10684931506849316,10.256237275903302,-0.7020687673314893,1.4243618952042618,500.7871738218057,19382.647201605545,0.0,True,False,-0.140662156190962,144.2664449634677,-392.8455877153435
2023-09-14,175.74000549316406,0.2223,0.0555,183.11249999999998,38,0.10410958904109589,8.884687951974954,-0.6759899222493313,1.4793119942861535,452.04187837490707,19340.364972975938,-1.4210854715202004e-14,True,False,0.054950099081891635,-48.821448327271256,-344.0241393880723
2023-09-15,175.00999450683594,0.22890000000000002,0.0556,183.11249999999998,37,0.10136986301369863,9.474862363830567,-0.6940013165255856,1.44091945676177,488.48714348596957,19354.737947187892,0.0,True,False,-0.03839253752438343,36.376400884173336,-380.4005402722456
2023-09-18,177.97000122070312,0.2263,0.0555,183.11249999999998,34,0.09315068493150686,7.339685519285197,-0.6190716843567831,1.6153218201846888,360.7041746196077,19343.29971394942,0.0,True,False,0.17440236342291882,-128.00585013443117,-252.39469013781445
2023-09-19,179.07000732421875,0.2284,0.055400000000000005,183.11249999999998,33,0.09041095890410959,6.668190272712479,-0.5862030765486304,1.7058934693547994,300.36402775279146,19344.88698403821,0.0,True,False,0.09057164917011051,-60.39489899796582,-191.99979113984864
2023-09-20,175.49000549316406,0.24100000000000002,0.0556,183.11249999999998,32,0.08767123287671233,9.148579375267559,-0.6885893842743547,1.452244287869489,532.4627523488365,19410.060515650537,0.0,True,False,-0.25364918148531035,232.05296702900083,-424.05275816884944
2023-09-21,173.92999267578125,0.2516,0.055700000000000006,183.11249999999998,31,0.08493150684931507,10.38952340342604,-0.7259044474092222,1.377591780252944,610.1044113245047,19434.35588303316,0.0,True,False,-0.07465250761654496,77.56039750065345,-501.6131556695029
2023-09-22,174.7899932861328,0.2525,0.0556,183.11249999999998,30,0.0821917808219178,9.740030956290994,-0.7065207976058065,1.4153865015562304,573.3851793082653,19430.975341948957,0.0,True,False,0.037794721303286316,-36.81217554783994,-464.8009801216629
2023-09-25,176.0800018310547,0.2589,0.0558,167.27600173950194,90,0.2465753424657534,4.289209185867961,-0.28424203836301787,3.5181284434882096,307.7530790080093,19424.752145800776,-1.4210854715202004e-14,True,True,3.5181284434882096,-1508.998883687298,-198.905847785476
2023-09-26,171.9600067138672,0.2799,0.0558,167.27600173950194,89,0.24383561643835616,6.219759859505153,-0.3566749661395586,2.803673077545687,752.1742115331501,19691.992209609263,0.0,True,False,-0.7144553659425226,444.3740806497367,-643.2799284352127
2023-09-27,170.42999267578125,0.275,0.0558,167.27600173950194,88,0.2410958904109589,6.588226728425013,-0.3799993490509598,2.6315834553334856,865.665755118095,19642.411868547133,0.0,True,False,-0.17208962221220148,113.37654487429886,-756.6564733095115
2023-09-28,170.69000244140625,0.2727,0.0556,167.27600173950194,87,0.23835616438356164,6.381595571587837,-0.3752946055184231,2.6645733386405164,844.7448216373654,19614.168007581924,-1.4210854715202004e-14,True,False,0.03298988330703079,-21.05280932193472,-735.6036639875767
2023-09-29,171.2100067138672,0.2724,0.0555,167.27600173950194,86,0.2356164383561644,6.141972845108128,-0.3666209529634509,2.7276127889496045,806.1546197067696,19602.4476592633,-1.4210854715202004e-14,True,False,0.06303945030908809,-38.718659196896226,-696.8850047906806
2023-10-02,173.75,0.2868,0.0562,167.27600173950194,83,0.2273972602739726,5.566878082930742,-0.33015896823703883,3.0288439697389844,638.8353570756835,19699.955868251374,0.0,True,False,0.30123118078937994,-167.69172582317472,-529.1932789675059
2023-10-03,172.39999389648438,0.3115,0.0562,167.27600173950194,82,0.22465753424657534,6.735161005989546,-0.3580436161290028,2.792955815862671,797.8081973675988,19918.908297261034,0.0,True,False,-0.23588815387631357,158.8744695762609,-688.0677485437668
2023-10-04,173.66000366210938,0.3003,0.056100000000000004,167.27600173950194,81,0.2219178082191781,5.914727356762711,-0.3359669350128385,2.976483385074149,689.3792753850187,19815.88841206073,-1.4210854715202004e-14,True,False,0.18352756921147817,-108.55155343352916,-579.5161951102376
2023-10-05,174.91000366210938,0.2977,0.056100000000000004,167.27600173950194,80,0.2191780821917808,5.385205604865163,-0.3162878935837632,3.1616764988039856,589.7549407743686,19783.383107198275,0.0,True,False,0.1851931137298366,-99.73029940403475,-479.78589570620284
2023-10-06,177.49000549316406,0.2838,0.0563,167.27600173950194,79,0.21643835616438356,4.187123355306454,-0.27185664137467347,3.678409307727,373.4835142008955,19662.67941579334,0.0,True,False,0.5167328089230145,-216.36240126946615,-263.4234944367367
2023-10-09,178.99000549316406,0.2791,0.0563,167.27600173950194,76,0.20821917808219179,3.5521484478244574,-0.24598290873612583,4.0653230955681305,236.21885876057488,19579.282520459707,0.0,True,False,0.3869137878411304,-137.43752109217527,-125.98597334456142
2023-10-10,178.38999938964844,0.2777,0.056100000000000004,167.27600173950194,75,0.2054794520547945,3.627532980931896,-0.2528561544089021,3.954817719733516,276.34135760688645,19549.96446776245,0.0,True,False,-0.1105053758346144,40.086189541033825,-166.07216288559525
2023-10-11,179.8000030517578,0.27030000000000004,0.056100000000000004,167.27600173950194,74,0.20273972602739726,3.0636972590032627,-0.2273709521624816,4.398099187645525,140.57581233831468,19468.020560115503,1.4210854715202004e-14,True,False,0.44328146791200895,-135.80802182089644,-30.264141064698805
2023-10-12,180.7100067138672,0.2721,0.0563,167.27600173950194,73,0.2,2.866110303767499,-0.21529296370662976,4.644833638700129,69.88068210211821,19472.14190860527,0.0,True,False,0.24673445105460434,-70.71681524620192,40.45267418150311
2023-10-13,178.85000610351562,0.2924,0.0562,167.27600173950194,72,0.19726027397260273,3.760370404330814,-0.2528780142835447,3.9544758481009312,329.49154305785896,19701.521547793396,0.0,True,False,-0.6903577905991982,259.6001004168434,-219.1474262353403
2023-10-16,178.72000122070312,0.29350000000000004,0.056100000000000004,167.27600173950194,69,0.18904109589041096,3.6878214604518575,-0.252870741093959,3.9545895886326785,329.60155980878517,19659.98371710301,0.0,True,False,0.00011374053174728616,-0.04194547739008477,-219.10548075795023
2023-10-17,177.14999389648438,0.29100000000000004,0.0562,167.27600173950194,68,0.1863013698630137,3.991015008567132,-0.2733309089362127,3.658569035942328,447.79456018919393,19622.934343070116,1.4210854715202004e-14,True,False,-0.2960205526903503,118.14224686315256,-337.2477276211028
2023-10-18,175.83999633789062,0.3036,0.056100000000000004,167.27600173950194,67,0.18356164383561643,4.643564775813651,-0.29872990259867827,3.347505526902095,592.3077462511563,19730.743255196627,1.4210854715202004e-14,True,False,-0.3110635090402334,144.4443553620219,-481.6920829831247
2023-10-19,175.4600067138672,0.3122,0.055999999999999994,167.27600173950194,66,0.18082191780821918,4.933377298954703,-0.3076745766456034,3.250187294973856,640.4093834527578,19789.85007667698,0.0,True,False,-0.09731823192823885,48.01075561691823,-529.7028386000429
2023-10-20,172.8800048828125,0.3145,0.0558,167.27600173950194,65,0.1780821917808219,5.788551078175914,-0.34844517939120023,2.8698919059439696,860.6432230372501,19809.895299958527,-1.4210854715202004e-14,True,False,-0.38029538902988635,220.1359284194277,-749.8387670194707
2023-10-23,173.0,0.3073,0.0558,167.27600173950194,62,0.16986301369863013,5.39015747162432,-0.34317092475989397,2.9139997821775516,837.2631906211122,19707.954960442712,0.0,True,False,0.04410787623358203,-23.774839863792298,-726.0639271556784
2023-10-24,173.44000244140625,0.2969,0.0558,167.27600173950194,61,0.16712328767123288,4.9174643974267696,-0.3315422521059521,3.016206814208484,787.1312543316302,19614.34046088688,0.0,True,False,0.10220703203093251,-50.259944117876806,-675.8039830378016
2023-10-25,171.10000610351562,0.30829999999999996,0.0559,167.27600173950194,60,0.1643835616438356,5.985884151138279,-0.3756824835068947,2.661822267211581,999.3822975816752,19702.718880178116,0.0,True,False,-0.3543845469969029,212.13048432770796,-887.9344673655096
2023-10-26,166.88999938964844,0.32780000000000004,0.0559,167.27600173950194,59,0.16164383561643836,8.190920257851062,-0.4534584508625811,2.2052737094165353,1373.4906484595913,19868.812697481062,0.0,True,False,-0.4565485577950459,373.95528307361275,-1261.8897504391223
2023-10-27,168.22000122070312,0.3178,0.0559,167.27600173950194,58,0.1589041095890411,7.278438804459228,-0.42940825897779145,2.328786135554321,1283.8032520782583,19800.79611177909,0.0,True,False,0.12351242613778579,-89.89776352341643,-1171.9919869157059
2023-10-30,170.2899932861328,0.311,0.055999999999999994,167.27600173950194,55,0.1506849315068493,6.071305683862093,-0.39043678960277206,2.5612340502476565,1143.268054742272,19727.270868052525,0.0,True,False,0.23244791469333537,-141.1262345679538,-1030.865752347752
2023-10-31,170.77000427246094,0.29850000000000004,0.0559,167.27600173950194,54,0.14794520547945206,5.513593915362122,-0.3784744870142076,2.642186023922032,1098.809529487593,19632.60403520882,1.4210854715202004e-14,True,False,0.08095197367437557,-44.63363094875918,-986.2321213989928
2023-11-01,173.97000122070312,0.2773,0.055700000000000006,167.27600173950194,53,0.14520547945205478,3.845803966310825,-0.30828857693692246,3.2437140874168864,867.6413223836189,19512.11029475055,0.0,True,False,0.6015280634948543,-231.33590124357806,-754.8962201554148
2023-11-02,177.57000732421875,0.27690000000000003,0.055400000000000005,167.27600173950194,52,0.14246575342465753,2.7998455362174823,-0.24222173341036146,4.128448698308354,620.060998587115,19532.963596955142,1.4210854715202004e-14,True,False,0.8847346108914675,-247.71202510415864,-507.1841950512561
2023-11-03,176.64999389648438,0.2193,0.0553,167.27600173950194,51,0.13972602739726028,1.8105545863058765,-0.2117403998057401,4.722764294945337,512.5508662718742,19032.632511345804,0.0,True,False,0.5943155966369833,-107.60408292042035,-399.58011213083574
2023-11-06,179.22999572753906,0.21420000000000003,0.0556,167.27600173950194,48,0.13150684931506848,1.1531205060732788,-0.15349021300522114,6.515073374521826,306.11031323623115,18980.37635666345,0.0,True,False,1.7923090795764889,-206.67483528809734,-192.9052768427384
2023-11-07,181.82000732421875,0.2086,0.0555,167.27600173950194,47,0.12876712328767123,0.715669786471846,-0.10625531081114903,9.411294290760976,98.88308184590997,18954.421711817045,1.4210854715202004e-14,True,False,2.89622091623915,-207.27378047001665,14.368503627278244
2023-11-08,182.88999938964844,0.2072,0.055400000000000005,167.27600173950194,46,0.12602739726027398,0.5734238447608391,-0.08932760329510392,10.0,65.1403024179596,18927.564086143644,10.672396704896087,True,False,0.588705709239024,-33.75778912244978,48.12629274972802
2023-11-09,182.41000366210938,0.2364,0.055400000000000005,167.27600173950194,45,0.1232876712328767,0.9416021760611812,-0.12155811021129748,8.226518150551678,232.14162708152554,19247.752732489087,0.0,True,False,-1.7734818494483218,166.9914368645548,-118.86514411482678
2023-11-10,186.39999389648438,0.203,0.0553,167.27600173950194,44,0.12054794520547946,0.26811045315072946,-0.04788857661586099,10.0,184.62789856148302,19092.737741360652,52.11142338413901,True,False,1.7734818494483218,-47.54890223101833,-71.31624188380844
2023-11-13,184.8000030517578,0.2147,0.0555,167.27600173950194,41,0.11232876712328767,0.3944059572290648,-0.06588412416189016,10.0,184.71213844517516,19059.11840085002,34.115875838109844,False,False,0.0,0.0,-71.31624188380844
2023-11-14,187.44000244140625,0.1963,0.0552,167.27600173950194,40,0.1095890410958904,0.1462364438096566,-0.03025887825223561,10.0,184.74007510565343,19074.976763055933,69.7411217477644,False,False,0.0,0.0,-71.31624188380844
2023-11-15,188.00999450683594,0.2104,0.0553,167.27600173950194,39,0.10684931506849316,0.18021415239809446,-0.034431616161865186,10.0,184.7680666127739,19165.98166969446,65.56838383813482,False,False,0.0,0.0,-71.31624188380844
2023-11-16,189.7100067138672,0.2071,0.055099999999999996,167.27600173950194,38,0.10410958904109589,0.10936130681675049,-0.022609333897286588,10.0,184.79596110303208,19265.1579393065,77.39066610271341,False,False,0.0,0.0,-71.31624188380844
2023-11-17,189.69000244140625,0.20350000000000001,0.055,167.27600173950194,37,0.10136986301369863,0.09087953012865757,-0.01973648149882823,10.0,184.82380916786283,19244.703583437145,80.26351850117177,False,False,0.0,0.0,-71.31624188380844
2023-11-20,191.4499969482422,0.1869,0.055400000000000005,167.27600173950194,34,0.09315068493150686,0.023303440862940228,-0.006472098907514878,10.0,184.90798646015278,19353.21112214731,93.52790109248512,False,False,0.0,0.0,-71.31624188380844
2023-11-21,190.63999938964844,0.18730000000000002,0.0553,167.27600173950194,33,0.09041095890410959,0.026450694672309982,-0.007375816742004937,10.0,184.9360034089208,19275.386637046075,92.62418325799506,False,False,0.0,0.0,-71.31624188380844
2023-11-22,191.30999755859375,0.17989999999999998,0.055400000000000005,167.27600173950194,32,0.08767123287671233,0.013410548073398143,-0.004168250400857776,10.0,184.96407527785217,19329.374379210625,95.83174959914223,False,False,0.0,0.0,-71.31624188380844
2023-11-24,189.97000122070312,0.1884,0.055400000000000005,167.27600173950194,30,0.0821917808219178,0.02316500829416479,-0.006818143064726057,10.0,185.02023179964587,19205.18536216412,93.18185693527394,False,False,0.0,0.0,-71.31624188380844
2023-11-27,189.7899932861328,0.18480000000000002,0.054900000000000004,180.30049362182618,90,0.2465753424657534,2.3812734887553333,-0.225915947900313,4.426425001395904,-855.5794374296236,19177.47274176244,1.4210854715202004e-14,True,True,4.426425001395904,-1054.0528505787854,969.3669333958267
2023-11-28,190.39999389648438,0.1821,0.0547,180.30049362182618,89,0.24383561643835616,2.1529114109483345,-0.21202777314700771,4.716363262970546,-918.1288059322087,19137.26181241891,0.0,True,False,0.2899382615746422,-62.42113918145702,1031.7880725772836
2023-11-29,189.3699951171875,0.1857,0.0545,180.30049362182618,88,0.2410958904109589,2.462407306902456,-0.233325267591189,4.285862437119788,-812.2590687128527,19180.094341160147,1.4210854715202004e-14,True,False,-0.4305008258507579,106.00683792024479,925.7812346570388
2023-11-30,189.9499969482422,0.1814,0.0545,180.30049362182618,87,0.23835616438356164,2.1891348674049453,-0.21779770796228537,4.591416545913162,-879.2702756302781,19120.852424337787,0.0,True,False,0.3055541087933742,-66.88991534384195,992.6711500008807
2023-12-01,191.24000549316406,0.17870000000000003,0.0543,180.30049362182618,86,0.2356164383561644,1.8343294402890962,-0.19216535242779464,5.203851721270857,-991.7418791128359,19086.816511726192,1.4210854715202004e-14,True,False,0.6124351753576942,-112.34078724272337,1105.011937243604
2023-12-04,189.42999267578125,0.18730000000000002,0.0546,180.30049362182618,83,0.2273972602739726,2.3742510455565835,-0.2306524930650976,4.335526517451375,-786.0248378371617,19186.337266450686,0.0,True,False,-0.8683252038194818,206.16220230515378,898.8497349384503
2023-12-05,193.4199981689453,0.1869,0.0545,180.30049362182618,82,0.22465753424657534,1.5583503356837909,-0.16468359223229334,6.072250346527884,-1056.7846281554464,19231.48452532586,0.0,True,False,1.7367238290765092,-270.6424162031417,1169.4921511415919
2023-12-06,192.32000732421875,0.1845,0.0545,180.30049362182618,81,0.2219178082191781,1.669665979017175,-0.17744866532294323,5.63543263726484,-984.0084669867974,19188.92128058349,1.4210854715202004e-14,True,False,-0.4368177092630443,72.93396681887207,1096.5581843227199
2023-12-07,194.27000427246094,0.1838,0.054400000000000004,180.30049362182618,80,0.2191780821917808,1.3183408583926273,-0.14713042021418477,6.796690980317003,-1137.2485676961364,19185.787401672012,0.0,True,False,1.1612583430521628,-153.09343207949883,1249.6516164022187
2023-12-08,195.7100067138672,0.17620000000000002,0.054400000000000004,180.30049362182618,79,0.21643835616438356,0.961558966981908,-0.1179973639551618,8.474765592051643,-1298.7748461183983,19087.12451007902,-1.4210854715202004e-14,True,False,1.6780746117346403,-161.35676901781272,1411.0083854200313
2023-12-11,193.17999267578125,0.18539999999999998,0.0547,180.30049362182618,76,0.20821917808219179,1.4360023761485365,-0.16047624172418384,6.231452015923548,-977.2185297599942,19235.618727990313,1.4210854715202004e-14,True,False,-2.243313576128095,322.14036257662156,1088.8680228434098
2023-12-12,194.7100067138672,0.17370000000000002,0.0546,180.30049362182618,75,0.2054794520547945,0.9689874026876737,-0.12336227145019851,8.106206121566926,-1159.0260330274418,19097.45579989808,0.0,True,False,1.8747541056433779,-181.66131115054293,1270.5293339939526
2023-12-13,197.9600067138672,0.1745,0.054400000000000004,180.30049362182618,74,0.20273972602739726,0.6305488593744819,-0.08551635346721953,10.0,-1278.6117454047107,19147.937785356487,14.483646532780469,True,False,1.8937938784330743,-119.41295699363512,1389.9422909875877
2023-12-14,198.11000061035156,0.1797,0.0543,180.30049362182618,73,0.2,0.6768198269994912,-0.08891782783257773,10.0,-1278.8019749454763,19209.01791308917,11.082172167422272,False,False,0.0,0.0,1389.9422909875877
2023-12-15,197.57000732421875,0.177,0.054400000000000004,180.30049362182618,72,0.19726027397260273,0.6714890899126438,-0.09023033692180604,10.0,-1278.9925831971275,19149.497239137392,9.769663078193958,False,False,0.0,0.0,1389.9422909875877
2023-12-18,195.88999938964844,0.179,0.0546,180.30049362182618,69,0.18904109589041096,0.8190032758247128,-0.10802829062459818,9.256834429372141,-1218.7011781456197,19128.4365329615,0.0,True,False,-0.743165570627859,60.86550368243585,1329.0767873051518
2023-12-19,196.94000244140625,0.1796,0.0543,180.30049362182618,68,0.1863013698630137,0.7058293910905178,-0.09543926305872641,10.0,-1271.3373045202168,19128.492330710927,4.560736941273589,True,False,0.743165570627859,-52.45481021956989,1381.5315975247217
2023-12-20,194.8300018310547,0.18710000000000002,0.054400000000000004,180.30049362182618,67,0.18356164383561643,1.0428274556511674,-0.12892580628405204,7.75639903927984,-1037.557932009864,19254.30083861034,1.4210854715202004e-14,True,False,-2.24360096072016,233.96886813643192,1147.5627293882899
2023-12-21,194.67999267578125,0.1881,0.0542,180.30049362182618,66,0.18082191780821918,1.0599843525043475,-0.13096485076667252,7.635636540231728,-1024.9113777599287,19252.453415223805,1.4210854715202004e-14,True,False,-0.1207624990481122,12.80063593603201,1134.762093452258
2023-12-22,193.60000610351562,0.1912,0.054400000000000004,180.30049362182618,65,0.1780821917808219,1.2442085328221495,-0.1485986373068644,6.729536812204709,-912.3264417388268,19284.968880981323,0.0,True,False,-0.9060997280270184,112.73770131990453,1022.0243921323533
2023-12-26,193.0500030517578,0.1973,0.0545,180.30049362182618,61,0.16712328767123288,1.3453129556626706,-0.15857196825209185,6.30628484354963,-855.930865140101,19297.462110248325,0.0,True,False,-0.4232519686550793,56.94063569414088,965.0837564382125
2023-12-27,193.14999389648438,0.19829999999999998,0.054400000000000004,180.30049362182618,60,0.1643835616438356,1.3227877889645434,-0.15680413162928075,6.377382978429539,-865.4632179849524,19293.128604605175,0.0,True,False,0.07109813487990913,-9.404774463729787,974.4885309019423
2023-12-28,193.5800018310547,0.2,0.0545,180.30049362182618,59,0.16164383561643836,1.2612963342111918,-0.15067093716305746,6.636980023013933,-898.3353344034866,19296.78470602802,0.0,True,False,0.25959704458439425,-32.74288007063558,1007.2314109725779
2023-12-29,192.52999877929688,0.2027,0.054000000000000006,180.30049362182618,58,0.1589041095890411,1.454664296850403,-0.16883104053510523,5.923081424070646,-794.6199682954616,19319.989417127566,0.0,True,False,-0.7138985989432873,103.8482803454325,903.3831306271454
2024-01-02,185.63999938964844,0.2489,0.0546,180.30049362182618,54,0.14794520547945206,4.08281520001492,-0.3310242177515065,3.0209270088833224,389.80043958257886,20187.189049547866,0.0,True,False,-2.9021544151873235,1184.8960159117216,-281.5128852845762
2024-01-03,184.25,0.2519,0.05480000000000001,180.30049362182618,53,0.14520547945205478,4.588886241119312,-0.36068279364505107,2.772519281815541,503.8504475322311,20201.128006088362,0.0,True,False,-0.24840772706778136,113.99148009290631,-395.50436537748254
2024-01-04,181.91000366210938,0.2572,0.05480000000000001,180.30049362182618,52,0.14246575342465753,5.5812325122018365,-0.41273865529528697,2.4228406696837412,699.0898636840914,20242.333941647405,0.0,True,False,-0.34967861213179985,195.1637638851617,-590.6681292626442
2024-01-05,181.17999267578125,0.24910000000000002,0.0547,180.30049362182618,51,0.13972602739726028,5.6200817944495185,-0.4282232352019505,2.3352305942212572,748.4322182604096,20178.850180680976,0.0,True,False,-0.087610075462484,49.237579011705485,-639.9057082743498
2024-01-08,185.55999755859375,0.2465,0.054900000000000004,180.30049362182618,48,0.13150684931506848,3.7388197101657923,-0.32739342604484034,3.054429076602895,479.874665544319,20177.870384894333,1.4210854715202004e-14,True,False,0.7191984823816377,-268.89534614497927,-371.0103621293705
2024-01-09,185.13999938964844,0.24989999999999998,0.0547,180.30049362182618,47,0.12876712328767123,3.9091383850653116,-0.33769713690006065,2.9612332789660094,516.3781133838113,20187.96512014254,1.4210854715202004e-14,True,False,-0.09319579763688557,36.43152698691284,-407.44188911628333
2024-01-10,186.19000244140625,0.24530000000000002,0.0546,180.30049362182618,46,0.12602739726027398,3.4055629695597887,-0.31147715147412547,3.2105083639917336,431.5631637886419,20143.92224771649,0.0,True,False,0.24927508502572415,-84.8921998797474,-322.5496892365359
2024-01-11,185.58999633789062,0.2516,0.0546,180.30049362182618,45,0.1232876712328767,3.6902840181032346,-0.32719399797353876,3.0562907822070544,488.53839347429795,20175.39613008885,-1.4210854715202004e-14,True,False,-0.15421758178467915,56.910667737053,-379.46035697358894
2024-01-12,185.9199981689453,0.2438,0.0545,180.30049362182618,44,0.12054794520547946,3.348764971540085,-0.31471834841692925,3.1774442291976905,448.03990311787334,20104.09111338835,0.0,True,False,0.12115344699063613,-40.57144194635808,-338.88891502723084
2024-01-16,183.6300048828125,0.2566,0.0545,180.30049362182618,40,0.1095890410958904,4.193905361528138,-0.37138294546550255,2.6926384536763526,651.6305336073069,20143.898106641565,0.0,True,False,-0.48480577552133797,203.32295412587462,-542.2118691531055
2024-01-17,182.67999267578125,0.263,0.0547,180.30049362182618,39,0.10684931506849316,4.639589444882702,-0.39609045689547506,2.5246758223813797,729.655961369805,20169.00115867505,1.4210854715202004e-14,True,False,-0.1679626312949729,77.92776512908813,-620.1396342821936
2024-01-18,188.6300048828125,0.25079999999999997,0.0545,180.30049362182618,38,0.10410958904109589,2.395858348145161,-0.25185325159626426,3.9705661676469415,383.3500727131957,20197.64197095641,1.4210854715202004e-14,True,False,1.4458903452655618,-346.4148454206986,-273.72478886149497
2024-01-19,191.55999755859375,0.2408,0.0545,180.30049362182618,37,0.10136986301369863,1.5279976896283145,-0.18392441390355918,5.437016102301406,159.33410571840386,20146.108665856627,0.0,True,False,1.4664499346544648,-224.07321121076149,-49.651577650733486
2024-01-22,193.88999938964844,0.2411,0.0546,180.30049362182618,34,0.09315068493150686,1.0248518072743487,-0.1371045786748446,7.2937024398841315,-30.877209187954065,20105.619142500545,1.4210854715202004e-14,True,False,1.8566863375827252,-190.28283486132472,140.63125721059123
2024-01-23,195.17999267578125,0.23320000000000002,0.0545,180.30049362182618,33,0.09041095890410959,0.7340992893302847,-0.10818868041489282,9.24311116620611,-173.98777602550143,20022.547625383897,-1.4210854715202004e-14,True,False,1.9494087263219777,-143.10595606072192,283.7372132713132
2024-01-24,194.5,0.239,0.054400000000000004,180.30049362182618,32,0.08767123287671233,0.8396715704011228,-0.12019492565087275,8.319818782572197,-96.48747271629631,20052.104057545217,1.4210854715202004e-14,True,False,-0.9232923836339122,77.52623657052831,206.21097670078487
2024-01-25,194.1699981689453,0.24300000000000002,0.054400000000000004,180.30049362182618,31,0.08493150684931507,0.8859474134277612,-0.12566358684232737,7.957754709442761,-64.42488147825861,20057.590155568614,0.0,True,False,-0.362064073129436,32.076972908414355,174.13400379237052
2024-01-26,192.4199981689453,0.2452,0.054400000000000004,180.30049362182618,30,0.0821917808219178,1.1109157382954002,-0.1528710342630064,6.541461597489775,92.90374666201893,20061.604827567186,-1.4210854715202004e-14,True,False,-1.416293111952986,157.33823081079416,16.795772981576363
2024-01-29,191.72999572753906,0.2548,0.0542,182.14349594116212,90,0.2465753424657534,4.5615011927542355,-0.28288525963027056,3.5350021464780257,-742.1402836248872,20043.35093988385,0.0,True,True,3.5350021464780257,-1612.4916507548298,851.8811991984728
2024-01-30,188.0399932861328,0.28300000000000003,0.0542,182.14349594116212,89,0.24383561643835616,6.627311788737558,-0.3473701275479104,2.878773736414847,-307.3474667448138,20404.504973913485,-1.4210854715202004e-14,True,False,-0.6562284100631786,434.90302781162075,416.97817138685207
2024-01-31,184.39999389648438,0.2669,0.0542,182.14349594116212,88,0.2410958904109589,7.380218170456743,-0.3977448769323729,2.5141744318935033,-38.31086791078121,20257.204104333476,-1.4210854715202004e-14,True,False,-0.3645993045213438,269.08224121643127,147.8959301704208
2024-02-01,186.86000061035156,0.2812,0.0542,182.14349594116212,87,0.23835616438356164,6.896881443330585,-0.3635596307373229,2.750580415025546,-201.3629610502361,20381.679802262744,1.4210854715202004e-14,True,False,0.23640598313204286,-163.04640381557098,310.9423339859918
2024-02-02,185.85000610351562,0.2197,0.0543,182.14349594116212,86,0.2356164383561644,5.131666956850722,-0.3586036528393224,2.7885940148190977,-220.90023286419833,19795.11395367925,0.0,True,False,0.03801359979355157,-19.507313397151602,330.44964738314343
2024-02-05,187.67999267578125,0.21910000000000002,0.0542,182.14349594116212,83,0.2273972602739726,4.391187575916547,-0.32390782249905725,3.087298084636133,-352.1652213268161,19771.524545491822,1.4210854715202004e-14,True,False,0.2987040698170351,-131.16656002562735,461.6162074087708
2024-02-06,189.3000030517578,0.2084,0.054400000000000004,182.14349594116212,82,0.22465753424657534,3.526175282871691,-0.2866265398809691,3.4888604537991568,-493.81564239630336,19666.418012536986,0.0,True,False,0.4015623691630239,-141.5979300674052,603.214137476176
2024-02-07,189.41000366210938,0.2023,0.0543,182.14349594116212,81,0.2219178082191781,3.281962081089752,-0.27941511358891047,3.578904473547018,-523.4412172377451,19592.14202637557,1.4210854715202004e-14,True,False,0.09004401974786136,-29.552105844137778,632.7662433203138
2024-02-08,188.32000732421875,0.2043,0.054400000000000004,182.14349594116212,80,0.2191780821917808,3.6280721952850143,-0.3011336560539728,3.3207845748758418,-429.8714745624821,19606.933876123232,0.0,True,False,-0.25811989867117635,93.64776274186802,539.1184805784458
2024-02-09,188.85000610351562,0.1993,0.054400000000000004,182.14349594116212,79,0.21643835616438356,3.2910315283033853,-0.2866089347285792,3.4890747594697546,-485.32037819305737,19547.945735960755,0.0,True,False,0.16829018459391287,-55.384830340256386,594.5033109187021
2024-02-12,187.14999389648438,0.2126,0.0543,182.14349594116212,76,0.20821917808219179,4.126118170777396,-0.3283187338555369,3.045820712868638,-302.6451680889595,19669.095840389222,1.4210854715202004e-14,True,False,-0.4432540466011168,182.89185759514785,411.6114533235543
2024-02-13,185.0399932861328,0.21920000000000003,0.0545,182.14349594116212,75,0.2054794520547945,5.036723579229744,-0.3740412343102295,2.6735020320529705,-115.16373308166678,19735.404667927596,0.0,True,False,-0.3723186808156673,187.52662786519844,224.08482545835588
2024-02-14,184.14999389648438,0.22280000000000003,0.0543,182.14349594116212,74,0.20273972602739726,5.460338965134127,-0.3939240109548007,2.5385606670082907,-41.498307577204386,19759.64125461346,0.0,True,False,-0.1349413650446798,73.68255935618534,150.40226610217053
2024-02-15,183.86000061035156,0.2248,0.0543,182.14349594116212,73,0.2,5.602457928879147,-0.4006788499678794,2.4957643760836525,-17.52803967854408,19766.71351309701,0.0,True,False,-0.042796290924638214,23.976441941735803,126.42582416043473
2024-02-16,182.30999755859375,0.2325,0.054400000000000004,182.14349594116212,72,0.19726027397260273,6.455663285580101,-0.43470859063531986,2.3003916222095255,108.5954191473143,19824.650548802096,0.0,True,False,-0.195372753874127,126.1260714187879,0.2997527416468273
2024-02-20,181.55999755859375,0.2352,0.054400000000000004,182.14349594116212,68,0.1863013698630137,6.715107212037822,-0.45264375016946423,2.2092429192397165,169.8675104383652,19809.39757231075,-1.4210854715202004e-14,True,False,-0.09114870296980904,61.207331268045785,-60.90757852639896
2024-02-21,182.32000732421875,0.2324,0.054400000000000004,182.14349594116212,67,0.18356164383561643,6.250133207526773,-0.436518564961764,2.2908533113307405,118.88524739628645,19782.699815290256,0.0,True,False,0.08161039209102405,-51.00758216873897,-9.899996357659987
2024-02-22,184.3699951171875,0.2151,0.0545,182.14349594116212,66,0.18082191780821918,4.837260608122847,-0.3873216571279934,2.5818334234523386,-21.851663330814645,19664.04795998803,-1.4210854715202004e-14,True,False,0.290980112121598,-140.75466341129754,130.85466705363757
2024-02-23,182.52000427246094,0.2172,0.0546,182.14349594116212,65,0.1780821917808219,5.617899364465586,-0.4307597124042074,2.3214798673225054,124.4090754071376,19680.593529778307,-1.4210854715202004e-14,True,False,-0.26035355612983313,146.2640077518145,-15.40934069817692
2024-02-26,181.16000366210938,0.21300000000000002,0.0547,182.14349594116212,62,0.16986301369863013,5.985890453994898,-0.46491410649580156,2.1509349491184575,226.55134072485538,19630.07780484501,0.0,True,False,-0.17054491820404794,102.08631978549512,-117.49566048367204
2024-02-27,182.6300048828125,0.21739999999999998,0.0545,182.14349594116212,61,0.16712328767123288,5.422662445760821,-0.429779759489784,2.3267731388447817,131.2340559834681,19655.96507624658,0.0,True,False,0.17583818972632415,-95.35111479595042,-22.144545687721617
2024-02-28,181.4199981689453,0.219,0.0545,182.14349594116212,60,0.1643835616438356,5.967903052612655,-0.45998585779030765,2.1739798801724617,222.439188153447,19661.84912136795,0.0,True,False,-0.15279325867231996,91.18553548491734,-113.33008117263896
2024-02-29,180.75,0.2152,0.0545,182.14349594116212,59,0.16164383561643836,6.131963088731695,-0.4775447539171841,2.0940445723615264,271.48843985413095,19630.548842242115,-1.4210854715202004e-14,True,False,-0.07993530781093527,49.01603569830614,-162.34611687094508
2024-03-01,179.66000366210938,0.2193,0.0542,182.14349594116212,58,0.1589041095890411,6.7512344692633235,-0.5059094566951767,1.976638283325321,350.79249556622915,19651.267712942303,0.0,True,False,-0.11740628903620531,79.2637385449522,-241.6098554158973
2024-03-04,175.10000610351562,0.23760000000000003,0.05480000000000001,182.14349594116212,55,0.1506849315068493,9.685401853579378,-0.6148356109668187,1.6264510092828175,690.1209792496363,19775.404751607584,0.0,True,False,-0.3501872740425036,339.17044731111747,-580.7803027270147
2024-03-05,170.1199951171875,0.24989999999999998,0.0547,182.14349594116212,54,0.14794520547945206,13.276627299260426,-0.7184411428139726,1.3919024682846315,1001.6257668512994,19861.60230940362,0.0,True,False,-0.234548540998186,311.40135624182193,-892.1816589688367
2024-03-06,169.1199951171875,0.251,0.0547,182.14349594116212,53,0.14520547945205478,14.0000521564681,-0.7404621873451267,1.3505078545407259,1059.728559896751,19862.4461117445,0.0,True,False,-0.04139461374390563,57.95267514115301,-950.1343341099897
2024-03-07,169.0,0.2464,0.0547,182.14349594116212,52,0.14246575342465753,13.967078153906286,-0.7501675378637351,1.3330355547611632,1084.2910835681782,19846.15226109668,0.0,True,False,-0.01747229977956266,24.403697654963125,-974.5380317649528
2024-03-08,170.72999572753906,0.2421,0.0546,182.14349594116212,51,0.13972602739726028,12.577660759433698,-0.7209005123461305,1.387153959352249,1016.3850003849236,19834.099765322615,1.4210854715202004e-14,True,False,0.054118404591085856,-68.06829337884571,-906.4697383861071
2024-03-11,172.75,0.23870000000000002,0.05480000000000001,182.14349594116212,48,0.13150684931506848,10.978286151741614,-0.6862183475930903,1.4572621141761926,939.8761559172863,19814.700204669105,-1.4210854715202004e-14,True,False,0.0701081548239435,-76.96673852278559,-829.5029998633215
2024-03-12,173.22999572753906,0.2263,0.05480000000000001,182.14349594116212,47,0.12876712328767123,10.339726804917873,-0.688064521648456,1.4533520746051738,944.0601507803656,19769.786063812084,0.0,True,False,-0.003910039571018764,4.04287409607523,-833.5458739593968
2024-03-13,171.1300048828125,0.2275,0.05480000000000001,182.14349594116212,46,0.12602739726027398,11.835117896404611,-0.7409828348108876,1.3495589277114879,1067.0423127994688,19777.261702841803,0.0,True,False,-0.1037931468936859,122.84041303256149,-956.3862869919583
2024-03-14,173.0,0.22829999999999998,0.05480000000000001,182.14349594116212,45,0.1232876712328767,10.474728913340869,-0.6978164615396948,1.433041573415384,979.7567190716526,19780.82891937901,0.0,True,False,0.08348264570389619,-87.44580827167933,-868.940478720279
2024-03-15,172.6199951171875,0.22219999999999998,0.05480000000000001,182.14349594116212,44,0.12054794520547946,10.584205209376037,-0.7163025191896062,1.3960581921886257,1019.0477974597788,19758.663948214024,0.0,True,False,-0.03698338122675837,39.14396962405959,-908.0844483443385
2024-03-18,173.72000122070312,0.2323,0.05480000000000001,182.14349594116212,41,0.11232876712328767,9.913682849158036,-0.6879962133155492,1.4534963719943477,962.5645013353683,19775.51482884106,0.0,True,False,0.05743817980572197,-56.94238980268413,-851.1420585416544
2024-03-19,176.0800018310547,0.2217,0.05480000000000001,182.14349594116212,40,0.1095890410958904,8.085285400098883,-0.6341197995138539,1.5769890811904108,862.861648849742,19745.902511381628,0.0,True,False,0.12349270919606314,-99.84737986815864,-751.2946786734957
2024-03-20,178.6699981689453,0.21100000000000002,0.0547,182.14349594116212,39,0.10684931506849316,6.247621046261244,-0.5635349894558543,1.7745127076591878,739.5856930007818,19715.23380381827,1.4210854715202004e-14,True,False,0.19752362646877697,-123.40527658601755,-627.8894020874782
2024-03-21,171.3699951171875,0.24300000000000002,0.05480000000000001,182.14349594116212,38,0.10410958904109589,11.693874575936263,-0.7471811865786914,1.338363462520991,1249.7241974073359,19951.78915589971,0.0,True,False,-0.43614924513819675,510.02745690353515,-1137.9168589910132
2024-03-22,172.27999877929688,0.231,0.0546,182.14349594116212,37,0.10136986301369863,10.771905741733207,-0.7405205305478014,1.3504014524219174,1236.9439471815513,19919.58354101009,0.0,True,False,0.012037989900926416,-12.96720925327156,-1124.9496497377418
2024-03-25,170.85000610351562,0.23320000000000002,0.0546,182.14349594116212,34,0.09315068493150686,11.801805181384395,-0.7859018581686874,1.2724235088719669,1329.5272213544458,19916.217267698055,-1.4210854715202004e-14,True,False,-0.07797794354995058,92.02804982215066,-1216.9776995598925
2024-03-26,169.7100067138672,0.22940000000000002,0.0546,182.14349594116212,33,0.09041095890410959,12.636587647680784,-0.8209465965480043,1.2181060305321891,1398.3648765168377,19908.635909802408,0.0,True,False,-0.054317478339777736,68.63875758416039,-1285.616457144053
2024-03-27,173.30999755859375,0.2214,0.0545,182.14349594116212,32,0.08767123287671233,9.666237485006206,-0.7430169524346317,1.3458643126826595,1275.0794994589069,19907.02366221681,0.0,True,False,0.12775828215047036,-123.49418959428759,-1162.1222675497654
2024-03-28,171.47999572753906,0.2259,0.0546,182.14349594116212,31,0.08493150684931507,11.106309283869507,-0.7918943898938868,1.262794651360012,1367.5299867209762,19918.028355476927,-1.4210854715202004e-14,True,False,-0.08306966132264759,92.25973507556165,-1254.382002625327
2024-04-01,170.02999877929688,0.2655,0.054400000000000004,161.52849884033202,90,0.2465753424657534,4.349797476692871,-0.2888569568846441,3.4619211210459198,1461.3616212019176,19970.227074815135,1.4210854715202004e-14,True,True,3.4619211210459198,-1505.8655756835294,-1347.398121368168
2024-04-02,168.83999633789062,0.2727,0.0542,161.52849884033202,89,0.24383561643835616,4.883506696467883,-0.31057189964300635,3.219866321291372,1579.7862630571597,20036.209771022004,0.0,True,False,-0.2420547997545479,118.20762355135273,-1465.6057449195207
2024-04-03,169.64999389648438,0.27399999999999997,0.0542,161.52849884033202,88,0.2410958904109589,4.638123973677935,-0.2983954142646317,3.351257935596661,1519.0798082899853,20038.43417524535,0.0,True,False,0.13139161430528912,-60.941059624960616,-1404.66468529456
2024-04-04,168.82000732421875,0.2856,0.0541,161.52849884033202,87,0.23835616438356164,5.194166331403331,-0.3160246264458355,3.1643103616527597,1616.4086611694054,20142.004827852026,0.0,True,False,-0.18694757394390127,97.10367943169466,-1501.7683647262547
2024-04-05,169.5800018310547,0.2759,0.0543,161.52849884033202,86,0.2356164383561644,4.637949093522472,-0.29954410233681195,3.338406572517274,1535.9042111872957,20042.24036797436,0.0,True,False,0.17409621086451432,-80.74493633647712,-1421.0234283897776
2024-04-08,168.4499969482422,0.2749,0.0543,161.52849884033202,83,0.2273972602739726,4.8424145580969125,-0.31568324111758495,3.167732301720516,1619.2373976878384,19998.184393912583,-1.4210854715202004e-14,True,False,-0.1706742707967579,82.64755735987951,-1503.6709857496571
2024-04-09,169.6699981689453,0.2666,0.0543,161.52849884033202,82,0.22465753424657534,4.200954447632704,-0.29154860046712416,3.4299598708338266,1509.3176976206569,19917.228031973293,-1.4210854715202004e-14,True,False,0.26222756911331047,-110.16060727584738,-1393.5103784738099
2024-04-10,167.77999877929688,0.27399999999999997,0.0545,161.52849884033202,81,0.2219178082191781,4.950957600827806,-0.3254827926646414,3.072359038747532,1686.5897340900026,19985.7015455556,0.0,True,False,-0.3576008320862947,177.04665576799886,-1570.5570342418087
2024-04-11,175.0399932861328,0.2707,0.0545,161.52849884033202,80,0.2191780821917808,2.8816877785396073,-0.214325872795875,4.665792267424497,1227.6638800541223,20076.19886409158,0.0,True,False,1.5934332286769655,-459.1777060997319,-1111.3793281420767
2024-04-12,176.5500030517578,0.2888,0.0545,161.52849884033202,79,0.21643835616438356,2.9566513183293495,-0.20701988082678913,4.830453944839661,1179.1624858957305,20262.35959348545,0.0,True,False,0.1646616774151637,-48.684716560786576,-1062.69461158129
2024-04-15,172.69000244140625,0.3018,0.0545,161.52849884033202,76,0.20821917808219179,4.059868870810256,-0.2622446372860915,3.8132333623625883,1592.6690221524188,20409.792008792145,0.0,True,False,-1.0172205824770728,412.97821775461443,-1475.6728293359045
2024-04-16,169.3800048828125,0.3091,0.0545,161.52849884033202,75,0.2054794520547945,5.157898856530359,-0.312517332712812,3.1998225228645176,1909.2979561547445,20497.73453761429,1.4210854715202004e-14,True,False,-0.6134108394980706,316.3911067630426,-1792.0639360989471
2024-04-17,168.0,0.31120000000000003,0.0545,161.52849884033202,74,0.20273972602739726,5.6132663165329575,-0.33386760634849544,2.9951992376169216,2024.4435638606546,20505.728663042682,0.0,True,False,-0.204623285247596,114.86049946586458,-1906.9244355648118
2024-04-18,167.0399932861328,0.30870000000000003,0.0546,161.52849884033202,73,0.2,5.821510756883335,-0.34784025475956837,2.8748828990227504,2094.7887070191,20472.404207776468,1.4210854715202004e-14,True,False,-0.12031633859417123,70.04228593547853,-1976.9667215002903
2024-04-19,165.0,0.3118,0.0545,161.52849884033202,72,0.19726027397260273,6.6036521850620105,-0.38192756842071274,2.6182975063440534,2264.541582792943,20493.574187684077,0.0,True,False,-0.25658539267869696,169.44006890176712,-2146.4067904020576
2024-04-22,165.83999633789062,0.2926,0.0542,161.52849884033202,69,0.18904109589041096,5.619856858725051,-0.36271656907308025,2.7569735856167066,2187.616642746957,20320.995967981205,0.0,True,False,0.13867607927265313,-77.93397152415186,-2068.472818877906
2024-04-23,166.89999389648438,0.287,0.0545,161.52849884033202,68,0.1863013698630137,5.046005084515386,-0.3416438625907181,2.927024628561755,2102.1354685306787,20269.112974001553,1.4210854715202004e-14,True,False,0.17005104294504836,-85.80784273278583,-1982.6649761451201
2024-04-24,169.02000427246094,0.2887,0.0546,161.52849884033202,67,0.18356164383561643,4.357186889390995,-0.30523728044812226,3.2761397904341463,1950.3339478606606,20279.80970937594,0.0,True,False,0.34911516187239133,-152.11600061979985,-1830.5489755253202
2024-04-25,169.88999938964844,0.2942,0.0547,161.52849884033202,66,0.18082191780821918,4.18735716857438,-0.2928637821309146,3.4145567359810465,1892.6661337673017,20311.462935323565,1.4210854715202004e-14,True,False,0.1384169455469002,-57.960118918798216,-1772.588856606522
2024-04-26,169.3000030517578,0.2872,0.0546,161.52849884033202,65,0.1780821917808219,4.142147910901379,-0.2985606393432243,3.3494033312623084,1919.9367809807886,20237.309487291997,0.0,True,False,-0.0651534047187381,26.987503924383304,-1799.5763605309053
2024-04-29,173.5,0.2917,0.0545,161.52849884033202,62,0.16986301369863013,2.9990018601261497,-0.2321416999057062,4.307713781738441,1633.3995177521604,20275.283682184625,0.0,True,False,0.9583104504761324,-287.39748235562496,-1512.1788781752803
2024-04-30,170.3300018310547,0.2982,0.0546,161.52849884033202,61,0.16712328767123288,3.915449417064373,-0.28399102875665583,3.5212379925454362,1941.5844917289514,20353.307599360116,0.0,True,False,-0.7864757891930045,307.9406170330993,-1820.1194952083795
2024-05-01,169.3000030517578,0.3013,0.0546,161.52849884033202,60,0.1643835616438356,4.239938437113459,-0.30180436647086595,3.31340467897615,2029.9949986871688,20364.858489473205,0.0,True,False,-0.20783331356928603,88.120045471507,-1908.2395406798864
2024-05-02,173.02999877929688,0.2896,0.0546,161.52849884033202,59,0.16164383561643836,2.926447643200248,-0.23429660111375117,4.268094352399501,1750.913751928325,20302.949095711592,0.0,True,False,0.954689673423351,-279.38493447773806,-1628.8546062021483
2024-05-03,183.3800048828125,0.1995,0.0545,161.52849884033202,58,0.1589041095890411,0.24645892915476963,-0.04057115109373988,10.0,1609.9072764620137,20194.366693898035,59.42884890626012,True,False,5.731905647600499,-141.26793279237955,-1487.5866734097688
2024-05-06,181.7100067138672,0.2057,0.0545,161.52849884033202,55,0.1506849315068493,0.3338201091770081,-0.05291892040155988,10.0,1610.6285882497884,20115.449368813515,47.08107959844013,False,False,0.0,0.0,-1487.5866734097688
2024-05-07,182.39999389648438,0.2011,0.0545,161.52849884033202,54,0.14794520547945206,0.256640274982618,-0.04326859268053396,10.0,1610.8690973231276,20107.508761954185,56.731407319466044,False,False,0.0,0.0,-1487.5866734097688
2024-05-08,182.74000549316406,0.1981,0.0545,161.52849884033202,53,0.14520547945205478,0.21441489734075336,-0.037779616136621286,10.0,1611.1096423107765,20099.525088967937,62.220383863378714,False,False,0.0,0.0,-1487.5866734097688
2024-05-09,184.57000732421875,0.19510000000000002,0.0546,161.52849884033202,52,0.14246575342465753,0.134073599229934,-0.025394688373837515,10.0,1611.3506646839737,20202.424996335783,74.60531162616249,False,False,0.0,0.0,-1487.5866734097688
2024-05-10,183.0500030517578,0.20149999999999998,0.0547,161.52849884033202,51,0.13972602739726028,0.20240637044467213,-0.03595095738794374,10.0,1611.5921646462127,20118.998840266664,64.04904261205627,False,False,0.0,0.0,-1487.5866734097688
2024-05-13,186.27999877929688,0.2189,0.0545,161.52849884033202,48,0.13150684931506848,0.1570647228421631,-0.027053627577036554,10.0,1612.3142313406372,20397.37883211249,72.94637242296345,False,False,0.0,0.0,-1487.5866734097688
2024-05-14,187.42999267578125,0.2144,0.054400000000000004,161.52849884033202,47,0.12876712328767123,0.10608175063638425,-0.019574741328935108,10.0,1612.5545503288536,20461.635568543363,80.4252586710649,False,False,0.0,0.0,-1487.5866734097688
2024-05-15,189.72000122070312,0.20989999999999998,0.0545,161.52849884033202,46,0.12602739726027398,0.05485367741859459,-0.01106029529359187,10.0,1612.795346998823,20639.649146487733,88.93970470640812,False,False,0.0,0.0,-1487.5866734097688
2024-05-16,189.83999633789062,0.2059,0.0545,161.52849884033202,45,0.1232876712328767,0.042676668426660624,-0.009065065269897032,10.0,1613.0361796260484,20639.712481841772,90.93493473010297,False,False,0.0,0.0,-1487.5866734097688
2024-05-17,189.8699951171875,0.2018,0.0546,161.52849884033202,44,0.12054794520547946,0.0331341975656525,-0.0074206080406818975,10.0,1613.2774902096712,20633.411199494076,92.5793919593181,False,False,0.0,0.0,-1487.5866734097688
2024-05-20,191.0399932861328,0.1998,0.0545,161.52849884033202,41,0.11232876712328767,0.017309305449518364,-0.004259866080621677,10.0,1614.000312006711,20735.308946069512,95.74013391937832,False,False,0.0,0.0,-1487.5866734097688
2024-05-21,192.35000610351562,0.19820000000000002,0.0545,161.52849884033202,40,0.1095890410958904,0.010273736446561266,-0.002672727285036758,10.0,1614.241324566802,20859.515671364927,97.32727271496324,False,False,0.0,0.0,-1487.5866734097688
2024-05-22,190.89999389648438,0.2024,0.0545,161.52849884033202,39,0.10684931506849316,0.01624960253229113,-0.004068805310577628,10.0,1614.4823731163867,20720.731365297113,95.93119468942237,False,False,0.0,0.0,-1487.5866734097688
2024-05-23,186.8800048828125,0.21280000000000002,0.0546,161.52849884033202,38,0.10410958904109589,0.0571199798560742,-0.012534266933048155,10.0,1614.7239000508885,20359.844368188213,87.46573306695184,False,False,0.0,0.0,-1487.5866734097688
2024-05-24,189.97999572753906,0.2064,0.0546,161.52849884033202,37,0.10136986301369863,0.01948929410367728,-0.004856481275492763,10.0,1614.965463117875,20632.45432997546,95.14351872450723,False,False,0.0,0.0,-1487.5866734097688
2024-05-28,189.99000549316406,0.2211,0.0546,161.52849884033202,33,0.09041095890410959,0.022186641919397232,-0.005407337683132285,10.0,1615.9320768187918,20637.119268054594,94.59266231686772,False,False,0.0,0.0,-1487.5866734097688
2024-05-29,190.2899932861328,0.231,0.0546,161.52849884033202,32,0.08767123287671233,0.026629230048113905,-0.006209745124548971,10.0,1616.173820629301,20671.802379290697,93.79025487545103,False,False,0.0,0.0,-1487.5866734097688
2024-05-30,191.2899932861328,0.2378,0.0546,161.52849884033202,31,0.08493150684931507,0.023816429572503628,-0.0055151646191627934,10.0,1616.4156006047397,20769.231358790523,94.48483538083721,False,False,0.0,0.0,-1487.5866734097688
2024-05-31,192.25,0.22399999999999998,0.0546,161.52849884033202,30,0.0821917808219178,0.009149399932515845,-0.0024520367942190147,10.0,1616.6574167505185,20850.806816683034,97.54796320578099,False,False,0.0,0.0,-1487.5866734097688
2024-06-03,194.02999877929688,0.2299,0.0552,184.32849884033203,90,0.2465753424657534,3.802177966219908,-0.26578282917957397,3.762470296094103,191.09337033602924,21024.651414102304,0.0,True,True,3.762470296094103,-1430.558165836589,-61.28898532637345
2024-06-04,194.35000610351562,0.2343,0.0552,184.32849884033203,89,0.24383561643835616,3.823502343253047,-0.263768297226468,3.791206185561463,180.13509805014965,21064.704281826682,1.4210854715202004e-14,True,False,0.028735889467359943,-10.987174071391129,-50.30181125498232
2024-06-05,195.8699951171875,0.227,0.055099999999999996,184.32849884033203,88,0.2410958904109589,3.190474753791463,-0.23582811717509733,4.240376474097537,36.85564652700174,20976.736566963697,0.0,True,False,0.44917028853607377,-143.30664657275705,93.00483531777473
2024-06-06,194.47999572753906,0.22870000000000001,0.055099999999999996,184.32849884033203,87,0.23835616438356164,3.5524010191747593,-0.25668825297340137,3.89577625160596,159.2770287936695,20991.21255421576,0.0,True,False,-0.3446002224915765,122.41581815869253,-29.410982840917796
2024-06-07,196.88999938964844,0.2225,0.0552,184.32849884033203,86,0.2356164383561644,2.76888302503675,-0.21627507115435973,4.623741398685198,-42.26391531814525,20926.99593074461,1.4210854715202004e-14,True,False,0.7279651470792374,-201.56503385660818,172.15405101569038
2024-06-10,193.1199951171875,0.2104,0.0552,184.32849884033203,83,0.2273972602739726,3.2253742384758866,-0.26119812013102217,3.8285114743489737,214.2083164127774,20761.046056238978,0.0,True,False,-0.795229924336224,256.4914111619185,-84.33736014622812
2024-06-11,207.14999389648438,0.2359,0.0552,184.32849884033203,82,0.22465753424657534,1.3340245850854728,-0.11299677100106786,8.849810407330574,-455.6129083636629,21439.9729469572,0.0,True,False,5.021298932981601,-669.8536225660908,585.5162624198628
2024-06-12,213.07000732421875,0.2586,0.055099999999999996,184.32849884033203,81,0.2219178082191781,1.1148733225452716,-0.08838961636903275,10.0,-583.9132616542925,21837.960793312854,11.610383630967249,True,False,1.1501895926694257,-128.23156927363553,713.7478316934983
2024-06-13,214.24000549316406,0.24100000000000002,0.055099999999999996,184.32849884033203,80,0.2191780821917808,0.7472421858604221,-0.06729335890768184,10.0,-584.0014152139819,21587.241319962846,32.70664109231815,False,False,0.0,0.0,713.7478316934983
2024-06-14,212.49000549316406,0.22870000000000001,0.055099999999999996,184.32849884033203,79,0.21643835616438356,0.6886918888249394,-0.06660712418026027,10.0,-584.0895820822406,21353.602856059104,33.39287581973973,False,False,0.0,0.0,713.7478316934983
2024-06-17,216.6699981689453,0.2443,0.0552,184.32849884033203,76,0.20821917808219179,0.5736858067098574,-0.05381083331139114,10.0,-584.3546428498154,21656.330980754574,46.189166688608864,False,False,0.0,0.0,713.7478316934983
2024-06-18,214.2899932861328,0.2469,0.055,184.32849884033203,75,0.2054794520547945,0.7303553597215284,-0.06646534083767719,10.0,-584.4427029236455,21574.911985411163,33.53465916232281,False,False,0.0,0.0,713.7478316934983
2024-06-20,209.67999267578125,0.23829999999999998,0.055,184.32849884033203,73,0.2,0.9230113189095306,-0.0860199413687528,10.0,-584.6188628842832,21306.391723603374,13.980058631247203,False,False,0.0,0.0,713.7478316934983
2024-06-21,207.49000549316406,0.22469999999999998,0.054900000000000004,184.32849884033203,72,0.19726027397260273,0.893312855652777,-0.08940247007684676,10.0,-584.7068025814243,21057.606602387757,10.597529923153232,False,False,0.0,0.0,713.7478316934983
2024-06-24,208.13999938964844,0.2252,0.055,184.32849884033203,69,0.18904109589041096,0.7847532552697949,-0.08136672938016787,10.0,-584.9711818473751,21013.782012387266,18.633270619832132,False,False,0.0,0.0,713.7478316934983
2024-06-25,209.07000732421875,0.22010000000000002,0.054900000000000004,184.32849884033203,68,0.1863013698630137,0.6312823083258099,-0.06931203010131703,10.0,-585.0591745411348,20953.22386620655,30.687969898682965,False,False,0.0,0.0,713.7478316934983
2024-06-26,213.25,0.22160000000000002,0.055,184.32849884033203,67,0.18356164383561643,0.39418551705378135,-0.04561907506502427,10.0,-585.1473407852734,21134.03817626851,54.380924934975724,False,False,0.0,0.0,713.7478316934983
2024-06-27,214.10000610351562,0.22820000000000001,0.054900000000000004,184.32849884033203,66,0.18082191780821918,0.4000415054597237,-0.04515525150356481,10.0,-585.2353599772606,21224.806755834026,54.844748496435194,False,False,0.0,0.0,713.7478316934983
2024-06-28,210.6199951171875,0.2397,0.05480000000000001,184.32849884033203,65,0.1780821917808219,0.7034946912725051,-0.07143088617827942,10.0,-585.3232320467433,21180.170970944513,28.569113821720578,False,False,0.0,0.0,713.7478316934983
2024-07-01,216.75,0.2575,0.0547,184.32849884033203,62,0.16986301369863013,0.47399234671751067,-0.04772525725217336,10.0,-585.5864461220185,21563.40590059549,52.27474274782664,False,False,0.0,0.0,713.7478316934983
2024-07-02,220.27000427246094,0.2629,0.0547,184.32849884033203,61,0.16712328767123288,0.35480492325782276,-0.03622809498410218,10.0,-585.6742104477644,21796.131140056154,63.77190501589782,False,False,0.0,0.0,713.7478316934983
2024-07-03,221.5500030517578,0.267,0.0547,184.32849884033203,60,0.1643835616438356,0.3247974566145704,-0.033160229252500395,10.0,-585.7619879271222,21894.03577386323,66.83977074749961,False,False,0.0,0.0,713.7478316934983
2024-07-05,226.33999633789062,0.275,0.0546,184.32849884033203,58,0.1589041095890411,0.21475927422525398,-0.022379261784066462,10.0,-585.9372612929584,22262.821646721357,77.62073821593354,False,False,0.0,0.0,713.7478316934983
2024-07-08,227.82000732421875,0.2741,0.0546,184.32849884033203,55,0.1506849315068493,0.15308949872184208,-0.01694164307938817,10.0,-586.200269682481,22348.889961461235,83.05835692061183,False,False,0.0,0.0,713.7478316934983
2024-07-09,228.67999267578125,0.272,0.0546,184.32849884033203,54,0.14794520547945206,0.12437382443331435,-0.014250171818131041,10.0,-586.287965377707,22406.085126633734,85.74982818186896,False,False,0.0,0.0,713.7478316934983
2024-07-10,232.97999572753906,0.2795,0.0546,184.32849884033203,53,0.14520547945205478,0.08681869851431889,-0.00998412093355483,10.0,-586.3756741922291,22798.442597075995,90.01587906644517,False,False,0.0,0.0,713.7478316934983
2024-07-11,227.57000732421875,0.2841,0.054400000000000004,184.32849884033203,52,0.14246575342465753,0.16770043632644516,-0.01825784957714005,10.0,-586.4630747782919,22338.23809397003,81.74215042285995,False,False,0.0,0.0,713.7478316934983
2024-07-12,230.5399932861328,0.2783,0.0543,184.32849884033203,51,0.13972602739726028,0.09756338561237188,-0.011441907812689944,10.0,-586.5503276928628,22565.01238653279,88.55809218731005,False,False,0.0,0.0,713.7478316934983
2024-07-15,234.39999389648438,0.2884,0.0543,184.32849884033203,48,0.13150684931506848,0.06517788255105716,-0.007796310322902067,10.0,-586.812164332285,22918.36510786721,92.20368967709793,False,False,0.0,0.0,713.7478316934983
2024-07-16,234.82000732421875,0.2772,0.0543,184.32849884033203,47,0.12876712328767123,0.040757449331271456,-0.0053261085210923875,10.0,-586.8994691837677,22935.858712569378,94.6738914789076,False,False,0.0,0.0,713.7478316934983
2024-07-17,228.8800048828125,0.2892,0.0543,184.32849884033203,46,0.12602739726027398,0.11006592210232036,-0.01298908273262267,10.0,-586.9867870243081,22411.079623359263,87.01091726737732,False,False,0.0,0.0,713.7478316934983
2024-07-18,224.17999267578125,0.2917,0.0543,184.32849884033203,45,0.1232876712328767,0.18747444201103303,-0.021301927845354895,10.0,-587.0741178558388,22018.39959173332,78.6980721546451,False,False,0.0,0.0,713.7478316934983
2024-07-19,224.30999755859375,0.29100000000000004,0.0543,184.32849884033203,44,0.12054794520547946,0.17011008042951659,-0.019781385202432222,10.0,-587.1614616802926,22013.948374608597,80.21861479756778,False,False,0.0,0.0,713.7478316934983
2024-07-22,223.9600067138672,0.2834,0.0543,184.32849884033203,41,0.11232876712328767,0.11942481070993649,-0.015306919715466716,10.0,-587.423571130524,21928.001910966133,84.69308028453328,False,False,0.0,0.0,713.7478316934983
2024-07-23,225.00999450683594,0.2812,0.0541,184.32849884033203,40,0.1095890410958904,0.09073159413499265,-0.012144101119041406,10.0,-587.510645022274,22004.22039979631,87.85589888095859,False,False,0.0,0.0,713.7478316934983
2024-07-24,218.5399932861328,0.30510000000000004,0.054000000000000006,184.32849884033203,39,0.10684931506849316,0.3107553481826768,-0.034776128083802926,10.0,-587.5975708353434,21577.157105960614,65.22387191619708,False,False,0.0,0.0,713.7478316934983
2024-07-25,217.49000549316406,0.3136,0.053899999999999997,184.32849884033203,38,0.10410958904109589,0.37784215502760965,-0.04084264048318087,10.0,-587.6843485001888,21539.15835584383,59.15735951681913,False,False,0.0,0.0,713.7478316934983
2024-07-26,217.9600067138672,0.3003,0.0538,184.32849884033203,37,0.10136986301369863,0.26588932402981946,-0.031606376848834494,10.0,-587.7709779473782,21474.119017469162,68.39362315116551,False,False,0.0,0.0,713.7478316934983
2024-07-29,218.24000549316406,0.3061,0.0541,184.32849884033203,34,0.09315068493150686,0.2279707150135879,-0.02817678676277291,10.0,-588.0323928568813,21463.938871473114,71.8232132372271,False,False,0.0,0.0,713.7478316934983
2024-07-30,218.8000030517578,0.3072,0.054000000000000006,184.32849884033203,33,0.09041095890410959,0.1997409025275969,-0.02528947152173555,10.0,-588.1193958657515,21491.621811837624,74.71052847826445,False,False,0.0,0.0,713.7478316934983
2024-07-31,222.0800018310547,0.3033,0.0541,184.32849884033203,32,0.08767123287671233,0.10855011356714028,-0.01491228809231937,10.0,-588.2065728997154,21728.343723772894,85.08771190768063,False,False,0.0,0.0,713.7478316934983
2024-08-01,218.36000061035156,0.3212,0.053700000000000005,184.32849884033203,31,0.08493150684931507,0.23024041769078263,-0.0283584011691298,10.0,-588.2931181508052,21477.947360575134,71.64159883087021,False,False,0.0,0.0,713.7478316934983
2024-08-02,219.86000061035156,0.3036,0.0529,184.32849884033203,30,0.0821917808219178,0.12100587668532903,-0.017059388935279474,10.0,-588.3783865377765,21518.627551182708,82.94061106472053,False,False,0.0,0.0,713.7478316934983
2024-08-05,209.27000427246094,0.4232,0.0535,198.80650405883787,90,0.2465753424657534,11.220155113468962,-0.3401947252165989,2.9394929605781193,-2449.953566320385,21775.20355818937,0.0,True,True,2.9394929605781193,-3298.15669726366,2575.064229293128
2024-08-06,207.22999572753906,0.3403,0.0534,198.80650405883787,89,0.24383561643835616,8.713021401453616,-0.3414693471379149,2.928520549155217,-2440.7517385487013,20833.874056143817,0.0,True,False,-0.010972411422902173,9.560285555330076,2565.5039437377977
2024-08-07,209.82000732421875,0.34,0.0534,198.80650405883787,88,0.2410958904109589,7.792754760630743,-0.3143492785607771,3.1811747893248543,-2637.996103281405,20823.016127531446,0.0,True,False,0.2526542401696372,-196.88725328754833,2762.391197025346
2024-08-08,213.30999755859375,0.29760000000000003,0.0534,198.80650405883787,87,0.23835616438356164,5.237582267307957,-0.259500372981316,3.8535590084566076,-2990.5488402525566,20358.784148478535,0.0,True,False,0.6723842191317533,-352.16676629421784,3114.557963319564
2024-08-09,216.24000549316406,0.27399999999999997,0.0533,198.80650405883787,86,0.2356164383561644,3.7384329802221146,-0.2139098806933346,4.674865867620298,-3298.0256391208814,20073.642183958164,-1.4210854715202004e-14,True,False,0.8213068591636903,-307.04006491801795,3421.5980282375817
2024-08-12,217.52999877929688,0.2731,0.0533,198.80650405883787,83,0.2273972602739726,3.3228927753309776,-0.19785737897087263,5.05414559316089,-3425.5013479224262,20006.936917705785,-1.4210854715202004e-14,True,False,0.3792797255405924,-126.03058598283505,3547.6286142204167
2024-08-13,221.27000427246094,0.2604,0.053200000000000004,198.80650405883787,82,0.22465753424657534,2.2914619688128752,-0.15247117704745905,6.558616647189221,-3770.7444832111764,19859.13800554063,0.0,True,False,1.5044710540283308,-344.74382034857405,3892.3724345689907
2024-08-14,221.72000122070312,0.251,0.053200000000000004,198.80650405883787,81,0.2219178082191781,1.9677299954936345,-0.13973413615810426,7.156447432920293,-3888.9310791192775,19691.264670444103,0.0,True,False,0.5978307857310723,-117.6369569312559,4010.0093915002467
2024-08-15,224.72000122070312,0.2343,0.0534,198.80650405883787,80,0.2191780821917808,1.2303110561886648,-0.10053105939880058,9.947174594401327,-4232.846324842614,19462.965685360796,1.4210854715202004e-14,True,False,2.7907271614810334,-343.3462481576124,4353.355639657859
2024-08-16,226.0500030517578,0.23600000000000002,0.0533,198.80650405883787,79,0.21643835616438356,1.1102697895691271,-0.09181681767950156,10.0,-4239.329526703034,19475.940568041875,8.183182320498446,True,False,0.052825405598673214,-5.86504519579427,4359.220684853653
2024-08-19,225.88999938964844,0.23370000000000002,0.053099999999999994,198.80650405883787,76,0.20821917808219179,1.0193252718257924,-0.08776593129906396,10.0,-4241.180136522086,19367.145074268552,12.234068700936035,False,False,0.0,0.0,4359.220684853653
2024-08-20,226.50999450683594,0.24,0.0529,198.80650405883787,75,0.2054794520547945,1.046394236375992,-0.08795490954661256,10.0,-4241.794861695538,19455.598825364046,12.045090453387445,False,False,0.0,0.0,4359.220684853653
2024-08-21,226.39999389648438,0.2404,0.0526,198.80650405883787,74,0.20273972602739726,1.0405860324053826,-0.08796931816515785,10.0,-4242.406189057863,19438.179232995957,12.030681834842156,False,False,0.0,0.0,4359.220684853653
2024-08-22,224.52999877929688,0.2524,0.05280000000000001,198.80650405883787,73,0.2,1.4090330243423743,-0.10973132100227179,9.113168335768934,-4118.062419273054,19619.0129728056,0.0,True,False,-0.8868316642310656,124.95751019340796,4234.263174660246
2024-08-23,226.83999633789062,0.2399,0.0525,198.80650405883787,72,0.19726027397260273,0.9494613301646595,-0.0824897041835515,10.0,-4202.8560230756475,19430.604940878075,17.51029581644849,True,False,0.8868316642310656,-84.20123715529664,4318.464411815542
2024-08-26,227.17999267578125,0.2506,0.0524,198.80650405883787,69,0.18904109589041096,1.0142384262691877,-0.08537237534933828,10.0,-4204.666519682897,19527.571174164415,14.627624650661716,False,False,0.0,0.0,4318.464411815542
2024-08-27,228.02999877929688,0.2465,0.052300000000000006,198.80650405883787,68,0.1863013698630137,0.8617519838437033,-0.07581691319774375,10.0,-4205.26903972263,19459.482822050762,24.18308680225624,False,False,0.0,0.0,4318.464411815542
2024-08-28,226.49000549316406,0.2583,0.0521,198.80650405883787,67,0.18356164383561643,1.145822124501393,-0.09345315472036964,10.0,-4205.8693415156695,19588.953332302128,6.546845279630361,False,False,0.0,0.0,4318.464411815542
2024-08-29,229.7899932861328,0.2629,0.052199999999999996,198.80650405883787,66,0.18082191780821918,0.9102057334622877,-0.07551862379608121,10.0,-4206.470881459355,19682.734180616215,24.481376203918785,False,False,0.0,0.0,4318.464411815542
2024-08-30,229.0,0.24980000000000002,0.0521,198.80650405883787,65,0.1780821917808219,0.7686482577132239,-0.06917126144912888,10.0,-4207.071354815199,19461.576902898025,30.828738550871122,False,False,0.0,0.0,4318.464411815542
2024-09-03,222.77000427246094,0.2851,0.0519,198.80650405883787,61,0.16712328767123288,1.8430471295681023,-0.13368058699092322,7.480517721454192,-3745.1124211544816,19910.58267751256,0.0,True,False,-2.5194822785458078,464.3524581471553,3854.111953668387
2024-09-04,220.85000610351562,0.2912,0.0518,198.80650405883787,60,0.1643835616438356,2.199767261581769,-0.15344213847069332,6.517114594248144,-3533.7176911238003,19984.896451668144,0.0,True,False,-0.9634031272060479,211.9262658933361,3642.1856877750506
2024-09-05,222.3800048828125,0.28550000000000003,0.051500000000000004,198.80650405883787,59,0.16164383561643836,1.821460100485094,-0.13433357804836477,7.444155173473941,-3703.0730620032978,19890.8505893082,0.0,True,False,0.927040579225797,-168.856742659038,3811.0424304340886
2024-09-06,220.82000732421875,0.306,0.0513,198.80650405883787,58,0.1589041095890411,2.426114657998326,-0.1613938582528378,6.196022641911263,-3400.7822948946873,20184.44457281023,0.0,True,False,-1.2481325315626783,302.8112629948772,3508.2311674392113
2024-09-09,220.91000366210938,0.2917,0.051100000000000007,198.80650405883787,55,0.1506849315068493,1.9710768509642733,-0.14556359876683,6.869849388663733,-3535.027353657975,19910.07312251358,1.4210854715202004e-14,True,False,0.6738267467524697,-132.81643020843586,3641.0475976476473
2024-09-10,220.11000061035156,0.2822,0.0506,198.80650405883787,54,0.14794520547945206,1.8587161246912416,-0.14433078283310818,6.928528899869647,-3546.424304321211,19752.392595371643,-1.4210854715202004e-14,True,False,0.058679511205914636,-10.906855366743393,3651.9544530143908
2024-09-11,222.66000366210938,0.26239999999999997,0.051,198.80650405883787,53,0.14520547945205478,1.1573677717801125,-0.10432010092897137,9.585880296270725,-3854.4731531703437,19520.966104945168,0.0,True,False,2.6573513964010775,-307.5532864489486,3959.5077394633395
2024-09-12,222.77000427246094,0.2559,0.0506,198.80650405883787,52,0.14246575342465753,1.0175499885865413,-0.09659445307311298,10.0,-3897.146286331848,19397.40412950079,3.4055469268870127,True,False,0.4141197037292752,-42.138749980318586,4001.646489443658
2024-09-13,222.5,0.2482,0.0497,198.80650405883787,51,0.13972602739726028,0.9065733954638127,-0.09096298063469377,10.0,-3897.676974983203,19258.89642048061,9.037019365306236,False,False,0.0,0.0,4001.646489443658
2024-09-16,216.32000732421875,0.2637,0.0496,198.80650405883787,48,0.13150684931506848,1.8048124027022538,-0.15892345622525483,6.292337353792638,-3230.1027168027144,19537.546865430326,0.0,True,False,-3.7076626462073623,669.1635528910906,3332.4829365525675
2024-09-17,216.7899932861328,0.2602,0.0495,198.80650405883787,47,0.12876712328767123,1.6218902413762208,-0.148611472988045,6.72895557720799,-3301.3554851102044,19469.00658203585,1.4210854715202004e-14,True,False,0.43661822341535217,-70.81468357643821,3403.2976201290057
2024-09-18,220.69000244140625,0.26280000000000003,0.0484,198.80650405883787,46,0.12602739726027398,1.1269196775407018,-0.1090959199630811,9.166245633552636,-3576.456295355199,19525.506206147627,0.0,True,False,2.4372900563446462,-274.66301243690674,3677.9606325659124
2024-09-19,228.8699951171875,0.24559999999999998,0.048,198.80650405883787,45,0.1232876712328767,0.33386132192963025,-0.04051608253051908,10.0,-3604.7624882760515,19616.09834537233,59.483917469480915,True,False,0.8337543664473639,-27.835833494671828,3705.7964660605844
2024-09-20,228.1999969482422,0.242,0.0475,198.80650405883787,44,0.12054794520547946,0.31884517881856667,-0.03994934424695229,10.0,-3605.231631728404,19533.613241914383,60.05065575304771,False,False,0.0,0.0,3705.7964660605844
2024-09-23,226.47000122070312,0.2303,0.0472,198.80650405883787,41,0.11232876712328767,0.25978126137880864,-0.03631437008551508,10.0,-3606.630535386015,19300.150848063106,63.68562991448492,False,False,0.0,0.0,3705.7964660605844
2024-09-24,227.3699951171875,0.2303,0.046900000000000004,198.80650405883787,40,0.1095890410958904,0.21475489051811714,-0.030992742523021755,10.0,-3607.093992481757,19344.66040975511,69.00725747697825,False,False,0.0,0.0,3705.7964660605844
2024-09-25,226.3699951171875,0.23260000000000003,0.046900000000000004,198.80650405883787,39,0.10684931506849316,0.2452584863541274,-0.035022849063004124,10.0,-3607.5575091323876,19274.70048894049,64.97715093699588,False,False,0.0,0.0,3705.7964660605844
2024-09-26,227.52000427246094,0.24050000000000002,0.0468,198.80650405883787,38,0.10410958904109589,0.23414153551185635,-0.03287866532739392,10.0,-3608.0200968467675,19378.12186591118,67.12133467260608,False,False,0.0,0.0,3705.7964660605844
2024-09-27,227.7899932861328,0.2525,0.0468,198.80650405883787,37,0.10136986301369863,0.274610242193555,-0.03656224836820865,10.0,-3608.4827438775665,19445.12682692927,63.43775163179135,False,False,0.0,0.0,3705.7964660605844
2024-09-30,233.0,0.2671,0.04730000000000001,198.80650405883787,34,0.09315068493150686,0.14819837358608368,-0.02059379543076012,10.0,-3609.8858760614958,19838.31249752459,79.40620456923988,False,False,0.0,0.0,3705.7964660605844
2024-10-01,226.2100067138672,0.2893,0.0471,198.80650405883787,33,0.09041095890410959,0.4993291936705049,-0.05740617626672451,10.0,-3610.3517297474705,19509.978135309753,42.59382373327549,False,False,0.0,0.0,3705.7964660605844
2024-10-02,226.77999877929688,0.2897,0.046900000000000004,198.80650405883787,32,0.08767123287671233,0.43970066510303063,-0.05201984444510832,10.0,-3610.815665021921,19506.8848780108,47.98015555489168,False,False,0.0,0.0,3705.7964660605844
2024-10-03,225.6699981689453,0.2942,0.0468,198.80650405883787,31,0.08493150684931507,0.5017607866705109,-0.05850352853778529,10.0,-3611.2786705211547,19457.481933043888,41.496471462214714,False,False,0.0,0.0,3705.7964660605844
2024-10-04,226.8000030517578,0.28440000000000004,0.04730000000000001,198.80650405883787,30,0.0821917808219178,0.34509984272615846,-0.0441760275599018,10.0,-3611.7466829851855,19413.353464916756,55.8239724400982,False,False,0.0,0.0,3705.7964660605844
2024-10-07,221.69000244140625,0.3144,0.0477,210.60550231933593,90,0.2465753424657534,7.671913660291352,-0.3149212562689301,3.175396960648602,-5260.21622488611,19344.921151179282,-1.4210854715202004e-14,True,True,3.175396960648602,-2436.137131924765,5352.849727746267
2024-10-08,225.77000427246094,0.3008,0.0475,210.60550231933593,89,0.24383561643835616,5.914922553800032,-0.2675130508569329,3.738135379925087,-5593.75623492422,19194.322319109546,0.0,True,False,0.562738419276485,-332.85541680682604,5685.705144553092
2024-10-09,229.5399932861328,0.2921,0.0475,210.60550231933593,88,0.2410958904109589,4.626268358964644,-0.22608413206486278,4.423132180338527,-5911.382139246171,19088.876834708954,0.0,True,False,0.6849968004134399,-316.8979023744717,6002.603046927564
2024-10-10,229.0399932861328,0.2913,0.0475,210.60550231933593,87,0.23835616438356164,4.66391397509436,-0.2294289287404967,4.358648255430263,-5882.076730906469,19054.758648809,-1.4210854715202004e-14,True,False,-0.06448392490826382,30.074747854858693,5972.5282990727055
2024-10-11,227.5500030517578,0.2866,0.04730000000000001,210.60550231933593,86,0.2356164383561644,4.806566987876408,-0.24012015461167713,4.164581692932867,-5789.559639706546,18967.17475382579,-1.4210854715202004e-14,True,False,-0.1940665624973965,93.279393275064,5879.248905797642
2024-10-14,231.3000030517578,0.2781,0.04730000000000001,210.60550231933593,83,0.2273972602739726,3.570314666951049,-0.19650090829033529,5.089035000909377,-6121.869788164137,18825.076147449043,0.0,True,False,0.9244533079765107,-330.0589204379951,6209.307826235637
2024-10-15,233.85000610351562,0.28750000000000003,0.04730000000000001,210.60550231933593,82,0.22465753424657534,3.3257244449703975,-0.1802544669907522,5.54771272354268,-6275.206738257671,18954.81025392981,1.4210854715202004e-14,True,False,0.4586777226333023,-152.54357145249253,6361.8513976881295
2024-10-16,231.77999877929688,0.2818,0.0472,210.60550231933593,81,0.2219178082191781,3.4991641849048207,-0.1929856636613274,5.181732057335154,-6147.955625561218,18843.217375448505,-1.4210854715202004e-14,True,False,-0.365980666207526,128.0626439560981,6233.788753732031
2024-10-17,232.14999389648438,0.2776,0.047400000000000005,210.60550231933593,80,0.2191780821917808,3.2580651253269224,-0.18556902627237037,5.388830345707814,-6216.228040536067,18754.487370677773,-1.4210854715202004e-14,True,False,0.2070982883726602,-67.47397108618622,6301.262724818217
2024-10-18,235.0,0.2705,0.04730000000000001,210.60550231933593,79,0.21643835616438356,2.5362772929993866,-0.15501023432548688,6.4511869448582555,-6486.476739714211,18649.723156399596,-1.4210854715202004e-14,True,False,1.0623565991504416,-269.44309194933163,6570.705816767549
2024-10-21,236.47999572753906,0.2661,0.04730000000000001,210.60550231933593,76,0.20821917808219179,2.096603194476586,-0.1365093694698134,7.325504497485296,-6672.308656245236,18511.558529566697,0.0,True,False,0.8743175526270406,-183.30969738248038,6754.015514150029
2024-10-22,235.86000061035156,0.268,0.0472,210.60550231933593,75,0.2054794520547945,2.1912148992148914,-0.14167768769204747,7.058274427612155,-6614.615691024568,18518.003978863708,-1.4210854715202004e-14,True,False,-0.2672300698731407,58.555851062426235,6695.459663087603
2024-10-23,230.75999450683594,0.2874,0.04730000000000001,210.60550231933593,74,0.20273972602739726,3.528396749207026,-0.19904343469781383,5.0240290593768755,-5897.710453835181,18950.965776951114,-1.4210854715202004e-14,True,False,-2.03424536823528,717.7624744370812,5977.697188650522
2024-10-24,230.57000732421875,0.2886,0.047,210.60550231933593,73,0.2,3.5537904723515794,-0.20071169315170212,4.982270760100554,-5883.6299093303105,18943.965458883686,0.0,True,False,-0.041758299276321686,14.840024610979786,5962.857164039542
2024-10-25,231.41000366210938,0.2944,0.04730000000000001,210.60550231933593,72,0.19726027397260273,3.4993757440163478,-0.1956669106359994,5.110726165960209,-5929.3437858387015,19000.09169831932,0.0,True,False,0.12845540585965498,-44.951373145305205,6007.808537184847
2024-10-28,233.39999389648438,0.2839,0.047,210.60550231933593,69,0.18904109589041096,2.7105145984705175,-0.16696018174878902,5.989452032968053,-6169.814670994652,18793.634435873668,0.0,True,False,0.8787258670078444,-238.17992905784246,6245.98846624269
2024-10-29,233.6699981689453,0.2826,0.047,210.60550231933593,68,0.1863013698630137,2.5868870875594894,-0.16237123549679477,6.158726309745546,-6214.398535519178,18745.79423802472,1.4210854715202004e-14,True,False,0.16927427677749307,-43.789344085166796,6289.777810327857
2024-10-30,230.10000610351562,0.3053,0.0467,210.60550231933593,67,0.18356164383561643,3.8061152454112346,-0.20962121588164995,4.770509491580232,-5686.822369328154,19138.88913145166,0.0,True,False,-1.388216818165314,528.3713195555277,5761.40649077233
2024-10-31,225.91000366210938,0.3215,0.0464,210.60550231933593,66,0.18082191780821918,5.213267353077001,-0.2601609247008927,3.843774775745824,-5204.413758934295,19390.4491623743,0.0,True,False,-0.9267347158344084,483.1315839022612,5278.274906870069
2024-11-01,222.91000366210938,0.2644,0.0461,210.60550231933593,65,0.1780821917808219,4.174453553372565,-0.26164941434594435,3.821908038662118,-5195.942957201655,18690.495168274905,0.0,True,False,-0.02186673708370579,9.128167831973927,5269.146739038095
2024-11-04,222.00999450683594,0.2641,0.04650000000000001,210.60550231933593,62,0.16986301369863013,4.234345246339565,-0.27044030074595005,3.6976737462638525,-5145.324094884113,18621.398080800176,-1.4210854715202004e-14,True,False,-0.12423429239826556,52.60508854489553,5216.541650493199
2024-11-05,223.4499969482422,0.2524,0.0464,210.60550231933593,61,0.16712328767123288,3.4681364944531836,-0.24181004847393983,4.135477439051799,-5297.814523412444,18481.425194248106,-1.4210854715202004e-14,True,False,0.43780369278794673,-151.83629643642482,5368.377946929624
2024-11-06,222.72000122070312,0.2286,0.0464,210.60550231933593,60,0.1643835616438356,2.925083426831158,-0.2320630832894246,4.30917311717702,-5349.295476760791,18183.173732149608,-1.4210854715202004e-14,True,False,0.17369567812522035,-50.80743493962813,5419.1853818692525
2024-11-07,227.47999572753906,0.2138,0.0463,210.60550231933593,59,0.16164383561643836,1.6097363053969076,-0.15227863826405352,6.566909261862353,-5713.410058277705,18091.688739782905,0.0,True,False,2.2577361446853335,-363.43598401068266,5782.621365879935
2024-11-08,226.9600067138672,0.20870000000000002,0.0463,210.60550231933593,58,0.1589041095890411,1.5455951083230204,-0.15174348097983503,6.590068934380703,-5717.714394054242,17996.84410818151,1.4210854715202004e-14,True,False,0.02315967251835005,-3.579547655472492,5786.200913535407
2024-11-11,224.22999572753906,0.2193,0.0463,210.60550231933593,55,0.1506849315068493,2.144186714319595,-0.19465043847363916,5.137414576825762,-5408.414455184291,18116.14272572778,0.0,True,False,-1.452654357554941,311.47621739677714,5474.72469613863
2024-11-12,224.22999572753906,0.2163,0.0463,210.60550231933593,54,0.14794520547945206,2.031495891182857,-0.19013680315233783,5.259371060313867,-5433.875961879016,18057.56268079825,1.4210854715202004e-14,True,False,0.12195648348810462,-24.775409510919445,5499.500105649549
2024-11-13,225.1199951171875,0.212,0.046,210.60550231933593,53,0.14520547945205478,1.7351945137965075,-0.1715465516704069,5.829321488905847,-5533.458307961086,17990.041870428216,-1.4210854715202004e-14,True,False,0.5699504285919801,-98.89748568287719,5598.397591332427
2024-11-14,228.22000122070312,0.209,0.0461,210.60550231933593,52,0.14246575342465753,1.178824700533557,-0.1269526500438114,7.8769525461256595,-5775.537042245319,17975.017702455356,0.0,True,False,2.047631057219813,-241.37980678303566,5839.777398115462
2024-11-15,225.0,0.2249,0.046,210.60550231933593,51,0.13972602739726028,1.9589331009720183,-0.18275266650536537,5.471876384198429,-5305.126633618815,18266.777343724527,0.0,True,False,-2.405076161927231,471.1383303957991,5368.639067719663
2024-11-18,228.02000427246094,0.22260000000000002,0.0463,210.60550231933593,48,0.13150684931506848,1.3092933549578696,-0.1356719537664942,7.3707201248174385,-5555.760222012174,18211.28369330169,0.0,True,False,1.89884374061901,-248.6143491695814,5617.253416889244
2024-11-19,228.27999877929688,0.22280000000000003,0.046200000000000005,210.60550231933593,47,0.12876712328767123,1.241095418748774,-0.1308580911429147,7.641866018875861,-5590.115281464955,18186.31308713661,0.0,True,False,0.2711458940584226,-33.65179269284487,5650.905209582089
2024-11-20,229.0,0.22399999999999998,0.046200000000000005,210.60550231933593,46,0.12602739726027398,1.1336214409516359,-0.12181150240411975,8.209405353875507,-5655.160372877427,18175.475419784216,1.4210854715202004e-14,True,False,0.5675393349996458,-64.33747587390317,5715.242685455992
2024-11-21,228.52000427246094,0.22469999999999998,0.0463,210.60550231933593,45,0.1232876712328767,1.1672525634874553,-0.12578961306947267,7.9497819859554495,-5625.573167422542,18154.36760005084,-1.4210854715202004e-14,True,False,-0.25962336792005747,30.304604174593386,5684.938081281398
2024-11-22,229.8699951171875,0.2127,0.0463,210.60550231933593,44,0.12054794520547946,0.8010180988308875,-0.09719297285133566,10.0,-5790.512986367334,17997.5046241823,2.8070271486643463,True,False,2.0502180140445505,-164.22617357988037,5849.164254861278
2024-11-25,232.8699951171875,0.2,0.046200000000000005,210.60550231933593,41,0.11232876712328767,0.3633862176264788,-0.05368278184339992,10.0,-5792.712212385492,17857.673516959734,46.317218156600084,False,False,0.0,0.0,5849.164254861278
2024-11-26,235.05999755859375,0.19039999999999999,0.0461,210.60550231933593,40,0.1095890410958904,0.18834122063355263,-0.031830947683706756,10.0,-5793.443886077862,17900.897090415066,68.16905231629325,False,False,0.0,0.0,5849.164254861278
2024-11-27,234.92999267578125,0.1908,0.046,210.60550231933593,39,0.10684931506849316,0.18244623387658088,-0.03126658742553656,10.0,-5794.17406474229,17881.271436712414,68.73341257446344,False,False,0.0,0.0,5849.164254861278
2024-11-29,237.3300018310547,0.1931,0.0458,210.60550231933593,37,0.10136986301369863,0.11070160552018926,-0.020211841127913854,10.0,-5795.628346790681,18048.07344183498,79.78815887208614,False,False,0.0,0.0,5849.164254861278
2024-12-02,239.58999633789062,0.1881,0.0451,210.60550231933593,34,0.09315068493150686,0.0445218477230549,-0.009439692234185282,10.0,-5797.777097117529,18205.744384394588,90.56030776581471,False,False,0.0,0.0,5849.164254861278
2024-12-03,242.64999389648438,0.1819,0.0449,210.60550231933593,33,0.09041095890410959,0.014713877691348465,-0.003560785394062127,10.0,-5798.49034699093,18481.222920348857,96.43921460593788,False,False,0.0,0.0,5849.164254861278
2024-12-04,243.00999450683594,0.1861,0.0447,210.60550231933593,32,0.08767123287671233,0.014615919696600033,-0.0035097747587603534,10.0,-5799.200506964251,18516.414863415943,96.49022524123964,False,False,0.0,0.0,5849.164254861278
2024-12-05,243.0399932861328,0.1863,0.0446,210.60550231933593,31,0.08493150684931507,0.012656715543359787,-0.003117514864780624,10.0,-5799.909164896746,18516.746879259896,96.88248513521938,False,False,0.0,0.0,5849.164254861278
2024-12-06,242.83999633789062,0.1812,0.0442,210.60550231933593,30,0.0821917808219178,0.008586375356286369,-0.002274159369646256,10.0,-5800.611552588645,18491.974456556705,97.72584063035374,False,False,0.0,0.0,5849.164254861278
2024-12-09,246.75,0.1923,0.0442,234.4125,90,0.2465753424657534,3.538921839552671,-0.24226264145619214,4.127751575683319,-7260.211549025064,18875.5674709183,0.0,True,True,4.127751575683319,-1460.7790199433646,7306.656577812315
2024-12-10,247.77000427246094,0.1972,0.0441,234.4125,89,0.24383561643835616,3.449852017746146,-0.23323609917245047,4.28750096382215,-7316.1999696027415,18939.92484275639,1.4210854715202004e-14,True,False,0.159749388138831,-55.11117490044583,7361.767752712761
2024-12-11,246.49000549316406,0.1974,0.0438,234.4125,88,0.2410958904109589,3.736290097265183,-0.24960488215449317,4.006331892903638,-7212.0250447448325,18933.857322352924,0.0,True,False,-0.2811690709185122,105.0529215330089,7256.714831179752
2024-12-12,247.9600067138672,0.1941,0.0435,234.4125,87,0.23835616438356164,3.2326442943688463,-0.22671839871894162,4.410758040152182,-7343.621199017771,18878.220653602897,0.0,True,False,0.40442614724854486,-130.73658773965835,7387.451418919411
2024-12-13,248.1300048828125,0.2053,0.0434,234.4125,86,0.2356164383561644,3.571118844738706,-0.23480222125817596,4.258903491804932,-7290.265373746187,19043.64016628587,1.4210854715202004e-14,True,False,-0.15185454834725043,54.22906392621509,7333.222354993195
2024-12-16,251.0399932861328,0.2139,0.0437,234.4125,83,0.2273972602739726,3.120901011385186,-0.20602815691477172,4.8537055079013935,-7478.516168953583,19140.27660251723,-1.4210854715202004e-14,True,False,0.5948020160964615,-185.63182136093945,7518.854176354134
2024-12-17,253.47999572753906,0.2189,0.0438,234.4125,82,0.22465753424657534,2.7725506520382055,-0.18394191625329803,5.4364987620491325,-7640.9960264204055,19214.30036508592,1.4210854715202004e-14,True,False,0.582793254147739,-161.5823816790781,7680.436558033212
2024-12-18,248.0500030517578,0.2555,0.04360000000000001,234.4125,81,0.2219178082191781,5.27328381558776,-0.2708026925654293,3.6927254693318363,-6722.367665358476,20029.911585100934,1.4210854715202004e-14,True,False,-1.7437732927172962,919.5411482540296,6760.895409779183
2024-12-19,249.7899932861328,0.2698,0.0435,234.4125,80,0.2191780821917808,5.306863904889397,-0.26054436431183003,3.8381179444862585,-6800.326679830761,20215.509607012762,0.0,True,False,0.14539247515442222,-77.15780784395318,6838.053217623136
2024-12-20,254.49000549316406,0.2359,0.0434,234.4125,79,0.21643835616438356,3.0145110893178284,-0.1869299255204051,5.349598236965225,-7256.772724989912,19804.870145199173,1.4210854715202004e-14,True,False,1.511480292478966,-455.6374102963198,7293.690627919456
2024-12-23,255.27000427246094,0.2136,0.04360000000000001,234.4125,76,0.20821917808219179,2.100620134075456,-0.154716007734794,6.4634552987829625,-7493.352757293012,19391.3741035851,0.0,True,False,1.113857061817738,-233.979057053647,7527.669684973103
2024-12-24,258.20001220703125,0.2031,0.044000000000000004,234.4125,75,0.2054794520547945,1.40485972053742,-0.11622685121695175,8.603863819156356,-7794.953491595537,19233.76990115979,0.0,True,False,2.140408520373393,-300.69737157676775,7828.367056549871
2024-12-26,259.0199890136719,0.2231,0.0435,234.4125,73,0.2,1.7195699587055557,-0.12764786221672653,7.834052076032053,-7664.437173525328,19584.68178832982,0.0,True,False,-0.7698117431243023,132.37451473353084,7695.99254181634
2024-12-27,255.58999633789062,0.2324,0.0431,234.4125,72,0.19726027397260273,2.4318847389839107,-0.16554191223955184,6.04076627164318,-7229.235822468841,19798.808542098,0.0,True,False,-1.7932858043888737,436.1064380329788,7259.886103783361
2024-12-30,252.1999969482422,0.26789999999999997,0.0437,234.4125,69,0.18904109589041096,4.033891607070146,-0.22450011354475585,4.454340731549974,-6591.886004758593,20424.94645926864,1.4210854715202004e-14,True,False,-1.586425540093206,639.9468671423706,6619.93923664099
2024-12-31,250.4199981689453,0.26030000000000003,0.0437,234.4125,68,0.1863013698630137,4.136328864655098,-0.23681510548462636,4.222703606484758,-6496.862539676694,20291.786358656445,-1.4210854715202004e-14,True,False,-0.23163712506521605,95.81273265329762,6524.126503987693
