date,close,sigma,r,strike,dte,tau_years,put_px,put_delta,contracts,cash,portfolio_value,portfolio_delta,rebalanced,rolled,trade_contracts,option_cashflow,cum_hedge_cost
2022-01-03,182.00999450683594,0.3075,0.0008,172.90949478149415,90,0.2465753424657534,6.838146649077082,-0.3395973732088593,2.9446635306715985,-2013.604105492148,18200.999450683594,-1.4210854715202004e-14,True,True,2.9446635306715985,-2013.604105492148,2013.604105492148
2022-01-04,179.6999969482422,0.3135,0.0008,172.90949478149415,89,0.24383561643835616,7.80193275437702,-0.37164700611938084,2.9446635306715985,-2013.6085188758457,18253.797861004998,-9.43753852030251,False,False,0.0,0.0,2013.604105492148
2022-01-05,174.9199981689453,0.3401,0.0009,172.90949478149415,88,0.2410958904109589,10.576379214455756,-0.4387958455946869,2.9446635306715985,-2013.613483944068,18592.77414888656,-29.210612393288017,False,False,0.0,0.0,2013.604105492148
2022-01-06,172.0,0.33630000000000004,0.001,172.90949478149415,87,0.23835616438356164,11.721428575569433,-0.4794935506890162,2.9446635306715985,-2013.6190007008963,18637.947324684228,-41.19471719061795,False,False,0.0,0.0,2013.604105492148
2022-01-07,172.1699981689453,0.33030000000000004,0.001,172.90949478149415,86,0.2356164383561644,11.375752103177248,-0.47810840837929425,2.9446635306715985,-2013.6245174728388,18553.15153464037,-40.78683938619511,False,False,0.0,0.0,2013.604105492148
2022-01-10,172.19000244140625,0.33590000000000003,0.0013000000000000002,172.90949478149415,83,0.2273972602739726,11.350228499420894,-0.4777097931195179,2.0933211217418157,-1047.3529457677892,18547.6146038162,1.4210854715202004e-14,True,False,-0.8513424089297827,966.2930872600456,1047.3110182321025
2022-01-11,175.0800018310547,0.3154,0.0011,172.90949478149415,82,0.22465753424657534,9.296816620360588,-0.4365010467302243,2.0933211217418157,-1047.3561021786832,18406.766340562903,8.626313921721021,False,False,0.0,0.0,1047.3110182321025
2022-01-12,175.52999877929688,0.3091,0.0012,172.90949478149415,81,0.2219178082191781,8.832689498684772,-0.42938718570821666,2.0933211217418157,-1047.3595455468712,18354.60588132121,10.115473475171456,False,False,0.0,0.0,1047.3110182321025
2022-01-13,172.19000244140625,0.33890000000000003,0.0012,172.90949478149415,80,0.2191780821917808,11.249235552350086,-0.47818587825738024,2.0933211217418157,-1047.36298892638,18526.463493732586,-0.09965990748344211,False,False,0.0,0.0,1047.3110182321025
2022-01-14,173.07000732421875,0.3237,0.0013000000000000002,172.90949478149415,79,0.21643835616438356,10.277466930835956,-0.46679570464182485,2.0933211217418157,-1047.3667192669564,18411.037873587113,2.2846691934913963,False,False,0.0,0.0,1047.3110182321025
2022-01-18,169.8000030517578,0.37320000000000003,0.0016,172.90949478149415,75,0.2054794520547945,13.139120755833474,-0.5082740190650515,1.967442683455388,-881.9918840941634,18683.055120891757,0.0,True,False,-0.12587843828642775,165.3932001201106,881.9178181119919
2022-01-19,166.22999572753906,0.37210000000000004,0.0017000000000000001,172.90949478149415,74,0.20273972602739726,14.934148679786517,-0.5593449823050209,1.967442683455388,-881.9959920111352,18679.21173611086,-10.04791929634969,False,False,0.0,0.0,881.9178181119919
2022-01-20,164.50999450683594,0.3829,0.0017000000000000001,172.90949478149415,73,0.2,16.154982667125367,-0.5805110105436155,1.967442683455388,-882.0000999472397,18747.399595714796,-14.212214035932988,False,False,0.0,0.0,881.9178181119919
2022-01-21,162.41000366210938,0.40590000000000004,0.0017000000000000001,172.90949478149415,72,0.19726027397260273,17.97027975717586,-0.6008283800374108,1.967442683455388,-882.0042079024772,18894.54570109867,-18.20954003169571,False,False,0.0,0.0,881.9178181119919
2022-01-24,161.6199951171875,0.4239,0.0019,172.90949478149415,69,0.18904109589041096,18.696328034195844,-0.6072834313526037,1.967442683455388,-882.0179817743689,18958.376909780425,-19.479534379836238,False,False,0.0,0.0,881.9178181119919
2022-01-25,159.77999877929688,0.4532,0.0019,172.90949478149415,68,0.1863013698630137,20.521072312235916,-0.6194708132216507,1.614281058375213,-157.29704849509744,19133.380662553638,0.0,True,False,-0.353161625080175,724.725524617702,157.19229349428986
2022-01-26,159.69000244140625,0.4497,0.0019,172.90949478149415,67,0.18356164383561643,20.39883369833798,-0.623487598851383,1.614281058375213,-157.2978673037824,19104.64746205414,-0.6484220957630811,False,False,0.0,0.0,157.19229349428986
2022-01-27,159.22000122070312,0.45909999999999995,0.002,172.90949478149415,66,0.18082191780821918,20.845486187892106,-0.6266645831563017,1.614281058375213,-157.29872921226598,19129.74874343168,-1.1612766543816235,False,False,0.0,0.0,157.19229349428986
2022-01-28,170.3300018310547,0.3563,0.0019,172.90949478149415,65,0.1780821917808219,11.59247281091416,-0.5089898116713686,1.614281058375213,-157.2995480296999,18747.051562914607,17.834738811294287,False,False,0.0,0.0,157.19229349428986
2022-01-31,174.77999877929688,0.3141,0.0022,172.90949478149415,62,0.16986301369863013,8.035814586953151,-0.4400944097548509,1.614281058375213,-157.30239237601035,18617.903813187047,28.95639304359247,False,False,0.0,0.0,157.19229349428986
2022-02-01,174.61000061035156,0.30460000000000004,0.0019,172.90949478149415,61,0.16712328767123288,7.775628934340617,-0.4429854157278187,2.2574106607031617,-657.3769256517301,18558.901900388675,1.4210854715202004e-14,True,False,0.6431296023279487,-500.0737144392172,657.2660079335071
2022-02-02,175.83999633789062,0.29460000000000003,0.0019,172.90949478149415,60,0.1643835616438356,6.895682155323058,-0.41955164635495934,2.2574106607031617,-657.3803476227154,18483.25792719103,5.289964080275212,False,False,0.0,0.0,657.2660079335071
2022-02-03,172.89999389648438,0.3418,0.002,172.90949478149415,59,0.16164383561643836,9.446971825618917,-0.471833003579331,2.2574106607031617,-657.3839497166806,18765.18493098321,-6.512085235157471,False,False,0.0,0.0,657.2660079335071
2022-02-04,172.38999938964844,0.3194,0.0023,172.90949478149415,58,0.1589041095890411,8.992092368195486,-0.4828911576202718,2.2574106607031617,-657.3880921491412,18611.496364214905,-9.008364717129226,False,False,0.0,0.0,657.2660079335071
2022-02-07,171.66000366210938,0.321,0.0027,172.90949478149415,55,0.1506849315068493,9.159585831163142,-0.4970618851291492,2.2574106607031617,-657.402680923472,18576.292355576796,-12.207279851975159,False,False,0.0,0.0,657.2660079335071
2022-02-08,174.8300018310547,0.2977,0.0025,172.90949478149415,54,0.14794520547945206,6.983957446056948,-0.437643075564331,2.2849670332622587,-676.6524370290233,18402.158998671104,0.0,True,False,0.027556372559097042,-19.245253332042513,676.5112612655496
2022-02-09,176.27999877929688,0.28,0.0026000000000000003,172.90949478149415,53,0.14520547945205478,5.834837305048197,-0.40600892895784935,2.2849670332622587,-676.6572570361528,18284.583709541927,7.228298212119583,False,False,0.0,0.0,676.5112612655496
2022-02-10,172.1199951171875,0.3086,0.004,172.90949478149415,52,0.14246575342465753,8.35996095579786,-0.4904889404525381,2.2849670332622587,-676.6646724987803,18445.558357555747,-12.075105911378472,False,False,0.0,0.0,676.5112612655496
2022-02-11,168.63999938964844,0.34770000000000006,0.0036,172.90949478149415,51,0.13972602739726028,11.094021120012656,-0.5491493412852977,2.2849670332622587,-676.6713464846274,18722.27584503463,-25.478814117459038,False,False,0.0,0.0,676.5112612655496
2022-02-14,168.8800048828125,0.34630000000000005,0.0043,172.90949478149415,48,0.13150684931506848,10.662650282476307,-0.5479450902621804,2.2849670332622587,-676.6952621411335,18647.685664406403,-25.203646728699496,False,False,0.0,0.0,676.5112612655496
2022-02-15,172.7899932861328,0.30670000000000003,0.004,172.90949478149415,47,0.12876712328767123,7.598643684365001,-0.4786960487306372,2.089008260360012,-527.8005888093004,18338.561682221076,0.0,True,False,-0.19595877290224673,148.90208921095726,527.6091720545924
2022-02-16,172.5500030517578,0.299,0.0038,172.90949478149415,46,0.12602739726027398,7.448436439205125,-0.48485283748465213,2.089008260360012,-527.8060837481438,18283.17874625424,-1.2861582564428744,False,False,0.0,0.0,527.6091720545924
2022-02-17,168.8800048828125,0.3412,0.0036,172.90949478149415,45,0.1232876712328767,10.289035129614291,-0.5529883965092108,2.089008260360012,-527.8112895324504,18509.57713643866,-15.51973281909791,False,False,0.0,0.0,527.6091720545924
2022-02-18,167.3000030517578,0.3375,0.0034999999999999996,172.90949478149415,44,0.12054794520547946,11.018453040454446,-0.5867738534079625,2.089008260360012,-527.8163507608626,18503.947896204743,-22.577542673250846,False,False,0.0,0.0,527.6091720545924
2022-02-22,164.32000732421875,0.34740000000000004,0.0037,172.90949478149415,40,0.1095890410958904,12.723738085151567,-0.648777350893745,2.089008260360012,-527.8377530632387,18562.162375612526,-35.530124515151925,False,False,0.0,0.0,527.6091720545924
2022-02-23,160.07000732421875,0.37520000000000003,0.0034000000000000002,172.90949478149415,39,0.10684931506849316,16.070275243298624,-0.7139039199577333,1.4007487170811515,578.2093600008669,18836.251835441893,0.0,True,False,-0.6882595432788605,1106.052029931829,-578.4428578772367
2022-02-24,162.74000549316406,0.3564,0.0032,172.90949478149415,38,0.10410958904109589,13.781635500227651,-0.6796444859049524,1.4007487170811515,578.2144292558335,18782.675803194634,4.798885829735909,False,False,0.0,0.0,-578.4428578772367
2022-02-25,164.85000610351562,0.3286,0.0033000000000000004,172.90949478149415,37,0.10136986301369863,11.755091046268078,-0.6556900072450409,1.4007487170811515,578.2196569715657,18709.81313754634,8.154306354857795,False,False,0.0,0.0,-578.4428578772367
2022-02-28,165.1199951171875,0.3419,0.0034999999999999996,172.90949478149415,34,0.09315068493150686,11.563228832306592,-0.6504159653909996,1.4007487170811515,578.2362909269796,18709.95359786265,8.893067090945877,False,False,0.0,0.0,-578.4428578772367
2022-03-01,163.1999969482422,0.38079999999999997,0.0032,172.90949478149415,33,0.09041095890410959,13.447183790894556,-0.6718232347865168,1.4007487170811515,578.2413604180539,18781.853599587273,5.894446576747725,False,False,0.0,0.0,-578.4428578772367
2022-03-02,166.55999755859375,0.3444,0.0034000000000000002,172.90949478149415,32,0.08767123287671233,10.501731196236008,-0.6228492556074672,1.60552491794294,363.1962851173254,18705.275152686267,-1.4210854715202004e-14,True,False,0.2047762008617886,-215.0504616836936,-363.39239619354316
2022-03-03,166.22999572753906,0.3473,0.0038,172.90949478149415,31,0.08493150684931507,10.657919260500037,-0.6313534043196214,1.60552491794294,363.200066358607,18697.355133728193,-1.3653622663256044,False,False,0.0,0.0,-363.39239619354316
2022-03-04,163.1699981689453,0.3874,0.0034000000000000002,172.90949478149415,30,0.0821917808219178,13.266886882596538,-0.6786596367988242,1.60552491794294,363.2034496078594,18810.235013856298,-8.96049576826178,False,False,0.0,0.0,-363.39239619354316
2022-03-07,159.3000030517578,0.4283,0.0038,151.33500289916992,90,0.2465753424657534,9.486844399000141,-0.3624481030973722,2.759015681015576,365.01779282459756,18912.453344019996,0.0,True,True,2.759015681015576,-2617.4352460196174,-365.195395344565
2022-03-08,157.44000244140625,0.4193,0.0036,151.33500289916992,89,0.24383561643835616,9.846270267670924,-0.38255608177011147,2.759015681015576,365.0213930178428,18825.62304396062,-5.5478228471614415,False,False,0.0,0.0,-365.195395344565
2022-03-09,162.9499969482422,0.3677,0.0038,151.33500289916992,88,0.2410958904109589,6.375907768537878,-0.3068062241625049,3.259386287646934,45.99350946345817,18419.14783949507,0.0,True,False,0.5003706066313578,-319.0316837968885,-46.163711547676485
2022-03-10,158.52000427246094,0.3816,0.0039000000000000003,151.33500289916992,87,0.23835616438356164,8.197750108268544,-0.36425213463926165,3.259386287646934,45.99400090358205,18569.95785739434,-18.72384128893343,False,False,0.0,0.0,-46.163711547676485
2022-03-11,154.72999572753906,0.4061,0.004,151.33500289916992,86,0.2356164383561644,10.32300676192986,-0.4145366947150353,3.259386287646934,45.99450495018946,18883.660746416175,-35.11352184806694,False,False,0.0,0.0,-46.163711547676485
2022-03-14,150.6199951171875,0.4366,0.0045000000000000005,151.33500289916992,83,0.2273972602739726,12.79309945781442,-0.46562709148447745,3.259386287646934,45.99620614827123,19277.761012797397,-51.76585571414304,False,False,0.0,0.0,-46.163711547676485
2022-03-15,155.08999633789062,0.3899,0.0046,151.33500289916992,82,0.22465753424657534,9.425569018579864,-0.4088055028289358,3.259386287646934,45.996785830138485,18627.1534608621,-33.245505023524316,False,False,0.0,0.0,-46.163711547676485
2022-03-16,159.58999633789062,0.3396,0.0044,151.33500289916992,81,0.2219178082191781,6.264899967272413,-0.33794192396197065,2.9590883198988127,234.13101314700006,18046.96987878509,0.0,True,False,-0.30029796774812123,188.1336728317177,-234.29738437939417
2022-03-17,160.6199951171875,0.3279,0.004,151.33500289916992,80,0.2191780821917808,5.557948004690715,-0.319050330437162,2.9590883198988127,234.13357898038154,17940.778993027652,5.590189374353727,False,False,0.0,0.0,-234.29738437939417
2022-03-18,163.97999572753906,0.3056,0.0042,151.33500289916992,79,0.21643835616438356,3.952979603191679,-0.26046282506826823,2.9590883198988127,234.13627313569506,17801.857423149875,22.926749657263983,False,False,0.0,0.0,-234.29738437939417
2022-03-21,165.3800048828125,0.3204,0.0054,151.33500289916992,76,0.20821917808219179,3.801053550058029,-0.24578035363411876,2.9590883198988127,234.14666516802285,17896.912469777937,27.271422630067946,False,False,0.0,0.0,-234.29738437939417
2022-03-22,168.82000732421875,0.3007,0.0051,151.33500289916992,75,0.2054794520547945,2.569022010547748,-0.18997687108462957,2.9590883198988127,234.14993682921482,17876.346971748568,43.78416597225502,False,False,0.0,0.0,-234.29738437939417
2022-03-23,170.2100067138672,0.3209,0.005,151.33500289916992,74,0.20273972602739726,2.682889350663121,-0.18600357696857417,5.376240695462286,-414.3420923483653,18049.044469884102,0.0,True,False,2.4171523755634734,-648.4952367329308,414.19785235353663
2022-03-24,174.07000732421875,0.3074,0.005200000000000001,151.33500289916992,73,0.2,1.766304494801652,-0.1368895691575488,5.376240695462286,-414.3479953462502,17942.260547628684,26.404872751088718,False,False,0.0,0.0,414.19785235353663
2022-03-25,174.72000122070312,0.29910000000000003,0.0055000000000000005,151.33500289916992,72,0.19726027397260273,1.5093539486186138,-0.12379196927569991,5.376240695462286,-414.35423899322114,17869.1108953191,33.44645770085651,False,False,0.0,0.0,414.19785235353663
2022-03-28,175.60000610351562,0.3078,0.0059,151.33500289916992,69,0.18904109589041096,1.4371083989562834,-0.11771798704481262,5.376240695462286,-414.3743328229722,17918.25034335453,36.71197674617762,False,False,0.0,0.0,414.19785235353663
2022-03-29,178.9600067138672,0.2959,0.0055000000000000005,151.33500289916992,68,0.1863013698630137,0.9136034597136309,-0.0830774097076955,5.376240695462286,-414.38057686681225,17972.79530448266,55.335584905589386,False,False,0.0,0.0,414.19785235353663
2022-03-30,177.77000427246094,0.30829999999999996,0.0055000000000000005,151.33500289916992,67,0.18356164383561643,1.1486258359222816,-0.09808713318477369,10.0,-945.4837606325473,17980.142502535826,1.9128668152263089,True,False,4.623759304537714,-531.0969396278059,945.2947919813425
2022-03-31,174.61000061035156,0.31629999999999997,0.005200000000000001,151.33500289916992,66,0.18082191780821918,1.5864409857646748,-0.12758722637938602,10.0,-945.4972306341286,18101.9438161657,-27.587226379386024,False,False,0.0,0.0,945.2947919813425
2022-04-01,174.30999755859375,0.2998,0.0053,151.33500289916992,65,0.1780821917808219,1.340270735363056,-0.11743780298897466,10.0,-945.5109598716758,17825.759531350755,-17.437802988974653,False,False,0.0,0.0,945.2947919813425
2022-04-04,178.44000244140625,0.2979,0.006600000000000001,151.33500289916992,62,0.16986301369863013,0.8217512695207905,-0.0789120546375669,10.0,-945.562251994396,17720.18926166702,21.087945362433103,False,False,0.0,0.0,945.2947919813425
2022-04-05,175.05999755859375,0.3164,0.006500000000000001,151.33500289916992,61,0.16712328767123288,1.3467325981256657,-0.1152672279995044,10.0,-945.5790909241613,17907.153263060878,-15.2672279995044,False,False,0.0,0.0,945.2947919813425
2022-04-06,171.8300018310547,0.3358,0.0067,151.33500289916992,60,0.1643835616438356,2.0401500949134963,-0.15647632755048457,6.39074303221595,-209.2538537495161,18277.553829730266,-1.4210854715202004e-14,True,False,-3.6092569677840496,736.3425945391828,208.9521974421598
2022-04-07,172.13999938964844,0.33299999999999996,0.0068000000000000005,151.33500289916992,59,0.16164383561643836,1.9006524406553353,-0.1498027682743731,6.39074303221595,-209.2577522137907,18219.400320929286,4.26490024438894,False,False,0.0,0.0,208.9521974421598
2022-04-08,170.08999633789062,0.3311,0.006999999999999999,151.33500289916992,58,0.1589041095890411,2.1476412009840793,-0.1686268674596214,6.39074303221595,-209.26176541464454,18172.24017246331,-7.765097826197817,False,False,0.0,0.0,208.9521974421598
2022-04-11,165.75,0.3667,0.0077,151.33500289916992,55,0.1506849315068493,3.5114059692721753,-0.23622355519832272,6.39074303221595,-209.27500952354572,18609.774313617218,-50.9644039428961,False,False,0.0,0.0,208.9521974421598
2022-04-12,167.66000366210938,0.3514,0.0074,151.33500289916992,54,0.14794520547945206,2.741465227591185,-0.20225142679576558,6.39074303221595,-209.27925240236507,18308.721093937642,-29.253689655077324,False,False,0.0,0.0,208.9521974421598
2022-04-13,170.39999389648438,0.3259,0.0075,151.33500289916992,53,0.14520547945205478,1.7747892777481233,-0.15237541024239953,6.562738688671586,-239.80915739482833,17964.93805798532,-1.4210854715202004e-14,True,False,0.17199565645563553,-30.525604689671173,239.47780213183097
2022-04-14,165.2899932861328,0.3523,0.0079,151.33500289916992,52,0.14246575342465753,3.145427105973873,-0.23017264164265616,6.562738688671586,-239.81434784098067,18353.446596849404,-51.05629003820002,False,False,0.0,0.0,239.47780213183097
2022-04-18,165.07000732421875,0.34630000000000005,0.008100000000000001,151.33500289916992,48,0.13150684931506848,2.8300838765088585,-0.2227188282861685,6.562738688671586,-239.83563641561042,18124.4751908613,-46.16454710892418,False,False,0.0,0.0,239.47780213183097
2022-04-19,167.39999389648438,0.2865,0.008100000000000001,151.33500289916992,47,0.12876712328767123,1.3836834764050856,-0.14849859887468742,6.562738688671586,-239.84095885454403,17408.23373914182,2.544249995156605,False,False,0.0,0.0,239.47780213183097
2022-04-20,167.22999572753906,0.3478,0.008199999999999999,151.33500289916992,46,0.12602739726027398,2.2863636425150133,-0.18970123829390118,6.562738688671586,-239.84634712291228,17983.633938941533,-24.495965584029307,False,False,0.0,0.0,239.47780213183097
2022-04-21,166.4199981689453,0.36710000000000004,0.0083,151.33500289916992,45,0.1232876712328767,2.7012737391068455,-0.2090984959523543,4.782435165042328,241.05691437676313,18174.92338330229,-1.4210854715202004e-14,True,False,-1.7803035236292581,480.9087156019098,-241.43091347007885
2022-04-22,161.7899932861328,0.42240000000000005,0.0083,151.33500289916992,44,0.12054794520547946,4.802736143327046,-0.2960980064061347,4.782435165042328,241.0623960072782,18716.939146647263,-41.606951813562716,False,False,0.0,0.0,-241.43091347007885
2022-04-25,162.8800048828125,0.4203,0.0091,151.33500289916992,41,0.11232876712328767,4.171321237506142,-0.2743898125263248,4.782435165042328,241.08042682790457,18523.988252202882,-31.22514883552674,False,False,0.0,0.0,-241.43091347007885
2022-04-26,156.8000030517578,0.47450000000000003,0.0083,151.33500289916992,40,0.1095890410958904,7.096138747486961,-0.3782148830671481,4.782435165042328,241.08590899309243,19314.76856236898,-80.87881567227012,False,False,0.0,0.0,-241.43091347007885
2022-04-27,156.57000732421875,0.46130000000000004,0.008199999999999999,151.33500289916992,39,0.10684931506849316,6.810540435123066,-0.37952284816807336,4.782435165042328,241.0913252305177,19155.188864639917,-81.50434150160143,False,False,0.0,0.0,-241.43091347007885
2022-04-28,163.63999938964844,0.4194,0.008199999999999999,151.33500289916992,38,0.10410958904109589,3.68036036117271,-0.25731535058663835,3.8862819405066897,570.9134221014311,18365.205161684495,-1.4210854715202004e-14,True,False,-0.8961532245356381,329.81668051180696,-571.2475939818858
2022-04-29,157.64999389648438,0.4105,0.0085,151.33500289916992,37,0.10136986301369863,5.229854006184446,-0.3502167636904855,3.8862819405066897,570.9267175003163,18368.394824720872,-36.10410839930327,False,False,0.0,0.0,-571.2475939818858
2022-05-02,157.9600067138672,0.3882,0.009000000000000001,151.33500289916992,34,0.09315068493150686,4.416690156192772,-0.3343461087462877,3.8862819405066897,570.968951997662,18083.419942466946,-29.936324429938367,False,False,0.0,0.0,-571.2475939818858
2022-05-03,159.47999572753906,0.3736,0.0091,151.33500289916992,33,0.09041095890410959,3.5897544021189773,-0.2980032903815425,3.8862819405066897,570.9831872914524,17914.062530426294,-15.81248056213596,False,False,0.0,0.0,-571.2475939818858
2022-05-04,166.02000427246094,0.3322,0.0089,151.33500289916992,32,0.08767123287671233,1.4272199971240838,-0.15898021071152701,3.8862819405066897,570.9971100649401,17727.65546730637,38.21580782138444,False,False,0.0,0.0,-571.2475939818858
2022-05-05,156.77000427246094,0.40380000000000005,0.0085,151.33500289916992,31,0.08493150684931507,4.788676852662277,-0.35762869392954455,2.796196214045977,1093.0172359847415,18109.02567180122,1.4210854715202004e-14,True,False,-1.0900857264607127,522.0068285719958,-1093.2544225538816
2022-05-06,157.27999877929688,0.39020000000000005,0.0085,151.33500289916992,30,0.0821917808219178,4.273515738253266,-0.34214312359637833,2.796196214045977,1093.0426901071673,18016.00142083382,4.330069313794212,False,False,0.0,0.0,-1093.2544225538816
2022-05-09,152.05999755859375,0.4341,0.0092,144.45699768066405,90,0.2465753424657534,9.134445389509025,-0.3608234732729906,2.771438318380754,444.04361623702744,18181.598569060574,0.0,True,True,2.771438318380754,-2531.5551969641724,-444.1726935635411
2022-05-10,154.50999450683594,0.4143,0.0089,144.45699768066405,89,0.24383561643835616,7.6746828162974765,-0.32933455324179894,2.771438318380754,444.0544437339225,18022.044898268032,8.726959957887175,False,False,0.0,0.0,-444.1726935635411
2022-05-11,146.5,0.4498,0.0091,144.45699768066405,88,0.2410958904109589,11.632747027529305,-0.4270265998847762,2.771438318380754,444.06551481833674,18318.00960083079,-18.347788188851524,False,False,0.0,0.0,-444.1726935635411
2022-05-12,142.55999755859375,0.4708,0.0096,144.45699768066405,87,0.23835616438356164,13.913598270944746,-0.4731431338082319,2.113525334186307,1359.470890435276,18556.144889827905,0.0,True,False,-0.6579129841944469,915.3936959319954,-1359.5663894955364
2022-05-13,147.11000061035156,0.41270000000000007,0.0103,144.45699768066405,86,0.2356164383561644,10.17711578961083,-0.4195193978098688,2.113525334186307,1359.509254127724,18221.468520191876,11.333512454625875,False,False,0.0,0.0,-1359.5663894955364
2022-05-16,145.5399932861328,0.4132,0.010700000000000001,144.45699768066405,83,0.2273972602739726,10.66303203272777,-0.4408657479157393,2.113525334186307,1359.6288217060498,18167.28698436036,6.82190728050908,False,False,0.0,0.0,-1359.5663894955364
2022-05-17,149.24000549316406,0.3714,0.0106,144.45699768066405,82,0.22465753424657534,7.9258815763363515,-0.3872143875022763,2.113525334186307,1359.6683073903876,17958.824007441533,18.16125822525052,False,False,0.0,0.0,-1359.5663894955364
2022-05-18,140.82000732421875,0.434,0.0103,144.45699768066405,81,0.2219178082191781,13.32845623044686,-0.5045148423065862,2.113525334186307,1359.7066766538585,18258.71039994001,-6.630490068797954,False,False,0.0,0.0,-1359.5663894955364
2022-05-19,137.35000610351562,0.4217,0.0105,144.45699768066405,80,0.2191780821917808,14.780482979628161,-0.5577107494961755,1.7930441557803567,1833.43245233811,18218.638925313004,0.0,True,False,-0.3204811784059505,473.6866602720327,-1833.253049767569
2022-05-20,137.58999633789062,0.4257,0.0103,144.45699768066405,79,0.21643835616438356,14.687496214521147,-0.5539461618146055,1.7930441557803567,1833.4841910249922,18226.016749863382,0.675007194136171,False,False,0.0,0.0,-1833.253049767569
2022-05-23,143.11000061035156,0.40850000000000003,0.010700000000000001,144.45699768066405,76,0.20821917808219179,11.185471663058806,-0.47811091818152573,1.7930441557803567,1833.6454442595357,18150.24996480413,14.272601233983494,False,False,0.0,0.0,-1833.253049767569
2022-05-24,140.36000061035156,0.4292,0.0106,144.45699768066405,75,0.2054794520547945,13.01749919084206,-0.5157179116121532,1.7930441557803567,1833.6986961059538,18203.7938418426,7.529501255257813,False,False,0.0,0.0,-1833.253049767569
2022-05-25,140.52000427246094,0.41409999999999997,0.0106,144.45699768066405,74,0.20273972602739726,12.483874911533036,-0.5173258225298929,1.7930441557803567,1833.7519494988865,18124.166271906714,7.2411957278509504,False,False,0.0,0.0,-1833.253049767569
2022-05-26,143.77999877929688,0.3946,0.010700000000000001,144.45699768066405,73,0.2,10.307313615033635,-0.4706076020680692,2.124912550510306,1491.7385445108957,18059.952428703655,1.4210854715202004e-14,True,False,0.3318683947299492,-342.0671623399362,-1491.185887427633
2022-05-27,149.63999938964844,0.3679,0.0108,144.45699768066405,72,0.19726027397260273,7.068366104759114,-0.3781016347910029,2.124912550510306,1491.7826842770169,17957.748608002286,19.656709086413386,False,False,0.0,0.0,-1491.185887427633
2022-05-31,148.83999633789062,0.3834,0.0116,144.45699768066405,68,0.1863013698630137,7.49306471009038,-0.39111200376954947,2.124912550510306,1491.9723366506944,17968.18269486545,16.892119453485037,False,False,0.0,0.0,-1491.185887427633
2022-06-01,148.7100067138672,0.37450000000000006,0.0115,144.45699768066405,67,0.18356164383561643,7.259556592232379,-0.3919563222014153,2.124912550510306,1492.0193447388222,17905.61230752298,16.712709170235144,False,False,0.0,0.0,-1491.185887427633
2022-06-02,151.2100067138672,0.3505,0.0117,144.45699768066405,66,0.18082191780821918,5.690282172851731,-0.346327004568605,2.124912550510306,1492.0671718788788,17822.20304376937,26.408540141153125,False,False,0.0,0.0,-1491.185887427633
2022-06-03,145.3800048828125,0.3764,0.0121,144.45699768066405,65,0.1780821917808219,8.559898062477075,-0.44706354187768127,2.2368184974332013,1396.326285922971,17849.020606433358,-1.4210854715202004e-14,True,False,0.11190594692289535,-95.79034982449542,-1395.3955376031374
2022-06-06,146.13999938964844,0.3658,0.0126,144.45699768066405,62,0.16986301369863013,7.7616178528187945,-0.43391781514134564,2.2368184974332013,1396.47089925654,17746.60387654067,2.9404604726037604,False,False,0.0,0.0,-1395.3955376031374
2022-06-07,148.7100067138672,0.34700000000000003,0.0126,144.45699768066405,61,0.16712328767123288,6.199649678404491,-0.3857858648288448,2.2368184974332013,1396.5191070292465,17654.268886242062,13.706704150257522,False,False,0.0,0.0,-1395.3955376031374
2022-06-08,147.9600067138672,0.3442,0.0128,144.45699768066405,60,0.1643835616438356,6.362661887316889,-0.3987647009364935,2.2368184974332013,1396.5680817087152,17615.7807333418,10.803574082183275,False,False,0.0,0.0,-1395.3955376031374
2022-06-09,142.63999938964844,0.3719,0.013000000000000001,144.45699768066405,59,0.16164383561643836,9.323897793291323,-0.4983406576859787,2.2368184974332013,1396.617823375513,17746.20446756142,-11.469760113502417,False,False,0.0,0.0,-1395.3955376031374
2022-06-10,137.1300048828125,0.39549999999999996,0.0139,144.45699768066405,58,0.1589041095890411,12.777268732311441,-0.5937970736635095,1.684077009390376,2102.923663878134,17967.714603648205,1.4210854715202004e-14,True,False,-0.5527414880428252,706.2526532220888,-2101.6481908252263
2022-06-13,131.8800048828125,0.45520000000000005,0.0173,144.45699768066405,55,0.1506849315068493,17.00350324882055,-0.6599766446111661,1.684077009390376,2103.222703598825,18154.7440819234,-11.14514939242676,False,False,0.0,0.0,-2101.6481908252263
2022-06-14,132.75999450683594,0.4322,0.0183,144.45699768066405,54,0.14794520547945206,15.905348755442745,-0.6585570348217811,1.684077009390376,2103.328155490202,18057.910822711492,-10.906076171565871,False,False,0.0,0.0,-2101.6481908252263
2022-06-15,135.42999267578125,0.399,0.0174,144.45699768066405,53,0.14520547945205478,13.493406961466675,-0.6299659169152755,1.684077009390376,2103.428426126512,17918.821337920046,-6.091111737654316,False,False,0.0,0.0,-2101.6481908252263
2022-06-16,130.05999755859375,0.4362,0.0159,144.45699768066405,52,0.14246575342465753,17.719960274342796,-0.7059469426886454,1.684077009390376,2103.5200569222243,18093.697583314748,-18.886901603137318,False,False,0.0,0.0,-2101.6481908252263
2022-06-17,131.55999755859375,0.402,0.0163,144.45699768066405,51,0.13972602739726028,16.012636304905186,-0.7026576155250692,1.4231682371402725,2521.397724918781,17956.26501898018,-2.842170943040401e-14,True,False,-0.26090877225010356,417.7837278800247,-2519.431918705251
2022-06-21,135.8699951171875,0.37920000000000004,0.017,144.45699768066405,47,0.12876712328767123,12.433695347435503,-0.6429102650042282,1.4231682371402725,2521.8675085282093,17878.39104912186,8.503053151454708,False,False,0.0,0.0,-2519.431918705251
2022-06-22,135.35000610351562,0.3876,0.0161,144.45699768066405,46,0.12602739726027398,12.863241517480404,-0.6516195430946458,1.4231682371402725,2521.9787495210057,17887.635035306783,7.263576356784313,False,False,0.0,0.0,-2519.431918705251
2022-06-23,138.27000427246094,0.3803,0.0165,144.45699768066405,45,0.1232876712328767,10.827648995559528,-0.5970862267790769,1.4231682371402725,2522.0927593564606,17890.049799940964,15.024584721408416,False,False,0.0,0.0,-2519.431918705251
2022-06-24,141.66000366210938,0.3613,0.0173,144.45699768066405,44,0.12054794520547946,8.46420028025372,-0.5304959936301645,1.4231682371402725,2522.212302476397,17892.810767852425,24.501495193538148,False,False,0.0,0.0,-2519.431918705251
2022-06-27,141.66000366210938,0.3893,0.0179,144.45699768066405,41,0.11232876712328767,8.754095490565348,-0.5275861604829405,1.8954250033485005,2109.1653231956116,17934.43883685834,0.0,True,False,0.472256766208228,-413.4180827452422,-2106.0138359600087
2022-06-28,137.44000244140625,0.4136,0.0179,144.45699768066405,40,0.1095890410958904,11.515649695085756,-0.610602939329177,1.8954250033485005,2109.2687615108184,18035.97404183825,-15.735207832260954,False,False,0.0,0.0,-2106.0138359600087
2022-06-29,139.22999572753906,0.4156,0.0178,144.45699768066405,39,0.10684931506849316,10.402533627944507,-0.5750957980448848,1.8954250033485005,2109.371626988764,18004.09343340063,-9.005095493493428,False,False,0.0,0.0,-2106.0138359600087
2022-06-30,136.72000122070312,0.44200000000000006,0.0172,144.45699768066405,38,0.10410958904109589,12.273247184543166,-0.6187181539843642,1.8954250033485005,2109.4710298568248,18107.77311051311,-17.273385908759167,False,False,0.0,0.0,-2106.0138359600087
2022-07-01,138.92999267578125,0.4167,0.0173,144.45699768066405,37,0.10136986301369863,10.417202227942028,-0.5849187224802065,1.8954250033485005,2109.571015373768,17977.072839729797,-10.866957151564606,False,False,0.0,0.0,-2106.0138359600087
2022-07-05,141.55999755859375,0.41759999999999997,0.019,144.45699768066405,33,0.09041095890410959,8.555141366711894,-0.5338185440862314,1.8732957314395264,2128.942219202702,17887.57295547439,0.0,True,False,-0.02212927190897407,18.931904952367955,-2124.9457409123766
2022-07-06,142.9199981689453,0.4033,0.019,144.45699768066405,32,0.08767123287671233,7.503254592464245,-0.5063512802266639,1.8732957314395264,2129.0530437369175,17826.634340628178,5.145430814245103,False,False,0.0,0.0,-2124.9457409123766
2022-07-07,146.35000610351562,0.3803,0.0195,144.45699768066405,31,0.08493150684931507,5.410578827420885,-0.42550591913558256,1.8732957314395264,2129.166790705071,17777.728823259094,20.290157798106094,False,False,0.0,0.0,-2124.9457409123766
2022-07-08,147.0399932861328,0.3663,0.0198,144.45699768066405,30,0.0821917808219178,4.792585141198266,-0.4064182725002866,1.8732957314395264,2129.282293844596,17731.0745512146,23.865838494618686,False,False,0.0,0.0,-2124.9457409123766
2022-07-11,144.8699951171875,0.39299999999999996,0.021800000000000003,137.62649536132812,90,0.2465753424657534,7.416774449861052,-0.349022615456953,2.865143849463061,1099.282936493691,17711.29501799986,0.0,True,True,2.865143849463061,-2125.0125697874173,-1094.5648286614987
2022-07-12,145.86000061035156,0.4004,0.0222,137.62649536132812,89,0.24383561643835616,7.212155808776828,-0.3372021644926688,2.965580014898573,1026.9136716277355,17751.73624574721,1.4210854715202004e-14,True,False,0.10043616543551215,-72.43612739569994,-1022.1287012657988
2022-07-13,145.49000549316406,0.3979,0.0239,137.62649536132812,88,0.2410958904109589,7.192952878668905,-0.3403247872966829,2.965580014898573,1026.9809155737858,17709.10919539896,-0.926038778165065,False,False,0.0,0.0,-1022.1287012657988
2022-07-14,148.47000122070312,0.3987,0.024,137.62649536132812,87,0.23835616438356164,6.199463309438151,-0.3028120342101258,2.965580014898573,1027.048445306174,17712.54901673316,10.198668307566791,False,False,0.0,0.0,-1022.1287012657988
2022-07-15,150.1699981689453,0.3679,0.023700000000000002,137.62649536132812,86,0.2356164383561644,4.899879642388704,-0.2712643483965639,2.965580014898573,1027.1151352744516,17497.213466456615,19.554386964066637,False,False,0.0,0.0,-1022.1287012657988
2022-07-18,147.07000732421875,0.387,0.025,137.62649536132812,83,0.2273972602739726,6.107541478542238,-0.31465711839681054,2.965580014898573,1027.326208014458,17545.56723532923,6.685913813684451,False,False,0.0,0.0,-1022.1287012657988
2022-07-19,151.0,0.36340000000000006,0.0252,137.62649536132812,82,0.22465753424657534,4.366320816404986,-0.25546507519953754,3.9144293959513816,613.0990577778302,17422.26451336684,0.0,True,False,0.9488493810528085,-414.29808041238647,-607.8306208534123
2022-07-20,153.0399932861328,0.35340000000000005,0.025099999999999997,137.62649536132812,81,0.2219178082191781,3.6071489119895404,-0.2253205530674245,3.9144293959513816,613.1412202860046,17329.133522565877,11.799860356085034,False,False,0.0,0.0,-607.8306208534123
2022-07-21,155.35000610351562,0.34850000000000003,0.0248,137.62649536132812,80,0.2191780821917808,2.978263975084566,-0.19562333821471078,3.9144293959513816,613.1828817075358,17314.003897356502,23.424625435819678,False,False,0.0,0.0,-607.8306208534123
2022-07-22,154.08999633789062,0.35259999999999997,0.024900000000000002,137.62649536132812,79,0.21643835616438356,3.2745076892798295,-0.2107879919988882,3.9144293959513816,613.2247139666048,17304.007263374246,17.48852878059874,False,False,0.0,0.0,-607.8306208534123
2022-07-25,152.9499969482422,0.364,0.0262,137.62649536132812,76,0.20821917808219179,3.614227412114573,-0.22618467831099975,3.9144293959513816,613.3567815079359,17323.120278895614,11.461604630561567,False,False,0.0,0.0,-607.8306208534123
2022-07-26,151.60000610351562,0.3764,0.0255,137.62649536132812,75,0.2054794520547945,4.155039351014338,-0.24737169823716953,4.042499635674742,560.1859453836078,17399.861062004136,1.4210854715202004e-14,True,False,0.12807023972335996,-53.21368857444003,-554.6169322789722
2022-07-27,156.7899932861328,0.35100000000000003,0.0244,137.62649536132812,74,0.20273972602739726,2.513973050839688,-0.1748470271735192,4.042499635674742,560.2233946820836,17255.496237506923,29.318095635223713,False,False,0.0,0.0,-554.6169322789722
2022-07-28,157.35000610351562,0.33340000000000003,0.0242,137.62649536132812,73,0.2,2.07371445689526,-0.15738668478601658,4.042499635674742,560.2605394919426,17133.560143492756,36.37643840924726,False,False,0.0,0.0,-554.6169322789722
2022-07-29,162.50999450683594,0.276,0.024100000000000003,137.62649536132812,72,0.19726027397260273,0.677780236052401,-0.07271551216022243,4.042499635674742,560.2975332584406,17085.28961967297,70.60475685843986,False,False,0.0,0.0,-554.6169322789722
2022-08-01,161.50999450683594,0.2957,0.0256,137.62649536132812,69,0.18904109589041096,0.9025496888149878,-0.0890552256841588,4.042499635674742,560.4154384035174,17076.270567908407,63.999428261685615,False,False,0.0,0.0,-554.6169322789722
2022-08-02,160.00999450683594,0.3106,0.0256,137.62649536132812,68,0.1863013698630137,1.2070829824245521,-0.10997706175740873,9.092805208833775,-49.159045708541385,17049.417447983513,0.0,True,False,5.050305573159034,-609.6137913404143,54.99685906144214
2022-08-03,166.1300048828125,0.2927,0.0252,137.62649536132812,67,0.18356164383561643,0.5075999376483775,-0.05473860765527183,9.092805208833775,-49.16243982009528,17025.388784166444,50.22725031878359,False,False,0.0,0.0,54.99685906144214
2022-08-04,165.80999755859375,0.2865,0.025,137.62649536132812,66,0.18082191780821918,0.4612421254131487,-0.051846573508447236,9.092805208833775,-49.16580722581471,16951.232428682586,52.85692063422077,False,False,0.0,0.0,54.99685906144214
2022-08-05,165.35000610351562,0.2782,0.0258,137.62649536132812,65,0.1780821917808219,0.4078840970511539,-0.0483517461873223,9.092805208833775,-49.16928263035887,16856.712391947924,56.03469904117072,False,False,0.0,0.0,54.99685906144214
2022-08-08,164.8699951171875,0.2813,0.0265,137.62649536132812,62,0.16986301369863013,0.4076408183740732,-0.04899609599060417,9.092805208833775,-49.179993270637254,16808.479374112616,55.44880431641147,False,False,0.0,0.0,54.99685906144214
2022-08-09,164.9199981689453,0.29100000000000004,0.0267,137.62649536132812,61,0.16712328767123288,0.45766669952230465,-0.05285542444358238,10.0,-90.70287554210202,16858.963640874736,47.14457555641762,True,False,0.9071947911662246,-41.519284589687246,96.51614365112938
2022-08-10,169.24000549316406,0.2611,0.0265,137.62649536132812,60,0.1643835616438356,0.1387888009032845,-0.020312197209644278,10.0,-90.70946105842778,16972.07988916126,79.68780279035572,False,False,0.0,0.0,96.51614365112938
2022-08-11,168.49000549316406,0.26480000000000004,0.0262,137.62649536132812,59,0.16164383561643836,0.16078044045931295,-0.02310245444156689,10.0,-90.7159724917935,16919.065017283923,76.89754555843311,False,False,0.0,0.0,96.51614365112938
2022-08-12,172.10000610351562,0.25260000000000005,0.0263,137.62649536132812,58,0.1589041095890411,0.063290697201968,-0.010394878508701355,10.0,-90.7225092480506,17182.568798305478,89.60512149129865,False,False,0.0,0.0,96.51614365112938
2022-08-15,173.19000244140625,0.2549,0.027200000000000002,137.62649536132812,55,0.1506849315068493,0.046108108378595025,-0.007893494640464405,10.0,-90.74279358866676,17274.365558930553,92.10650535953559,False,False,0.0,0.0,96.51614365112938
2022-08-16,173.02999877929688,0.2556,0.027000000000000003,137.62649536132812,54,0.14794520547945206,0.04514327596353218,-0.007796987836495739,10.0,-90.74950631756434,17257.393647575656,92.20301216350425,False,False,0.0,0.0,96.51614365112938
2022-08-17,174.5500030517578,0.277,0.0268,137.62649536132812,53,0.14520547945205478,0.06175991656312685,-0.009608749245080705,10.0,-90.75616981361657,17426.00405192529,90.3912507549193,False,False,0.0,0.0,96.51614365112938
2022-08-18,174.14999389648438,0.27640000000000003,0.0271,137.62649536132812,52,0.14246575342465753,0.060155430401916066,-0.009505857427533848,10.0,-90.76290839857175,17384.391911651783,90.49414257246616,False,False,0.0,0.0,96.51614365112938
2022-08-19,171.52000427246094,0.28190000000000004,0.027400000000000004,137.62649536132812,51,0.13972602739726028,0.09724680620061843,-0.014691693012411244,10.0,-90.76972208908275,17158.47751135763,85.30830698758875,False,False,0.0,0.0,96.51614365112938
2022-08-22,167.57000732421875,0.3024,0.0282,137.62649536132812,48,0.13150684931506848,0.22029347677921862,-0.029797289631974366,10.0,-90.79076320824356,16886.50344599285,70.20271036802563,False,False,0.0,0.0,96.51614365112938
2022-08-23,167.22999572753906,0.3032,0.027999999999999997,137.62649536132812,47,0.12876712328767123,0.22122284994620411,-0.03017601057525532,10.0,-90.79772824626855,16853.424694453843,69.82398942474468,False,False,0.0,0.0,96.51614365112938
2022-08-24,167.52999877929688,0.2934,0.0282,137.62649536132812,46,0.12602739726027398,0.16469930775034314,-0.024196595415701516,10.0,-90.80474357462855,16826.8944421054,75.80340458429848,False,False,0.0,0.0,96.51614365112938
2022-08-25,170.02999877929688,0.2776,0.0288,137.62649536132812,45,0.1232876712328767,0.07152330370404991,-0.012088114965331798,10.0,-90.81190872474293,16983.711272908993,87.9118850346682,False,False,0.0,0.0,96.51614365112938
2022-08-26,163.6199951171875,0.3212,0.028900000000000002,137.62649536132812,44,0.12054794520547946,0.4040746026514803,-0.05067853634344399,10.0,-90.81909932218103,16675.25501504805,49.321463656556006,False,False,0.0,0.0,96.51614365112938
2022-08-29,161.3800048828125,0.33490000000000003,0.029700000000000004,137.62649536132812,41,0.11232876712328767,0.5495275664741648,-0.06624499436429532,10.0,-90.84127184134582,16596.68678291407,33.75500563570468,False,False,0.0,0.0,96.51614365112938
2022-08-30,158.91000366210938,0.33390000000000003,0.029700000000000004,137.62649536132812,40,0.1095890410958904,0.6956129971171876,-0.08293315120818567,10.0,-90.84866388393222,16495.764699444193,17.066848791814323,False,False,0.0,0.0,96.51614365112938
2022-08-31,157.22000122070312,0.3315,0.0296,137.62649536132812,39,0.10684931506849316,0.7916916778770648,-0.09481007193998514,10.0,-90.8560316359657,16422.83576831141,5.189928060014864,False,False,0.0,0.0,96.51614365112938
2022-09-01,157.9600067138672,0.3318,0.029700000000000004,137.62649536132812,38,0.10410958904109589,0.6927775229817286,-0.08541504889226914,10.0,-90.86342487960343,16397.91476948884,14.58495110773086,False,False,0.0,0.0,96.51614365112938
2022-09-02,155.80999755859375,0.3372,0.0294,137.62649536132812,37,0.10136986301369863,0.9098006560901766,-0.10798645963411757,10.0,-90.87074403653938,16399.929667913013,-7.9864596341175655,False,False,0.0,0.0,96.51614365112938
2022-09-06,154.52999877929688,0.354,0.0304,137.62649536132812,33,0.09041095890410959,1.0333088364797227,-0.12152892036881358,10.0,-90.90102273055916,16395.40769167885,-21.528920368813573,False,False,0.0,0.0,96.51614365112938
2022-09-07,155.9600067138672,0.3287,0.030699999999999998,137.62649536132812,32,0.08767123287671233,0.6306435762284792,-0.0867189963315026,10.0,-90.9086686997696,16135.73557891543,13.281003668497405,False,False,0.0,0.0,96.51614365112938
2022-09-08,154.4600067138672,0.3221,0.030600000000000002,137.62649536132812,31,0.08493150684931507,0.6809373150804756,-0.09613423126866172,10.0,-90.9162904035303,16036.021696063663,3.865768731338278,False,False,0.0,0.0,96.51614365112938
2022-09-09,157.3699951171875,0.2963,0.0308,137.62649536132812,30,0.0821917808219178,0.28462022531496256,-0.04943072355491862,10.0,-90.9239625676237,15930.695774466089,50.56927644508138,False,False,0.0,0.0,96.51614365112938
2022-09-12,163.42999267578125,0.3062,0.0317,155.25849304199218,90,0.2465753424657534,5.645706066464662,-0.32104394662003155,3.1148383594459745,-1766.9595477518374,16334.585902024384,0.0,True,True,3.1148383594459745,-1758.5461821980973,1772.5280356972607
2022-09-13,153.83999633789062,0.3592,0.032799999999999996,155.25849304199218,89,0.24383561643835616,10.96916598006112,-0.4673113335073439,3.1148383594459745,-1767.118339196514,17033.599191174966,-45.55992674125255,False,False,0.0,0.0,1772.5280356972607
2022-09-14,155.30999755859375,0.3473,0.032400000000000005,155.25849304199218,88,0.2410958904109589,9.89254319013979,-0.44708991932049247,2.236686529456637,-898.5597176033124,16845.09184780143,-1.4210854715202004e-14,True,False,-0.8781518299893376,868.7154905669817,903.8125451302791
2022-09-15,152.3699951171875,0.3611,0.0322,155.25849304199218,87,0.23835616438356164,11.634332653203487,-0.4899641043106918,2.236686529456637,-898.6389912997358,16940.596032882786,-9.589611202901096,False,False,0.0,0.0,903.8125451302791
2022-09-16,150.6999969482422,0.3822,0.032,155.25849304199218,86,0.2356164383561644,13.039917449963767,-0.5108614682652701,2.236686529456637,-898.7177795416949,17087.902685838573,-14.263696448736894,False,False,0.0,0.0,903.8125451302791
2022-09-19,154.47999572753906,0.3617,0.0337,155.25849304199218,83,0.2273972602739726,10.400483648536593,-0.4595664342795599,2.236686529456637,-898.9667465340568,16875.29499387143,-2.790605294351039,False,False,0.0,0.0,903.8125451302791
2022-09-20,156.89999389648438,0.37229999999999996,0.0335,155.25849304199218,82,0.22465753424657534,9.586740478317608,-0.4244661806057539,2.236686529456637,-899.0492582273681,16935.203460346034,5.0602211629202145,False,False,0.0,0.0,903.8125451302791
2022-09-21,153.72000122070312,0.3915,0.033100000000000004,155.25849304199218,81,0.2219178082191781,11.511158275988109,-0.4688960572553196,2.13266881759146,-779.3943576660471,17047.554595360238,0.0,True,False,-0.10401771186517683,119.73643447861768,784.0761106516615
2022-09-22,152.74000549316406,0.3859,0.0329,155.25849304199218,80,0.2191780821917808,11.75981908583502,-0.48415692823213785,2.13266881759146,-779.4646130908459,17002.515882713284,-3.25463836615468,False,False,0.0,0.0,784.0761106516615
2022-09-23,150.42999267578125,0.40240000000000004,0.032400000000000005,155.25849304199218,79,0.21643835616438356,13.32736428671879,-0.515036105868256,2.13266881759146,-779.5338069932809,17105.750884081564,-9.840144291896351,False,False,0.0,0.0,784.0761106516615
2022-09-26,150.77000427246094,0.4387,0.0339,155.25849304199218,76,0.20821917808219179,13.929214009913508,-0.5044651205438282,2.13266881759146,-779.7510388669768,17267.889425629182,-7.585703214633938,False,False,0.0,0.0,784.0761106516615
2022-09-27,151.75999450683594,0.439,0.0335,155.25849304199218,75,0.2054794520547945,13.379924315021896,-0.49219693007093035,2.13266881759146,-779.8226083425178,17249.671579179172,-4.969304487651755,False,False,0.0,0.0,784.0761106516615
2022-09-28,149.83999633789062,0.43710000000000004,0.034,155.25849304199218,74,0.20273972602739726,14.21793567610814,-0.5187691880313836,1.927639541960429,-488.38594747189035,17236.319187748762,0.0,True,False,-0.20502927563103102,291.5093052641045,492.56680538755694
2022-09-29,142.47999572753906,0.4779,0.0336,155.25849304199218,73,0.2,19.346644672262187,-0.6039441886506277,1.927639541960429,-488.4309078093071,17488.904392395667,-16.418669918015894,False,False,0.0,0.0,492.56680538755694
2022-09-30,138.1999969482422,0.48340000000000005,0.0333,155.25849304199218,72,0.19726027397260273,22.1134964661817,-0.6569546579448057,1.927639541960429,-488.4754707988757,17594.20924394675,-26.637177592949556,False,False,0.0,0.0,492.56680538755694
2022-10-03,142.4499969482422,0.4458,0.0346,155.25849304199218,69,0.18904109589041096,18.299360185156758,-0.6230681308798249,1.927639541960429,-488.61440494739475,17283.84231842527,-20.10507664193264,False,False,0.0,0.0,492.56680538755694
2022-10-04,146.10000610351562,0.42460000000000003,0.0345,155.25849304199218,68,0.1863013698630137,15.524457346148978,-0.5812329554426586,1.927639541960429,-488.66059123142634,17113.89580391162,-12.040762800179294,False,False,0.0,0.0,492.56680538755694
2022-10-05,146.39999389648438,0.4258,0.0346,155.25849304199218,67,0.18356164383561643,15.31030884094315,-0.5776969361343784,1.7310114308229416,-187.66320494088188,17102.56814601777,0.0,True,False,-0.19662811113748746,301.04371083262265,191.5230945549343
2022-10-06,145.42999267578125,0.4415,0.0346,155.25849304199218,66,0.18082191780821918,16.18744965023035,-0.5875088866258255,1.7310114308229416,-187.68099522761628,17157.384310392466,-1.6984598459363554,False,False,0.0,0.0,191.5230945549343
2022-10-07,140.08999633789062,0.4636,0.0345,155.25849304199218,65,0.1780821917808219,19.945680692448477,-0.6540467628499624,1.7310114308229416,-187.69873577653408,17273.9210254298,-13.216242278602664,False,False,0.0,0.0,191.5230945549343
2022-10-10,140.4199981689453,0.4753,0.0345,155.25849304199218,62,0.16986301369863013,19.775265528138974,-0.6498582901687531,1.7310114308229416,-187.7519674854755,17277.3689170858,-12.491212869716364,False,False,0.0,0.0,191.5230945549343
2022-10-11,138.97999572753906,0.48,0.0367,155.25849304199218,61,0.16712328767123288,20.71082987577661,-0.6682492233630349,1.7310114308229416,-187.77084650912204,17295.29705192464,-15.674704427996659,False,False,0.0,0.0,191.5230945549343
2022-10-12,138.33999633789062,0.488,0.037000000000000005,155.25849304199218,60,0.1643835616438356,21.228103159018374,-0.6748941745818803,1.4817137821933841,341.4217384620005,17320.818674305105,1.4210854715202004e-14,True,False,-0.2492976486295575,529.2116202408962,-337.6885256859619
2022-10-13,142.99000549316406,0.4622,0.0379,155.25849304199218,59,0.16164383561643836,17.573387299213536,-0.6244133983168887,1.4817137821933841,341.4571920393194,17244.330757462412,7.479806192765878,False,False,0.0,0.0,-337.6885256859619
2022-10-14,138.3800048828125,0.47200000000000003,0.0381,155.25849304199218,58,0.1589041095890411,20.72432638054589,-0.686310919680019,1.4817137821933841,341.49283641748457,17250.24532717161,-1.6916348559700793,False,False,0.0,0.0,-337.6885256859619
2022-10-17,142.41000366210938,0.4581,0.039700000000000006,155.25849304199218,55,0.1506849315068493,17.526154606619016,-0.6417755159576566,1.4817137821933841,341.6042841795959,17179.479133338482,4.907237293127011,False,False,0.0,0.0,-337.6885256859619
2022-10-18,143.75,0.44799999999999995,0.0404,155.25849304199218,54,0.14794520547945206,16.379694561501367,-0.6278246513312351,1.4817137821933841,341.6420967189933,17143.64401470845,6.974356132175302,False,False,0.0,0.0,-337.6885256859619
2022-10-19,143.86000061035156,0.44799999999999995,0.04070000000000001,155.25849304199218,53,0.14520547945205478,16.230584182283266,-0.6280459104302554,1.5922402859289857,162.28922195140893,17132.588282905886,0.0,True,False,0.11052650373560158,-179.39097232541275,-158.29755336054916
2022-10-20,143.38999938964844,0.43579999999999997,0.0409,155.25849304199218,52,0.14246575342465753,16.202274791263577,-0.6427357436401488,1.5922402859289857,162.30740825573986,17081.098811854736,-2.338974423036987,False,False,0.0,0.0,-158.29755336054916
2022-10-21,147.27000427246094,0.4203,0.0409,155.25849304199218,51,0.13972602739726028,13.415635435668435,-0.5875694282538808,1.5922402859289857,162.32559659804755,17025.417544044914,6.4448285553910125,False,False,0.0,0.0,-158.29755336054916
2022-10-24,149.4499969482422,0.4161,0.041600000000000005,155.25849304199218,48,0.13150684931506848,11.830732135221965,-0.5560606442730596,1.5922402859289857,162.38110809989894,16991.117634697624,11.461784076880761,False,False,0.0,0.0,-158.29755336054916
2022-10-25,152.33999633789062,0.396,0.0414,155.25849304199218,47,0.12876712328767123,9.774666898003659,-0.5099633210536216,1.5922402859289857,162.39952716604358,16952.7610026089,18.80158558722863,False,False,0.0,0.0,-158.29755336054916
2022-10-26,149.35000610351562,0.4069,0.041100000000000005,155.25849304199218,46,0.12602739726027398,11.534765960931125,-0.5637610803272408,1.7738010566808546,-47.008285003573974,16934.030330354588,1.4210854715202004e-14,True,False,0.18156077075186894,-209.4260998309077,51.12854647035854
2022-10-27,144.8000030517578,0.4485,0.041299999999999996,155.25849304199218,45,0.1232876712328767,15.004485995464421,-0.6299675337284079,1.7738010566808546,-47.01360432415629,17094.484012222416,-11.743707700208176,False,False,0.0,0.0,51.12854647035854
2022-10-28,155.74000549316406,0.3344,0.0418,155.25849304199218,44,0.12054794520547946,6.5670768295101425,-0.4490260065499554,1.7738010566808546,-47.018988656186814,16691.850342609167,20.35171951045048,False,False,0.0,0.0,51.12854647035854
2022-10-31,153.33999633789062,0.3431,0.0422,155.25849304199218,41,0.11232876712328767,7.665659100319374,-0.5037536045833492,1.7738010566808546,-47.03529998882118,16646.699755030415,10.644132388326582,False,False,0.0,0.0,51.12854647035854
2022-11-01,150.64999389648438,0.34770000000000006,0.042300000000000004,155.25849304199218,40,0.1095890410958904,9.119385541450114,-0.5651180886994843,1.7738010566808546,-47.04075124493452,16635.556209373935,-0.24070628846102693,False,False,0.0,0.0,51.12854647035854
2022-11-02,145.02999877929688,0.3603,0.0422,155.25849304199218,39,0.10684931506849316,12.800188833480675,-0.6849137421001577,1.460037868321477,354.5766157560362,16726.452535540473,-1.4210854715202004e-14,True,False,-0.31376318835937766,401.6228059995,-350.49425952914146
2022-11-03,138.8800048828125,0.37460000000000004,0.0425,155.25849304199218,38,0.10410958904109589,17.516573109022175,-0.7953972628476963,1.460037868321477,354.61790447805794,16800.104398998712,-16.131012411688815,False,False,0.0,0.0,-350.49425952914146
2022-11-04,138.3800048828125,0.3797,0.0421,155.25849304199218,37,0.10136986301369863,17.93752106993631,-0.8040694921604774,1.460037868321477,354.6588093405492,16811.605300213938,-17.39719073163161,False,False,0.0,0.0,-350.49425952914146
2022-11-07,138.9199981689453,0.3822,0.0429,155.25849304199218,34,0.09315068493150686,17.375780799137303,-0.8052819440128326,1.460037868321477,354.7838850581152,16783.713497792014,-17.57421329342712,False,False,0.0,0.0,-350.49425952914146
2022-11-08,139.5,0.38530000000000003,0.042800000000000005,155.25849304199218,33,0.09041095890410959,16.89637180702971,-0.7974319378754127,1.460037868321477,354.82548955290775,16771.759757103184,-16.428082670708207,False,False,0.0,0.0,-350.49425952914146
2022-11-09,134.8699951171875,0.4046,0.0429,155.25849304199218,32,0.08767123287671233,20.892562887177533,-0.8607816692501368,1.161734776335493,978.0988070260842,16892.260006025874,0.0,True,False,-0.2983030919859839,623.2316108756673,-973.7258704048088
2022-11-10,146.8699951171875,0.3465,0.042800000000000005,155.25849304199218,31,0.08493150684931507,10.768442948385797,-0.6785166410586381,1.161734776335493,978.2135058848468,16916.220483616045,21.174362175983305,False,False,0.0,0.0,-973.7258704048088
2022-11-11,149.6999969482422,0.34500000000000003,0.042800000000000005,155.25849304199218,30,0.0821917808219178,8.839665621692134,-0.6116356333479975,1.161734776335493,978.3282181940176,16975.262609407942,28.94416142936464,False,False,0.0,0.0,-973.7258704048088
2022-11-14,148.27999877929688,0.3568,0.0434,140.86599884033203,90,0.2465753424657534,6.309143225075594,-0.33051354530447785,3.025594606353496,192.51672373987276,16929.407572919605,-1.4210854715202004e-14,True,True,3.025594606353496,-1908.8909712500422,-187.56533196320788
2022-11-15,150.0399932861328,0.3572,0.0431,140.86599884033203,89,0.24383561643835616,5.716849701147694,-0.3066126988301707,3.025594606353496,192.5394578787885,16926.225748604676,7.23142721799465,False,False,0.0,0.0,-187.56533196320788
2022-11-16,148.7899932861328,0.35810000000000003,0.0432,140.86599884033203,88,0.2410958904109589,6.086195152410248,-0.3233344963196104,3.0927723808706067,151.6765428975579,16912.99749870714,1.4210854715202004e-14,True,False,0.06717777451711049,-40.885704561574656,-146.67962740163324
2022-11-17,150.72000122070312,0.3473,0.0432,140.86599884033203,87,0.23835616438356164,5.166750436475837,-0.29312500427324917,3.0927723808706067,151.69449581380042,16821.652922762474,9.343108264111649,False,False,0.0,0.0,-146.67962740163324
2022-11-18,151.2899932861328,0.33590000000000003,0.0434,140.86599884033203,86,0.2356164383561644,4.67199397999245,-0.2802544876912543,3.0927723808706067,151.7125339851398,16725.65325708986,13.32366608534474,False,False,0.0,0.0,-146.67962740163324
2022-11-21,148.00999450683594,0.3382,0.0441,140.86599884033203,83,0.2273972602739726,5.583087756892297,-0.326511501179115,3.0927723808706067,151.76753455038317,16679.488946683312,-0.9825752883367329,False,False,0.0,0.0,-146.67962740163324
2022-11-22,150.17999267578125,0.31670000000000004,0.044000000000000004,140.86599884033203,82,0.22465753424657534,4.342357480597698,-0.28521075458598855,3.0927723808706067,151.7858309175947,16512.77742688166,11.790805548918996,False,False,0.0,0.0,-146.67962740163324
2022-11-23,151.07000732421875,0.3114,0.044000000000000004,140.86599884033203,81,0.2219178082191781,3.929141325810889,-0.2687350499367549,3.721137232509655,-95.08930113567257,16473.998839212927,1.4210854715202004e-14,True,False,0.6283648516390481,-246.8934306262012,100.21380322456795
2022-11-25,148.11000061035156,0.3271,0.0441,140.86599884033203,79,0.21643835616438356,5.092742546140208,-0.319771685088561,3.721137232509655,-95.11228165556375,16610.967169782427,-18.991432328539673,False,False,0.0,0.0,100.21380322456795
2022-11-28,144.22000122070312,0.35009999999999997,0.0441,140.86599884033203,76,0.20821917808219179,6.901552687697034,-0.3879562210886358,3.721137232509655,-95.14676284914236,16895.015826052822,-44.363833887667,False,False,0.0,0.0,100.21380322456795
2022-11-29,141.1699981689453,0.3567,0.0438,140.86599884033203,75,0.2054794520547945,8.284309784827897,-0.4404455079989279,3.721137232509655,-95.15818114576835,17104.546994345477,-63.89581787064395,False,False,0.0,0.0,100.21380322456795
2022-11-30,148.02999877929688,0.3153,0.0437,140.86599884033203,74,0.20273972602739726,4.615083799034792,-0.3146174317789344,3.721137232509655,-95.1695747388125,16425.166318764925,-17.073463938915907,False,False,0.0,0.0,100.21380322456795
2022-12-01,148.30999755859375,0.3122,0.0433,140.86599884033203,73,0.2,4.41495540410849,-0.3083045128976175,3.2435464229875945,115.67334715700372,16378.684383880964,0.0,True,False,-0.47759080952206023,210.85421254519682,-110.64040932062886
2022-12-02,147.80999755859375,0.3009,0.0434,140.86599884033203,72,0.19726027397260273,4.262647249933508,-0.3117353332029693,3.2435464229875945,115.68710201108873,16279.296281868437,-1.1128024929337101,False,False,0.0,0.0,-110.64040932062886
2022-12-05,146.6300048828125,0.3225,0.04360000000000001,140.86599884033203,69,0.18904109589041096,5.012243622463913,-0.33910940427795766,3.2435464229875945,115.72856662634057,16404.47354218611,-9.991709524722367,False,False,0.0,0.0,-110.64040932062886
2022-12-06,142.91000366210938,0.3461,0.0437,140.86599884033203,68,0.1863013698630137,6.91652933260162,-0.4107458685621189,3.2435464229875945,115.74242317735747,16650.151187013173,-33.22732927315937,False,False,0.0,0.0,-110.64040932062886
2022-12-07,140.94000244140625,0.3576,0.0429,140.86599884033203,67,0.18356164383561643,7.993525058383234,-0.44771686562003454,3.2435464229875945,115.75602767534397,16802.493232834033,-45.219043799308054,False,False,0.0,0.0,-110.64040932062886
2022-12-08,142.64999389648438,0.3425,0.042800000000000005,140.86599884033203,66,0.18082191780821918,6.842284674704672,-0.4159093186932251,2.404370267879476,689.9578166021024,16600.09578987327,-1.4210854715202004e-14,True,False,-0.8391761551081185,574.188214547387,-684.8286238680159
2022-12-09,142.16000366210938,0.34770000000000006,0.0431,140.86599884033203,65,0.1780821917808219,7.113201881996723,-0.4254406272612501,2.404370267879476,690.0392931436928,16616.31677080436,-2.291679493494428,False,False,0.0,0.0,-684.8286238680159
2022-12-12,144.49000549316406,0.3576,0.0438,140.86599884033203,62,0.16986301369863013,6.222809457230412,-0.3834160980291771,2.404370267879476,690.287752009137,16635.482105489944,7.812573367228396,False,False,0.0,0.0,-684.8286238680159
2022-12-13,145.47000122070312,0.3385,0.0435,140.86599884033203,61,0.16712328767123288,5.37388415028704,-0.361619606716983,2.404370267879476,690.3700240819984,16529.450873550202,13.053256932741675,False,False,0.0,0.0,-684.8286238680159
2022-12-14,143.2100067138672,0.3344,0.0433,140.86599884033203,60,0.1643835616438356,6.093820469766733,-0.4043858589688264,2.404370267879476,690.451927630545,16476.63267454751,2.7706663944450867,False,False,0.0,0.0,-684.8286238680159
2022-12-15,136.5,0.37170000000000003,0.0434,140.86599884033203,59,0.16164383561643836,10.031575192783961,-0.5354653438465974,1.867534494046518,1229.064873221445,16752.496143435987,0.0,True,False,-0.5368357738329581,538.5308431381684,-1223.3594670061843
2022-12-16,134.50999450683594,0.3726,0.0431,140.86599884033203,58,0.1589041095890411,11.102371769801039,-0.5755326105483876,1.867534494046518,1229.2100124645272,16753.615687731293,-7.48270026477546,False,False,0.0,0.0,-1223.3594670061843
2022-12-19,132.3699951171875,0.3669,0.0437,140.86599884033203,55,0.1506849315068493,12.096352839672207,-0.6252636657563896,1.867534494046518,1229.6515970584214,16725.686726801712,-16.770146367403015,False,False,0.0,0.0,-1223.3594670061843
2022-12-20,132.3000030517578,0.3616,0.0435,140.86599884033203,54,0.14794520547945206,11.987436623598228,-0.6312845030904697,1.867534494046518,1229.798153310496,16698.4935974629,-17.89455850784678,False,False,0.0,0.0,-1223.3594670061843
2022-12-21,135.4499969482422,0.341,0.0433,140.86599884033203,53,0.14520547945205478,9.627979884047164,-0.5747062256692888,1.867534494046518,1229.944053087773,16573.0022020564,-7.328370038067916,False,False,0.0,0.0,-1223.3594670061843
2022-12-22,132.22999572753906,0.3764,0.0435,140.86599884033203,52,0.14246575342465753,12.20340495557663,-0.629548877369535,1.5884390171233935,1570.682156812541,16732.118186885935,0.0,True,False,-0.2790954769231244,340.591512616268,-1563.9509796224525
2022-12-23,131.86000061035156,0.3701,0.0434,140.86599884033203,51,0.13972602739726028,12.26662825978839,-0.642281146954361,1.5884390171233935,1570.8689284795835,16705.34808315437,-2.0224433785071056,False,False,0.0,0.0,-1563.9509796224525
2022-12-27,130.02999877929688,0.3972,0.0446,140.86599884033203,47,0.12876712328767123,13.704257159059594,-0.673654689379829,1.5884390171233935,1571.636905232424,16751.474460376397,-7.005939267906044,False,False,0.0,0.0,-1563.9509796224525
2022-12-28,126.04000091552734,0.4349,0.0446,140.86599884033203,46,0.12602739726027398,17.043208994204505,-0.7279785217843837,1.5884390171233935,1571.8289580780804,16883.038863969094,-15.63494876301273,False,False,0.0,0.0,-1563.9509796224525
2022-12-29,129.61000061035156,0.3998,0.044500000000000005,140.86599884033203,45,0.1232876712328767,13.915961588424054,-0.6857973724866915,1.5884390171233935,1572.0206037018145,16743.48629952129,-8.9347304298566,False,False,0.0,0.0,-1563.9509796224525
2022-12-30,129.92999267578125,0.40630000000000005,0.0442,140.86599884033203,44,0.12054794520547946,13.745645254201193,-0.678878686012177,1.4730172276789715,1730.865677694066,16748.622171772397,-1.4210854715202004e-14,True,False,-0.11542178944442205,158.65469723081296,-1722.6056768532653
2023-01-03,125.06999969482422,0.4515,0.0453,140.86599884033203,40,0.1095890410958904,17.63437646692458,-0.7542078336483667,1.4730172276789715,1731.7251591279653,16836.29916212604,-11.096113221448022,False,False,0.0,0.0,-1722.6056768532653
2023-01-04,126.36000061035156,0.433,0.0455,140.86599884033203,39,0.10684931506849316,16.361439295536954,-0.7462353159357442,1.4730172276789715,1731.9410451719264,16778.009301402046,-9.92174762758114,False,False,0.0,0.0,-1722.6056768532653
2023-01-05,125.0199966430664,0.4368,0.0466,140.86599884033203,38,0.10410958904109589,17.355643920958727,-0.7709050565663063,1.4730172276789715,1732.1621783363048,16790.67809194635,-13.555642922700116,False,False,0.0,0.0,-1722.6056768532653
2023-01-06,129.6199951171875,0.4026,0.0467,140.86599884033203,37,0.10136986301369863,13.43498106644168,-0.7081775329313675,1.4730172276789715,1732.3838143604667,16673.379182520155,-4.315770626309657,False,False,0.0,0.0,-1722.6056768532653
2023-01-09,130.14999389648438,0.4007,0.047,140.86599884033203,34,0.09315068493150686,12.834562864296885,-0.7088471305694093,1.4107414093596045,1812.9814563930076,16638.60577641071,-1.4210854715202004e-14,True,False,-0.062275818319367016,79.92829051454476,-1802.53396736781
2023-01-10,130.72999572753906,0.39280000000000004,0.04730000000000001,140.86599884033203,33,0.09041095890410959,12.24738646979469,-0.7043641907396321,1.4107414093596045,1813.2164141451124,16614.00551183601,0.6324268853534107,False,False,0.0,0.0,-1802.53396736781
2023-01-11,133.49000549316406,0.3873,0.0472,140.86599884033203,32,0.08767123287671233,10.23295684575531,-0.6463809572039263,1.4107414093596045,1813.450905511207,16606.0570510773,8.812361745092275,False,False,0.0,0.0,-1802.53396736781
2023-01-12,133.41000366210938,0.3728,0.0466,140.86599884033203,31,0.08493150684931507,10.005373487007006,-0.6590219224842009,1.4107414093596045,1813.6824458042781,16566.182281438163,7.029048427576242,False,False,0.0,0.0,-1802.53396736781
2023-01-13,134.75999450683594,0.35340000000000005,0.0467,140.86599884033203,30,0.0821917808219178,8.77740621092778,-0.6363934992776701,1.4107414093596045,1813.9145126230828,16528.179004159276,10.221333792172928,False,False,0.0,0.0,-1802.53396736781
2023-01-17,135.94000244140625,0.37090000000000006,0.0471,129.14300231933592,90,0.2465753424657534,6.0828528151242764,-0.33227206692389544,3.009581904545238,1108.2184380285528,16532.903058210188,0.0,True,True,3.009581904545238,-1830.6843760410081,-1095.9013730287627
2023-01-18,135.2100067138672,0.3725,0.046900000000000004,129.14300231933592,89,0.24383561643835616,6.326939933208983,-0.34320619848617007,3.009581904545238,1108.3608456563088,16533.505910456068,-3.290716449173871,False,False,0.0,0.0,-1095.9013730287627
2023-01-19,135.27000427246094,0.3776,0.0471,129.14300231933592,88,0.2410958904109589,6.383581834051384,-0.34312327092482175,3.009581904545238,1108.5038789828643,16556.69554362343,-3.2657587203716645,False,False,0.0,0.0,-1095.9013730287627
2023-01-20,137.8699951171875,0.3519,0.0472,129.14300231933592,87,0.23835616438356164,4.890945745125663,-0.2973631048352472,3.009581904545238,1108.6472345067148,16367.616927289737,10.506138060845146,False,False,0.0,0.0,-1095.9013730287627
2023-01-23,141.11000061035156,0.3347,0.04730000000000001,129.14300231933592,84,0.23013698630136986,3.514809312665413,-0.24196301637521023,3.009581904545238,1109.0783238940755,16277.889035461722,27.179248434798424,False,False,0.0,0.0,-1095.9013730287627
2023-01-24,142.52999877929688,0.3298,0.0472,129.14300231933592,83,0.2273972602739726,3.0506452910821054,-0.21945441149486922,4.5567550599153925,637.2341036152519,16280.338318159484,0.0,True,False,1.5471731553701544,-471.9876500918605,-623.9137229369022
2023-01-25,141.86000061035156,0.33990000000000004,0.0472,129.14300231933592,82,0.22465753424657534,3.3708697165849486,-0.2328955384100777,4.5567550599153925,637.3165129152744,16359.339337686833,-6.1247923081841265,False,False,0.0,0.0,-623.9137229369022
2023-01-26,143.9600067138672,0.3245,0.0471,129.14300231933592,81,0.2219178082191781,2.5820697252589007,-0.19618300225907337,4.5567550599153925,637.3987582429295,16209.985358192433,10.60421117865745,False,False,0.0,0.0,-623.9137229369022
2023-01-27,145.92999267578125,0.3326,0.04730000000000001,129.14300231933592,80,0.2191780821917808,2.3284553259231444,-0.17637663615689103,4.5567550599153925,637.4813634890576,16291.500689885906,19.629487074123062,False,False,0.0,0.0,-623.9137229369022
2023-01-30,143.0,0.3873,0.0472,129.14300231933592,77,0.21095890410958903,3.8613014278391447,-0.23641314855103057,4.5567550599153925,637.7287193047548,16697.22920122121,-7.727681089043784,False,False,0.0,0.0,-623.9137229369022
2023-01-31,144.2899932861328,0.3417,0.047,129.14300231933592,76,0.20821917808219179,2.659829422665407,-0.1971036874560007,5.073471800081006,500.37300421705993,16278.829289722209,0.0,True,False,0.5167167401656139,-137.43783886762557,-486.4758840692766
2023-02-01,145.42999267578125,0.3281,0.0466,129.14300231933592,75,0.2054794520547945,2.1755255636592246,-0.17428881009840025,5.073471800081006,500.436891533606,16147.182918869772,11.575063689609266,False,False,0.0,0.0,-486.4758840692766
2023-02-02,150.82000732421875,0.3688,0.0466,129.14300231933592,74,0.20273972602739726,1.9495322533239303,-0.1413363103712526,5.073471800081006,500.50078700724526,16571.591210487855,28.293421500395326,False,False,0.0,0.0,-486.4758840692766
2023-02-03,154.5,0.3038,0.047,129.14300231933592,73,0.2,0.7168508007515477,-0.07260889594297748,5.073471800081006,500.56523920336423,16314.25747145121,63.16208139982876,False,False,0.0,0.0,-486.4758840692766
2023-02-06,151.72999572753906,0.3079,0.0471,129.14300231933592,70,0.1917808219178082,0.9247856779065664,-0.09179426479693387,5.073471800081006,500.75905717776374,16142.946035729447,53.42843861435874,False,False,0.0,0.0,-486.4758840692766
2023-02-07,154.64999389648438,0.2953,0.0471,129.14300231933592,69,0.18904109589041096,0.5617716966620101,-0.06209878552389847,10.0,224.065269292506,16250.836355602954,37.90121447610153,True,False,4.926528199918994,-276.7584105521732,-209.71747351710343
2023-02-08,151.9199981689453,0.3113,0.0472,129.14300231933592,68,0.1863013698630137,0.8993137355813072,-0.08987533771262035,10.0,224.09424618168532,16315.407798657523,10.12466228737965,False,False,0.0,0.0,-209.71747351710343
2023-02-09,150.8699951171875,0.32380000000000003,0.0477,129.14300231933592,67,0.18356164383561643,1.1158438504746329,-0.10503821162307292,10.0,224.12353383658456,16426.966896029968,-5.038211623072925,False,False,0.0,0.0,-209.71747351710343
2023-02-10,151.00999450683594,0.3201,0.0479,129.14300231933592,66,0.18082191780821918,1.0325489989227883,-0.10011552268529411,10.0,224.15294814268864,16357.70139774907,-0.1155226852941098,False,False,0.0,0.0,-209.71747351710343
2023-02-13,153.85000610351562,0.3246,0.0481,129.14300231933592,63,0.1726027397260274,0.7569345621461547,-0.07677635456321186,10.0,224.241582841289,16366.176755339005,23.223645436788146,False,False,0.0,0.0,-209.71747351710343
2023-02-14,153.1999969482422,0.3012,0.048,129.14300231933592,62,0.16986301369863013,0.580436217774837,-0.06631242380230917,10.0,224.2710740844416,16124.706986683497,33.68757619769083,False,False,0.0,0.0,-209.71747351710343
2023-02-15,155.3300018310547,0.2903,0.0479,129.14300231933592,61,0.16712328767123288,0.3678261295869616,-0.046231657415458094,10.0,224.3005077539474,16125.126820446378,53.768342584541905,False,False,0.0,0.0,-209.71747351710343
2023-02-16,153.7100067138672,0.3039,0.0484,129.14300231933592,60,0.1643835616438356,0.5320413505568702,-0.061834664712385856,10.0,224.33025258787714,16127.372274531466,38.16533528761414,False,False,0.0,0.0,-209.71747351710343
2023-02-17,152.5500030517578,0.2958,0.0484,129.14300231933592,59,0.16164383561643836,0.5251621371947213,-0.06351967685415771,10.0,224.36000136631486,16004.522443736818,36.480323145842284,False,False,0.0,0.0,-209.71747351710343
2023-02-21,148.47999572753906,0.3236,0.048600000000000004,129.14300231933592,55,0.1506849315068493,1.034261210369685,-0.10899764804974477,10.0,224.47952794499366,16106.740311068585,-8.997648049744768,False,False,0.0,0.0,-209.71747351710343
2023-02-22,148.91000366210938,0.32030000000000003,0.0484,129.14300231933592,54,0.14794520547945206,0.9264804622097103,-0.10102175339591424,9.898858081396599,233.8798976687108,16041.990124939712,1.4210854715202004e-14,True,False,-0.10114191860340149,9.37060114964563,-219.08807466674907
2023-02-23,149.39999389648438,0.3008,0.0484,129.14300231933592,53,0.14520547945205478,0.6730492635433603,-0.08229238140674444,9.898858081396599,233.9109128402114,15840.15221664907,18.539939527447657,False,False,0.0,0.0,-219.08807466674907
2023-02-24,146.7100067138672,0.3072,0.048600000000000004,129.14300231933592,52,0.14246575342465753,0.9676686160667529,-0.11168603926561493,9.898858081396599,233.94206031207665,15862.824161725419,-10.556425236361022,False,False,0.0,0.0,-219.08807466674907
2023-02-27,147.9199981689453,0.30210000000000004,0.0489,129.14300231933592,49,0.13424657534246576,0.7148015741277245,-0.08994755061207016,9.898858081396599,234.03610468999668,15733.60785544945,10.962196172187973,False,False,0.0,0.0,-219.08807466674907
2023-02-28,147.41000366210938,0.2945,0.0488,129.14300231933592,48,0.13150684931506848,0.6696730132243278,-0.08814547949252582,9.898858081396599,234.06739708842508,15637.967575184248,12.746040798683254,False,False,0.0,0.0,-219.08807466674907
2023-03-01,145.30999755859375,0.3018,0.049,129.14300231933592,47,0.12876712328767123,0.9224111365919505,-0.11477425704682898,8.712755157212568,343.5062765853387,15678.180271185896,0.0,True,False,-1.1861029241840306,109.40745464116279,-328.49552930791185
2023-03-02,145.91000366210938,0.2925,0.049100000000000005,129.14300231933592,46,0.12602739726027398,0.7407171572082802,-0.09903252614997649,8.712755157212568,343.55248834603356,15579.921577707199,13.715384705500398,False,False,0.0,0.0,-328.49552930791185
2023-03-03,151.02999877929688,0.26739999999999997,0.049100000000000005,129.14300231933592,45,0.1232876712328767,0.22090488018666665,-0.037630148007879005,8.712755157212568,343.5987063235779,15639.067597663245,67.213773387768,False,False,0.0,0.0,-328.49552930791185
2023-03-06,153.8300018310547,0.2747,0.0493,129.14300231933592,42,0.11506849315068493,0.13093456159282812,-0.023587847866017086,8.712755157212568,343.73796261391345,15840.818223396911,79.44848568578142,False,False,0.0,0.0,-328.49552930791185
2023-03-07,151.60000610351562,0.2785,0.0504,129.14300231933592,41,0.11232876712328767,0.19616008658555373,-0.03400362965345771,8.712755157212568,343.7854299823132,15674.695520937632,70.37347003728901,False,False,0.0,0.0,-328.49552930791185
2023-03-08,152.8699951171875,0.2726,0.0506,129.14300231933592,40,0.1095890410958904,0.12897732046250177,-0.024098690499793518,10.0,327.2305532470168,15743.207385428268,75.90130950020648,True,False,1.2872448427874321,-16.602539060189734,-311.89299024772214
2023-03-09,150.58999633789062,0.3013,0.050499999999999996,129.14300231933592,39,0.10684931506849316,0.30716042469785343,-0.04805443352236416,10.0,327.27583074337133,15693.435889230286,51.94556647763584,False,False,0.0,0.0,-311.89299024772214
2023-03-10,148.5,0.3331,0.0501,129.14300231933592,38,0.10410958904109589,0.6091489635231362,-0.08049655297184266,10.0,327.3207557967058,15786.46971931984,19.50344702815734,False,False,0.0,0.0,-311.89299024772214
2023-03-13,150.47000122070312,0.33,0.0487,129.14300231933592,35,0.0958904109589041,0.3783779692845126,-0.055636754864672455,10.0,327.45180000098634,15752.829891355812,44.363245135327546,False,False,0.0,0.0,-311.89299024772214
2023-03-14,152.58999633789062,0.30870000000000003,0.0488,129.14300231933592,34,0.09315068493150686,0.17940921296233459,-0.03101375480462365,10.0,327.4955827848662,15765.904429536264,68.98624519537634,False,False,0.0,0.0,-311.89299024772214
2023-03-15,152.99000549316406,0.3224,0.0475,129.14300231933592,33,0.09041095890410959,0.19771927763489927,-0.03282746603005726,10.0,327.53820484633,15824.258031797635,67.17253396994275,False,False,0.0,0.0,-311.89299024772214
2023-03-16,155.85000610351562,0.2923,0.047400000000000005,129.14300231933592,32,0.08767123287671233,0.05653020197870151,-0.011812028624110349,10.0,327.5807427067004,15969.111555036965,88.18797137588965,False,False,0.0,0.0,-311.89299024772214
2023-03-17,155.0,0.31170000000000003,0.0452,129.14300231933592,31,0.08493150684931507,0.09472901185321536,-0.018006224101802748,10.0,327.6213113817784,15922.350323234992,81.99377589819726,False,False,0.0,0.0,-311.89299024772214
2023-03-20,157.39999389648438,0.3032,0.0481,149.52999420166014,90,0.2465753424657534,5.131701568234938,-0.31039104019681274,3.221742481245335,-1293.0799974175795,16100.22148657644,0.0,True,True,3.221742481245335,-1653.3020943455806,1308.9378667749806
2023-03-21,159.27999877929688,0.2805,0.0478,149.52999420166014,89,0.24383561643835616,3.941062645616121,-0.27111421205359687,3.221742481245335,-1293.2493488457642,15904.459423746981,12.653982575757084,False,False,0.0,0.0,1308.9378667749806
2023-03-22,157.8300018310547,0.29510000000000003,0.0479,149.52999420166014,88,0.2410958904109589,4.7044980631885025,-0.2998010633125694,3.335545207714659,-1346.9575474408714,16005.249232601725,1.4210854715202004e-14,True,False,0.11380272646932399,-53.53847062605056,1362.4763374010313
2023-03-23,158.92999267578125,0.2959,0.04730000000000001,149.52999420166014,87,0.23835616438356164,4.373957015744679,-0.2835606925403228,3.335545207714659,-1347.1321096882739,16004.82029415156,5.4170490900876445,False,False,0.0,0.0,1362.4763374010313
2023-03-24,160.25,0.28940000000000005,0.047400000000000005,149.52999420166014,86,0.2356164383561644,3.8089455527167146,-0.26023417243742697,3.335545207714659,-1347.3070636836687,15948.18394479736,13.197715324275023,False,False,0.0,0.0,1362.4763374010313
2023-03-27,158.27999877929688,0.2921,0.049100000000000005,149.52999420166014,83,0.2273972602739726,4.286299246522901,-0.28839700650565747,3.335545207714659,-1347.850894864362,15909.863474122369,3.8038747030800977,False,False,0.0,0.0,1362.4763374010313
2023-03-28,157.64999389648438,0.2812,0.048,149.52999420166014,82,0.22465753424657534,4.163352713182924,-0.2931174829638572,3.335545207714659,-1348.0281581443044,15805.676350552443,2.2293384402522918,False,False,0.0,0.0,1362.4763374010313
2023-03-29,160.77000427246094,0.2666,0.048,149.52999420166014,81,0.2219178082191781,2.9471456117786374,-0.23431560346701485,4.267748221644882,-1622.9392469162428,15711.828724689532,0.0,True,False,0.9322030139302231,-274.7338021791277,1637.210139580159
2023-03-30,162.36000061035156,0.27890000000000004,0.0497,149.52999420166014,80,0.2191780821917808,2.8202713035944527,-0.2179407749665343,4.267748221644882,-1623.160248484287,15816.460596598,6.9883645212665755,False,False,0.0,0.0,1637.210139580159
2023-03-31,164.89999389648438,0.27440000000000003,0.048499999999999995,149.52999420166014,79,0.21643835616438356,2.1955250938736377,-0.18075469547681533,4.267748221644882,-1623.375943011761,15803.618278132271,22.858446982485916,False,False,0.0,0.0,1637.210139580159
2023-04-03,166.1699981689453,0.287,0.049,149.52999420166014,76,0.20821917808219179,2.122662169717465,-0.1712900717172463,4.267748221644882,-1624.0298726671754,15898.868714223812,26.897710104329775,False,False,0.0,0.0,1637.210139580159
2023-04-04,165.6300048828125,0.2988,0.0488,149.52999420166014,75,0.2054794520547945,2.4183499150645744,-0.1849286332548976,4.267748221644882,-1624.247017752129,15970.844325462309,21.07711542951921,False,False,0.0,0.0,1637.210139580159
2023-04-05,163.75999450683594,0.30960000000000004,0.048600000000000004,149.52999420166014,74,0.20273972602739726,2.9794155875778046,-0.21403848175251006,4.67205706101152,-1744.9237075743479,16023.075706472311,0.0,True,False,0.40430883936663786,-120.46040582044516,1757.6705454006042
2023-04-06,164.66000366210938,0.2995,0.049100000000000005,149.52999420166014,73,0.2,2.5421274801731713,-0.1949213134673562,4.67205706101152,-1745.158451456197,15908.538379128191,8.931650107319868,False,False,0.0,0.0,1757.6705454006042
2023-04-10,162.02999877929688,0.3174,0.050800000000000005,149.52999420166014,69,0.18904109589041096,3.3097090164598555,-0.2356539165591549,4.67205706101152,-1746.13027316924,16003.184542784924,-10.098854481521926,False,False,0.0,0.0,1757.6705454006042
2023-04-11,160.8000030517578,0.3152,0.0504,149.52999420166014,68,0.1863013698630137,3.5193247318135548,-0.2510635919484414,4.67205706101152,-1746.3713993117242,15977.877502190258,-17.29834275256306,False,False,0.0,0.0,1757.6705454006042
2023-04-12,160.10000610351562,0.3121,0.050199999999999995,149.52999420166014,67,0.18356164383561643,3.5854262859917014,-0.2589564345228994,4.67205706101152,-1746.611601704018,15938.520628267928,-20.98592384070794,False,False,0.0,0.0,1757.6705454006042
2023-04-13,165.55999755859375,0.295,0.051,149.52999420166014,66,0.18082191780821918,2.0243175086452574,-0.17155192315340884,5.829138966316097,-1981.0857818396569,15754.916781003716,0.0,True,False,1.1570819053045769,-234.23011598446686,1991.900661385071
2023-04-14,165.2100067138672,0.2851,0.0514,149.52999420166014,65,0.1780821917808219,1.871364158586161,-0.16725032123622796,5.829138966316097,-1981.3647817829906,15630.480063301919,2.507463535301909,False,False,0.0,0.0,1991.900661385071
2023-04-17,165.22999572753906,0.2841,0.0521,149.52999420166014,62,0.16986301369863013,1.744982595494136,-0.161866783674957,5.829138966316097,-1982.213421870339,15557.960755177395,5.645602392805003,False,False,0.0,0.0,1991.900661385071
2023-04-18,166.47000122070312,0.2762,0.052000000000000005,149.52999420166014,61,0.16712328767123288,1.4007974895845194,-0.13920996656141815,5.829138966316097,-1982.4958395158778,15481.048605599923,18.852575941727665,False,False,0.0,0.0,1991.900661385071
2023-04-19,167.6300048828125,0.2778,0.0516,149.52999420166014,60,0.1643835616438356,1.241976012781393,-0.1258770115776131,5.829138966316097,-1982.7761244925932,15504.189440922048,26.6245406849513,False,False,0.0,0.0,1991.900661385071
2023-04-20,166.64999389648438,0.2864,0.0512,149.52999420166014,59,0.16164383561643836,1.4688836151337483,-0.14212002068399976,7.036306321848028,-2160.3731108111206,15538.177785559776,0.0,True,False,1.207167355531931,-177.31883492651897,2169.21949631159
2023-04-21,165.02000427246094,0.2877,0.0514,149.52999420166014,58,0.1589041095890411,1.7010324818392917,-0.16156622196425185,7.036306321848028,-2160.677360117749,15538.221627691812,-13.682942900416705,False,False,0.0,0.0,2169.21949631159
2023-04-24,165.3300018310547,0.2868,0.052000000000000005,149.52999420166014,55,0.1506849315068493,1.528559705545554,-0.1519081422937243,7.036306321848028,-2161.6010250736745,15446.94058997703,-6.887222196152209,False,False,0.0,0.0,2169.21949631159
2023-04-25,163.77000427246094,0.31070000000000003,0.0512,149.52999420166014,54,0.14794520547945206,2.1419230964362264,-0.18826242611974964,7.036306321848028,-2161.90426270432,15722.218866978426,-32.46720990728417,False,False,0.0,0.0,2169.21949631159
2023-04-26,163.75999450683594,0.3064,0.0516,149.52999420166014,53,0.14520547945205478,2.02582522803662,-0.18375747869473713,7.036306321848028,-2162.2099124181073,15639.222224164816,-29.297390902663324,False,False,0.0,0.0,2169.21949631159
2023-04-27,168.41000366210938,0.2871,0.0518,149.52999420166014,52,0.14246575342465753,1.0305078062499327,-0.11131890064497618,8.983200464665476,-2363.1457514965546,15403.580435108961,0.0,True,False,1.946894142817448,-200.62896121156516,2369.848457523155
2023-04-28,169.67999267578125,0.2781,0.051,149.52999420166014,51,0.13972602739726028,0.7753320063967362,-0.09067339505789929,8.983200464665476,-2363.475967533922,15301.019584057522,18.546271538308275,False,False,0.0,0.0,2369.848457523155
2023-05-01,169.58999633789062,0.2917,0.0527,149.52999420166014,48,0.13150684931506848,0.8385491212632417,-0.09535724824644021,8.983200464665476,-2364.4999305172028,15347.785188849539,14.338672324335718,False,False,0.0,0.0,2369.848457523155
2023-05-02,168.5399932861328,0.2981,0.0524,149.52999420166014,47,0.12876712328767123,0.9844470636156721,-0.10835243602023037,8.983200464665476,-2364.8394063813503,15373.508454163017,2.664834639543031,False,False,0.0,0.0,2369.848457523155
2023-05-03,167.4499969482422,0.3125,0.0526,149.52999420166014,46,0.12602739726027398,1.2475184925592089,-0.1280833722952941,8.983200464665476,-2365.18022697352,15500.490338054366,-15.059860951900717,False,False,0.0,0.0,2369.848457523155
2023-05-04,165.7899932861328,0.3297,0.0526,149.52999420166014,45,0.1232876712328767,1.6688548298789563,-0.15731036327020065,6.3568602806057495,-1927.2230465774182,15712.643980251323,0.0,True,False,-2.6263401840597265,438.29805010732616,1931.5504074158289
2023-05-05,173.57000732421875,0.2365,0.0526,149.52999420166014,44,0.12054794520547946,0.14841456277191512,-0.026564147416589523,6.3568602806057495,-1927.5007979114857,15523.844998425215,83.11354263993263,False,False,0.0,0.0,1931.5504074158289
2023-05-08,173.5,0.23420000000000002,0.053099999999999994,149.52999420166014,41,0.11232876712328767,0.11582001482082216,-0.022246361852361174,6.3568602806057495,-1928.3422167916124,15495.282948399754,85.85829859527423,False,False,0.0,0.0,1931.5504074158289
2023-05-09,171.77000427246094,0.23760000000000003,0.0529,149.52999420166014,40,0.1095890410958904,0.1634695399822519,-0.03033463532949965,6.3568602806057495,-1928.6217145883422,15352.29401523796,80.71669615472437,False,False,0.0,0.0,1931.5504074158289
2023-05-10,173.55999755859375,0.22719999999999999,0.0524,149.52999420166014,39,0.10684931506849316,0.08104401220227464,-0.01703848823140819,6.3568602806057495,-1928.898610567371,15478.619691506961,89.16887109201927,False,False,0.0,0.0,1931.5504074158289
2023-05-11,173.75,0.2316,0.052000000000000005,149.52999420166014,38,0.10410958904109589,0.08175428294822318,-0.01705796738109777,10.0,-1958.9576596809982,15497.796623267224,82.94203261890223,True,False,3.6431397193942505,-29.784227543926796,1961.3346349597557
2023-05-12,172.57000732421875,0.2345,0.0525,149.52999420166014,37,0.10136986301369863,0.10406760185393349,-0.021279190065505493,10.0,-1959.239447828655,15401.828886447154,78.72080993449451,False,False,0.0,0.0,1961.3346349597557
2023-05-15,172.07000732421875,0.2331,0.0521,149.52999420166014,34,0.09315068493150686,0.0863229164902024,-0.01888574448975089,10.0,-1960.0786113948136,15333.245037517265,81.11425551024911,False,False,0.0,0.0,1961.3346349597557
2023-05-16,172.07000732421875,0.23809999999999998,0.052300000000000006,149.52999420166014,33,0.09041095890410959,0.09036580687444928,-0.019556626155487256,10.0,-1960.3594866169715,15337.007052679352,80.44337384451275,False,False,0.0,0.0,1961.3346349597557
2023-05-17,172.69000244140625,0.2295,0.0526,149.52999420166014,32,0.08767123287671233,0.05522145314259097,-0.013177020752516366,10.0,-1960.6420135738936,15363.579683709324,86.82297924748363,False,False,0.0,0.0,1961.3346349597557
2023-05-18,175.0500030517578,0.2224,0.053099999999999994,149.52999420166014,31,0.08493150684931507,0.020909679444586327,-0.005651822150737451,10.0,-1960.9272674484896,15564.982717171879,94.34817784926256,False,False,0.0,0.0,1961.3346349597557
2023-05-19,175.16000366210938,0.2209,0.0529,149.52999420166014,30,0.0821917808219178,0.016629511871673053,-0.0046831122043166085,10.0,-1961.2114881879554,15571.418389894656,95.31688779568339,False,False,0.0,0.0,1961.3346349597557
2023-05-22,174.1999969482422,0.22460000000000002,0.054000000000000006,165.48999710083007,90,0.2465753424657534,3.278255418145399,-0.2626930342737571,3.8067244636486333,-3193.9489246127177,15473.992280045777,-1.4210854715202004e-14,True,True,3.8067244636486333,-1247.941509834277,3193.2014226765314
2023-05-23,171.55999755859375,0.24600000000000002,0.0534,165.48999710083007,89,0.24383561643835616,4.655803845336457,-0.32115546750303725,3.8067244636486333,-3194.4162378991145,15733.919757559428,-22.25503747783256,False,False,0.0,0.0,3193.2014226765314
2023-05-24,171.83999633789062,0.2555,0.053700000000000005,165.48999710083007,88,0.2410958904109589,4.815059878590901,-0.3205862164659984,3.8067244636486333,-3194.8862454919085,15822.074011673654,-22.038339292967237,False,False,0.0,0.0,3193.2014226765314
2023-05-25,172.99000549316406,0.25870000000000004,0.0538,165.48999710083007,87,0.23835616438356164,4.515404362563999,-0.3030627980456382,3.299646167225745,-2966.390842496116,15822.533376661162,0.0,True,False,-0.5070782964228884,228.96635518294306,2964.2350674935883
2023-05-26,175.42999267578125,0.2464,0.0534,165.48999710083007,86,0.2356164383561644,3.452178682056008,-0.25697868395872936,3.299646167225745,-2966.8248612879197,15715.271221972658,15.206127041686273,False,False,0.0,0.0,2964.2350674935883
2023-05-30,177.3000030517578,0.2525,0.0555,165.48999710083007,82,0.22465753424657534,3.0069492686347274,-0.22965159029211857,3.299646167225745,-2968.6298899374424,15753.557278167624,24.223101029531392,False,False,0.0,0.0,2964.2350674935883
2023-05-31,177.25,0.2566,0.0552,165.48999710083007,81,0.2219178082191781,3.0928955552608954,-0.23278573112078926,3.299646167225745,-2969.078878325639,15776.467218128975,23.188945452244496,False,False,0.0,0.0,2964.2350674935883
2023-06-01,180.08999633789062,0.2463,0.055,165.48999710083007,80,0.2191780821917808,2.222079432565387,-0.18528386991682932,3.299646167225745,-2969.5263074826275,15772.680914599989,38.862878878018066,False,False,0.0,0.0,2964.2350674935883
2023-06-02,180.9499969482422,0.2399,0.055,165.48999710083007,79,0.21643835616438356,1.9022052613477456,-0.16785625333993337,5.9574783786866385,-3475.5480457075705,15752.686320746963,1.4210854715202004e-14,True,False,2.6578322114608937,-505.5742416420426,3469.809309135631
2023-06-05,179.5800018310547,0.24120000000000003,0.0546,165.48999710083007,76,0.20821917808219179,2.088951490531848,-0.18386730216784342,5.9574783786866385,-3477.1081074319145,15725.380409570425,-9.53854772123701,False,False,0.0,0.0,3469.809309135631
2023-06-06,179.2100067138672,0.21960000000000002,0.054400000000000004,165.48999710083007,75,0.2054794520547945,1.6722016848750947,-0.16797797829788208,5.9574783786866385,-3477.626378055627,15439.584831575767,-0.07251738051259338,False,False,0.0,0.0,3469.809309135631
2023-06-07,177.82000732421875,0.227,0.0542,165.48999710083007,74,0.20273972602739726,2.05573053761384,-0.19443080798249834,5.9574783786866385,-3478.142820096513,15528.554935349395,-15.831733470630738,False,False,0.0,0.0,3469.809309135631
2023-06-08,180.57000732421875,0.2122,0.0538,165.48999710083007,73,0.2,1.276833434697032,-0.14011787128900632,5.9574783786866385,-3478.6555266038754,15339.015963857177,16.525081132814748,False,False,0.0,0.0,3469.809309135631
2023-06-09,180.9600067138672,0.2053,0.053700000000000005,165.48999710083007,72,0.19726027397260273,1.0843159439952608,-0.1267600969395497,7.888917917733113,-3688.5964241967713,15262.81219509674,0.0,True,False,1.9314395390464743,-209.4290687050949,3679.2383778407257
2023-06-12,183.7899932861328,0.2061,0.054000000000000006,165.48999710083007,69,0.18904109589041096,0.7312528701690617,-0.09189708762640592,7.888917917733113,-3690.233918026658,15265.64479757367,27.503141883655644,False,False,0.0,0.0,3679.2383778407257
2023-06-13,183.30999755859375,0.20579999999999998,0.0536,165.48999710083007,68,0.1863013698630137,0.7562107950685117,-0.09541564830216243,7.888917917733113,-3690.775866141344,15236.79237879795,24.727378247694972,False,False,0.0,0.0,3679.2383778407257
2023-06-14,183.9499969482422,0.1968,0.0536,165.48999710083007,67,0.18356164383561643,0.5717502945123147,-0.0788162901657804,7.888917917733113,-3691.317893846583,15154.730915262375,37.82247563019229,False,False,0.0,0.0,3679.2383778407257
2023-06-15,186.00999450683594,0.19940000000000002,0.0533,165.48999710083007,66,0.18082191780821918,0.44135315237288,-0.06243861240143678,7.888917917733113,-3691.8569667498305,15257.322363114003,50.74269118679125,False,False,0.0,0.0,3679.2383778407257
2023-06-16,184.9199981689453,0.1957,0.0534,165.48999710083007,65,0.1780821917808219,0.46170200012465124,-0.06672131059157393,10.0,-3789.8662119747455,15163.835605044438,33.27868940842606,True,False,2.111082082266887,-97.46908198099354,3776.707459821719
2023-06-20,185.00999450683594,0.20629999999999998,0.053899999999999997,165.48999710083007,61,0.16712328767123288,0.5050102914068155,-0.07063947301267015,10.0,-3792.1054901274088,15213.904251963,29.36052698732985,False,False,0.0,0.0,3776.707459821719
2023-06-21,183.9600067138672,0.20199999999999999,0.054000000000000006,165.48999710083007,60,0.1643835616438356,0.5209993883771649,-0.07475595606011287,10.0,-3792.666555455785,15124.333504308099,25.244043939887135,False,False,0.0,0.0,3776.707459821719
2023-06-22,187.0,0.1979,0.054000000000000006,165.48999710083007,59,0.16164383561643836,0.2905296404887796,-0.04596527945516693,10.0,-3793.2277037972267,15197.301936691554,54.03472054483307,False,False,0.0,0.0,3776.707459821719
2023-06-23,186.67999267578125,0.2,0.0541,165.48999710083007,58,0.1589041095890411,0.3098034852467819,-0.04856393040598883,10.0,-3793.7899745583877,15184.01277826652,51.43606959401117,False,False,0.0,0.0,3776.707459821719
2023-06-26,185.27000427246094,0.2119,0.055,165.48999710083007,55,0.1506849315068493,0.4462987558344338,-0.0649527089955183,10.0,-3795.5053632014087,15177.793819879116,35.04729100448169,False,False,0.0,0.0,3776.707459821719
2023-06-27,188.05999755859375,0.2011,0.054400000000000004,165.48999710083007,54,0.14794520547945206,0.21595429948533162,-0.03627939436053207,10.0,-3796.0710916375438,15225.882963707165,63.720605639467934,False,False,0.0,0.0,3776.707459821719
2023-06-28,189.25,0.1998,0.054400000000000004,165.48999710083007,53,0.14520547945205478,0.1619529242750133,-0.028460478464495398,10.0,-3796.6369043967484,15290.316019878266,71.5395215355046,False,False,0.0,0.0,3776.707459821719
2023-06-29,189.58999633789062,0.214,0.0546,165.48999710083007,52,0.14246575342465753,0.21409021717356858,-0.034392629103975,10.0,-3797.2048821512312,15375.8849688114,65.607370896025,False,False,0.0,0.0,3776.707459821719
2023-06-30,193.97000122070312,0.21739999999999998,0.0543,165.48999710083007,51,0.13972602739726028,0.10829441503794612,-0.018397489990864435,10.0,-3797.7698234193845,15707.524713688872,81.60251000913556,False,False,0.0,0.0,3776.707459821719
2023-07-03,192.4600067138672,0.23760000000000003,0.054400000000000004,165.48999710083007,48,0.13150684931506848,0.19991544980567433,-0.030167108658235686,10.0,-3799.468274428854,15646.447846763538,69.83289134176431,False,False,0.0,0.0,3776.707459821719
2023-07-05,191.3300018310547,0.2522,0.054400000000000004,165.48999710083007,46,0.12602739726027398,0.2921895765410776,-0.040765633047098127,10.0,-3800.600997073535,15624.58876257301,59.23436695290187,False,False,0.0,0.0,3776.707459821719
2023-07-06,191.80999755859375,0.2583,0.0546,165.48999710083007,45,0.1232876712328767,0.2931476509208286,-0.04032406235534458,10.0,-3801.1695678571946,15672.97783892301,59.67593764465542,False,False,0.0,0.0,3776.707459821719
2023-07-07,190.67999267578125,0.2536,0.0546,165.48999710083007,44,0.12054794520547946,0.29626042364415994,-0.04200039753761131,10.0,-3801.7382236991743,15562.52146752311,57.99960246238869,False,False,0.0,0.0,3776.707459821719
2023-07-10,188.61000061035156,0.2664,0.05480000000000001,165.48999710083007,41,0.11232876712328767,0.42640999044978223,-0.0572569988845919,10.0,-3803.4509539452943,15483.959097539644,42.7430011154081,False,False,0.0,0.0,3776.707459821719
2023-07-11,188.0800018310547,0.26530000000000004,0.054900000000000004,165.48999710083007,40,0.1095890410958904,0.4268099152524645,-0.058282201624870855,10.0,-3804.0230776761823,15430.78702068175,41.71779837512914,False,False,0.0,0.0,3776.707459821719
2023-07-12,189.77000427246094,0.2493,0.0547,165.48999710083007,39,0.10684931506849316,0.23176917042221667,-0.03653136970158588,10.0,-3804.593202758047,15404.176394910262,63.46863029841412,False,False,0.0,0.0,3776.707459821719
2023-07-13,190.5399932861328,0.2509,0.0547,165.48999710083007,38,0.10410958904109589,0.19869148614388,-0.032018611775897265,10.0,-3805.163413286977,15447.527401470186,67.98138822410274,False,False,0.0,0.0,3776.707459821719
2023-07-14,190.69000244140625,0.25120000000000003,0.054900000000000004,165.48999710083007,37,0.10136986301369863,0.1818284682266773,-0.029933278843884192,10.0,-3805.7357946098887,15445.092917757414,70.0667211561158,False,False,0.0,0.0,3776.707459821719
2023-07-17,193.99000549316406,0.2506,0.054900000000000004,165.48999710083007,34,0.09315068493150686,0.07811329838993641,-0.014532888411992406,10.0,-3807.453455223823,15669.660392482521,85.4671115880076,False,False,0.0,0.0,3776.707459821719
2023-07-18,193.72999572753906,0.252,0.054900000000000004,165.48999710083007,33,0.09041095890410959,0.077239083006309,-0.014528701124751686,10.0,-3808.0261810200436,15642.212474740172,85.47129887524831,False,False,0.0,0.0,3776.707459821719
2023-07-19,195.10000610351562,0.2615,0.054900000000000004,165.48999710083007,32,0.08767123287671233,0.07013418507004143,-0.012982606865668322,10.0,-3808.5989929669795,15771.535802454624,87.01739313433168,False,False,0.0,0.0,3776.707459821719
2023-07-20,193.1300048828125,0.2664,0.054900000000000004,165.48999710083007,31,0.08493150684931507,0.10280998661730445,-0.018385394131748556,10.0,-3809.1718910775894,15606.638583820964,81.61460586825145,False,False,0.0,0.0,3776.707459821719
2023-07-21,191.94000244140625,0.256,0.055,165.48999710083007,30,0.0821917808219178,0.08869872403697387,-0.01706464757142301,10.0,-3809.7459191306975,15472.953049046902,82.93535242857699,False,False,0.0,0.0,3776.707459821719
2023-07-24,192.75,0.2528,0.055099999999999996,183.11249999999998,90,0.2465753424657534,4.508038326105371,-0.2810902472450675,3.557576293737981,-5367.277249379626,15511.491778641848,0.0,True,True,3.557576293737981,-1603.769028021472,5332.513054120667
2023-07-25,193.6199951171875,0.2548,0.055099999999999996,183.11249999999998,89,0.24383561643835616,4.295681576385768,-0.269885649535037,3.7052729617999876,-5431.533334419417,15522.133457047787,0.0,True,False,0.14769666806200643,-63.44578558875252,5395.958839709419
2023-07-26,194.5,0.2525,0.055099999999999996,183.11249999999998,88,0.2410958904109589,3.956254724501747,-0.255990530920732,3.7052729617999876,-5432.353334630825,15483.547031438153,5.148520730258809,False,False,0.0,0.0,5395.958839709419
2023-07-27,193.22000122070312,0.2625,0.055099999999999996,183.11249999999998,87,0.23835616438356164,4.5735417797387825,-0.27900531880708546,3.7052729617999876,-5433.173458637911,15583.448733045272,-3.379086397427926,False,False,0.0,0.0,5395.958839709419
2023-07-28,195.8300018310547,0.251,0.0552,183.11249999999998,86,0.2356164383561644,3.511542692282596,-0.23613613667361344,3.7052729617999876,-5433.995195224965,15450.127407072607,12.505115747935363,False,False,0.0,0.0,5395.958839709419
2023-07-31,196.4499969482422,0.2586,0.0555,183.11249999999998,83,0.2273972602739726,3.474588078409653,-0.23143251337682136,3.7052729617999876,-5436.474555748461,15495.954865108146,14.24793657034499,False,False,0.0,0.0,5395.958839709419
2023-08-01,195.61000061035156,0.2576,0.055400000000000005,183.11249999999998,82,0.22465753424657534,3.607968779245681,-0.24080432342849567,4.15274935998788,-5598.747858360327,15460.551206561704,0.0,True,False,0.44747639818789287,-161.4480874111226,5557.406927120542
2023-08-02,192.5800018310547,0.2766,0.0553,183.11249999999998,81,0.2219178082191781,4.948575960455038,-0.29245973829966887,4.15274935998788,-5599.5961712694425,15713.423577099134,-21.451199104617302,False,False,0.0,0.0,5557.406927120542
2023-08-03,191.1699981689453,0.276,0.055400000000000005,183.11249999999998,80,0.2191780821917808,5.309603744373547,-0.3114147353543446,4.15274935998788,-5600.446147082108,15721.499024936074,-29.322734293354983,False,False,0.0,0.0,5557.406927120542
2023-08-04,181.99000549316406,0.24600000000000002,0.055400000000000005,183.11249999999998,79,0.21643835616438356,7.761246704276701,-0.45689209306718503,4.15274935998788,-5601.296251914591,15820.755525791126,-89.73583470682757,False,False,0.0,0.0,5557.406927120542
2023-08-07,178.85000610351562,0.24370000000000003,0.0556,183.11249999999998,76,0.20821917808219179,9.101690140261908,-0.5207738008883369,4.15274935998788,-5603.85655253823,16060.8478482914,-116.26430683374971,False,False,0.0,0.0,5557.406927120542
2023-08-08,179.8000030517578,0.24059999999999998,0.055700000000000006,183.11249999999998,75,0.2054794520547945,8.475572593740466,-0.5031565012797423,1.9874532028435925,-3769.499304972305,15894.981389939763,0.0,True,False,-2.165296157144288,1835.2124766823677,3722.194450438174
2023-08-09,178.19000244140625,0.249,0.0555,183.11249999999998,74,0.20273972602739726,9.548484340272552,-0.5345192624603438,1.9874532028435925,-3770.0725189934337,15946.644303584846,-6.233202015840504,False,False,0.0,0.0,3722.194450438174
2023-08-10,177.97000122070312,0.2382,0.055400000000000005,183.11249999999998,73,0.2,9.290012450592357,-0.5438470531398183,1.9874532028435925,-3770.6447871276214,15872.701834881354,-8.087056761978133,False,False,0.0,0.0,3722.194450438174
2023-08-11,177.7899932861328,0.228,0.055400000000000005,183.11249999999998,72,0.19726027397260273,9.034201539005963,-0.5528024432692746,1.9874532028435925,-3771.217142127729,15803.287464868745,-9.866898641528323,False,False,0.0,0.0,3722.194450438174
2023-08-14,179.4600067138672,0.2236,0.0556,183.11249999999998,69,0.18904109589041096,7.894509571973458,-0.5201477312495908,1.9874532028435925,-3772.9409305450204,15742.056574211503,-3.376927442382737,False,False,0.0,0.0,3722.194450438174
2023-08-15,177.4499969482422,0.23809999999999998,0.0556,183.11249999999998,68,0.1863013698630137,9.390821483682217,-0.5609880457993528,1.7825691785911382,-3581.112772100061,15837.8658165705,-1.4210854715202004e-14,True,False,-0.20488402425245433,192.40292966132165,3529.7915207768524
2023-08-16,176.57000732421875,0.239,0.0556,183.11249999999998,67,0.18356164383561643,9.88423852627976,-0.5809971350086861,1.7825691785911382,-3581.65832014384,15837.276307356973,-3.566758571623822,False,False,0.0,0.0,3529.7915207768524
2023-08-17,174.0,0.2514,0.0556,183.11249999999998,66,0.18082191780821918,11.762174562775016,-0.6292982731113029,1.7825691785911382,-3582.2039512966094,15914.485033584535,-12.176770578883705,False,False,0.0,0.0,3529.7915207768524
2023-08-18,174.49000549316406,0.2484,0.0555,183.11249999999998,65,0.1780821917808219,11.33864565206251,-0.6230250233013468,1.7825691785911382,-3582.7486839959147,15887.443891953795,-11.058520402800653,False,False,0.0,0.0,3529.7915207768524
2023-08-21,175.83999633789062,0.23850000000000002,0.055700000000000006,183.11249999999998,62,0.16986301369863013,10.121997507848803,-0.6052209016262834,1.7825691785911382,-3584.389271299219,15803.926440816602,-7.884812547815201,False,False,0.0,0.0,3529.7915207768524
2023-08-22,177.22999572753906,0.2379,0.055700000000000006,183.11249999999998,61,0.16712328767123288,9.246995515804741,-0.5758927321317153,1.7364344854612352,-3542.275570610768,15786.404192198013,0.0,True,False,-0.046134693129902926,42.66073004952401,3487.1307907273285
2023-08-23,181.1199951171875,0.2436,0.055700000000000006,183.11249999999998,60,0.1643835616438356,7.302873148616769,-0.4875103618265286,1.7364344854612352,-3542.8161728153477,15837.279416724106,15.347019570473108,False,False,0.0,0.0,3487.1307907273285
2023-08-24,176.3800048828125,0.2487,0.0558,183.11249999999998,59,0.16164383561643836,9.964878703720785,-0.5926769115332655,1.7364344854612352,-3543.3578283064335,15824.97856243272,-2.9144627923019897,False,False,0.0,0.0,3487.1307907273285
2023-08-25,178.61000061035156,0.22820000000000001,0.056100000000000004,183.11249999999998,58,0.1589041095890411,8.070979327552493,-0.5517966252759683,1.7364344854612352,-3543.902479405721,15718.570265210123,4.184131090967796,False,False,0.0,0.0,3487.1307907273285
2023-08-28,180.19000244140625,0.2243,0.0558,183.11249999999998,55,0.1506849315068493,7.00020308444644,-0.5178182202402388,1.7364344854612352,-3545.5281926573666,15689.011455589749,10.084258517468825,False,False,0.0,0.0,3487.1307907273285
2023-08-29,184.1199951171875,0.2195,0.0556,183.11249999999998,54,0.14794520547945206,4.9846425299884345,-0.4189291937867171,2.387038227059235,-3870.3710277870555,15731.481710662458,1.4210854715202004e-14,True,False,0.6506037415979997,-324.30270805389955,3811.433498781228
2023-08-30,187.64999389648438,0.2182,0.0556,183.11249999999998,53,0.14520547945205478,3.5811257252340383,-0.3324843057769986,2.387038227059235,-3870.9606415404555,15748.86714831187,20.63472522130526,False,False,0.0,0.0,3811.433498781228
2023-08-31,187.8699951171875,0.223,0.0556,183.11249999999998,52,0.14246575342465753,3.587998746251209,-0.32963351196795054,2.387038227059235,-3871.550345115833,15771.91818319714,21.31522060127142,False,False,0.0,0.0,3811.433498781228
2023-09-01,189.4600067138672,0.2091,0.0553,183.11249999999998,51,0.13972602739726028,2.714577050392151,-0.28300981483571575,2.387038227059235,-3872.1369559472437,15721.84363439785,32.44447533541907,False,False,0.0,0.0,3811.433498781228
2023-09-05,189.6999969482422,0.21739999999999998,0.0555,183.11249999999998,47,0.12876712328767123,2.6700131380983834,-0.2797240521221148,2.387038227059235,-3874.492780260151,15732.849257303193,33.228799455660194,False,False,0.0,0.0,3811.433498781228
2023-09-06,182.91000366210938,0.2472,0.0555,183.11249999999998,46,0.12602739726027398,5.860260476651234,-0.4558186848281939,2.1938547788511955,-3761.871427628734,15814.784983783613,0.0,True,False,-0.19318344820803945,113.21053262767742,3698.2229661535507
2023-09-07,177.55999755859375,0.2701,0.0553,183.11249999999998,45,0.1232876712328767,9.166961175634995,-0.5813593275664548,2.1938547788511955,-3762.441420094054,16004.65649403634,-27.541793901138433,False,False,0.0,0.0,3698.2229661535507
2023-09-08,178.17999267578125,0.2481,0.0555,183.11249999999998,44,0.12054794520547946,8.216950462708553,-0.5777970555190838,2.1938547788511955,-3763.0135608483524,15857.665310749444,-26.76028314566915,False,False,0.0,0.0,3698.2229661535507
2023-09-11,179.36000061035156,0.2444,0.0555,183.11249999999998,41,0.11232876712328767,7.301272987605884,-0.5539770334006586,2.1938547788511955,-3764.730505184326,15773.062819406463,-21.534516209984318,False,False,0.0,0.0,3698.2229661535507
2023-09-12,176.3000030517578,0.24280000000000002,0.0556,183.11249999999998,40,0.1095890410958904,9.037103440404863,-0.6389678159313251,2.1938547788511955,-3765.3040256214535,15847.305536524806,-40.18025965130485,False,False,0.0,0.0,3698.2229661535507
2023-09-13,174.2100067138672,0.2361,0.0555,183.11249999999998,39,0.10684931506849316,10.256237275903302,-0.7020687673314893,1.4243618952042618,-2976.6664420015413,15905.193585782199,0.0,True,False,-0.7694928836469337,789.2101596802005,2909.0128064733503
2023-09-14,175.74000549316406,0.2223,0.0555,183.11249999999998,38,0.10410958904109589,8.884687951974954,-0.6759899222493313,1.4243618952042618,-2977.1190928187275,15862.38255345503,3.714571320596093,False,False,0.0,0.0,2909.0128064733503
2023-09-15,175.00999450683594,0.22890000000000002,0.0556,183.11249999999998,37,0.10136986301369863,9.474862363830567,-0.6940013165255856,1.4243618952042618,-2977.5726282420846,15872.990113776035,1.1490969519364143,False,False,0.0,0.0,2909.0128064733503
2023-09-18,177.97000122070312,0.2263,0.0555,183.11249999999998,34,0.09315068493150686,7.339685519285197,-0.6190716843567831,1.4243618952042618,-2978.931200667175,15863.50575904837,11.82178824022779,False,False,0.0,0.0,2909.0128064733503
2023-09-19,179.07000732421875,0.2284,0.055400000000000005,183.11249999999998,33,0.09041095890410959,6.668190272712479,-0.5862030765486304,1.4243618952042618,-2979.3833796084264,15877.408966255785,16.503467491262384,False,False,0.0,0.0,2909.0128064733503
2023-09-20,175.49000549316406,0.24100000000000002,0.0556,183.11249999999998,32,0.08767123287671233,9.148579375267559,-0.6885893842743547,1.452244287869489,-3005.3456882210908,15872.252075080609,0.0,True,False,0.027882392665227185,-25.508428247020888,2934.521234720371
2023-09-21,173.92999267578125,0.2516,0.055700000000000006,183.11249999999998,31,0.08493150684931507,10.38952340342604,-0.7259044474092222,1.452244287869489,-3005.8043472023555,15896.007522006952,-5.419058728910073,False,False,0.0,0.0,2934.521234720371
2023-09-22,174.7899932861328,0.2525,0.0556,183.11249999999998,30,0.0821917808219178,9.740030956290994,-0.7065207976058065,1.452244287869489,-3006.2622525479715,15887.22750805987,-2.604079258402791,False,False,0.0,0.0,2934.521234720371
2023-09-25,176.0800018310547,0.2589,0.0558,167.27600173950194,90,0.2465753424657534,4.289209185867961,-0.28424203836301787,3.5181284434882096,-3241.165056622851,15875.834010169916,-1.4210854715202004e-14,True,True,3.5181284434882096,-1508.998883687298,3168.044960107197
2023-09-26,171.9600067138672,0.2799,0.0558,167.27600173950194,89,0.24383561643835616,6.219759859505153,-0.3566749661395586,3.5181284434882096,-3241.660593157855,16142.531485567994,-25.48283434557753,False,False,0.0,0.0,3168.044960107197
2023-09-27,170.42999267578125,0.275,0.0558,167.27600173950194,88,0.2410958904109589,6.588226728425013,-0.3799993490509598,2.6315834553334856,-2658.0802667634275,16118.665846665612,0.0,True,False,-0.886544988154724,584.075938691219,2583.9690214159777
2023-09-28,170.69000244140625,0.2727,0.0556,167.27600173950194,87,0.23835616438356164,6.381595571587837,-0.3752946055184231,2.6315834553334856,-2658.485199694062,16089.885176928563,1.2380925241810843,False,False,0.0,0.0,2583.9690214159777
2023-09-29,171.2100067138672,0.2724,0.0555,167.27600173950194,86,0.2356164383561644,6.141972845108128,-0.3666209529634509,2.6315834553334856,-2658.8894658493623,16078.422617766766,3.520636580278662,False,False,0.0,0.0,2583.9690214159777
2023-10-02,173.75,0.2868,0.0562,167.27600173950194,83,0.2273972602739726,5.566878082930742,-0.33015896823703883,2.6315834553334856,-2660.117937948451,16179.852488141461,13.115912155743487,False,False,0.0,0.0,2583.9690214159777
2023-10-03,172.39999389648438,0.3115,0.0562,167.27600173950194,82,0.22465753424657534,6.735161005989546,-0.3580436161290028,2.6315834553334856,-2660.5275547650263,16351.885662120341,5.777834350714272,False,False,0.0,0.0,2583.9690214159777
2023-10-04,173.66000366210938,0.3003,0.056100000000000004,167.27600173950194,81,0.2219178082191781,5.914727356762711,-0.3359669350128385,2.976483385074149,-2864.935410610688,16261.573726065024,-1.4210854715202004e-14,True,False,0.3448999297406634,-203.99890497826388,2787.9679263942417
2023-10-05,174.91000366210938,0.2977,0.056100000000000004,167.27600173950194,80,0.2191780821917808,5.385205604865163,-0.3162878935837632,2.976483385074149,-2865.3757811000332,16228.522085919838,5.85743398478283,False,False,0.0,0.0,2787.9679263942417
2023-10-06,177.49000549316406,0.2838,0.0563,167.27600173950194,79,0.21643835616438356,4.187123355306454,-0.27185664137467347,2.976483385074149,-2865.8177895896088,16129.473069559357,19.082322382622294,False,False,0.0,0.0,2787.9679263942417
2023-10-09,178.99000549316406,0.2791,0.0563,167.27600173950194,76,0.20821917808219179,3.5521484478244574,-0.24598290873612583,2.976483385074149,-2867.1442242017333,16089.147408741315,26.783595913471075,False,False,0.0,0.0,2787.9679263942417
2023-10-10,178.38999938964844,0.2777,0.056100000000000004,167.27600173950194,75,0.2054794520547945,3.627532980931896,-0.2528561544089021,2.976483385074149,-2867.5849342087927,16051.14416941128,24.737785758815946,False,False,0.0,0.0,2787.9679263942417
2023-10-11,179.8000030517578,0.27030000000000004,0.056100000000000004,167.27600173950194,74,0.20273972602739726,3.0636972590032627,-0.2273709521624816,4.398099187645525,-3303.565755726947,16023.878992050242,1.4210854715202004e-14,True,False,1.421615802571376,-435.54004376936484,3223.5079701636064
2023-10-12,180.7100067138672,0.2721,0.0563,167.27600173950194,73,0.2,2.866110303767499,-0.21529296370662976,4.398099187645525,-3304.0753587324352,16027.469052524513,5.31201912160742,False,False,0.0,0.0,3223.5079701636064
2023-10-13,178.85000610351562,0.2924,0.0562,167.27600173950194,72,0.19726027397260273,3.760370404330814,-0.2528780142835447,4.398099187645525,-3304.5841349828643,16234.264677422061,-11.218258919387154,False,False,0.0,0.0,3223.5079701636064
2023-10-16,178.72000122070312,0.29350000000000004,0.056100000000000004,167.27600173950194,69,0.18904109589041096,3.6878214604518575,-0.252870741093959,4.398099187645525,-3306.1082164938803,16187.832362515937,-11.215060098466296,False,False,0.0,0.0,3223.5079701636064
2023-10-17,177.14999389648438,0.29100000000000004,0.0562,167.27600173950194,68,0.1863013698630137,3.991015008567132,-0.2733309089362127,4.398099187645525,-3306.6173057728083,16163.670070581647,-20.213644855077007,False,False,0.0,0.0,3223.5079701636064
2023-10-18,175.83999633789062,0.3036,0.056100000000000004,167.27600173950194,67,0.18356164383561643,4.643564775813651,-0.29872990259867827,3.347505526902095,-2819.275595709518,16319.159913235952,1.4210854715202004e-14,True,False,-1.0505936607434303,487.849971672131,2735.657998491475
2023-10-19,175.4600067138672,0.3122,0.055999999999999994,167.27600173950194,66,0.18082191780821918,4.933377298954703,-0.3076745766456034,3.347505526902095,-2819.7081752856225,16377.743273555514,-2.9942345808419475,False,False,0.0,0.0,2735.657998491475
2023-10-20,172.8800048828125,0.3145,0.0558,167.27600173950194,65,0.1780821917808219,5.788551078175914,-0.34844517939120023,3.347505526902095,-2820.1392759529735,16405.58188502317,-16.64221638344347,False,False,0.0,0.0,2735.657998491475
2023-10-23,173.0,0.3073,0.0558,167.27600173950194,62,0.16986301369863013,5.39015747162432,-0.34317092475989397,3.347505526902095,-2821.4329734570797,16282.925219256422,-14.876656730584799,False,False,0.0,0.0,2735.657998491475
2023-10-24,173.44000244140625,0.2969,0.0558,167.27600173950194,61,0.16712328767123288,4.9174643974267696,-0.3315422521059521,3.347505526902095,-2821.864337826061,16168.259831187603,-10.983952132624239,False,False,0.0,0.0,2735.657998491475
2023-10-25,171.10000610351562,0.30829999999999996,0.0559,167.27600173950194,60,0.1643835616438356,5.985884151138279,-0.3756824835068947,2.661822267211581,-2411.854485689245,16291.482096907195,0.0,True,False,-0.6856832596905136,410.4420556882278,2325.2159428032473
2023-10-26,166.88999938964844,0.32780000000000004,0.0559,167.27600173950194,59,0.16164383561643836,8.190920257851062,-0.4534584508625811,2.661822267211581,-2412.2238911423105,16457.05344095277,-20.702580176128706,False,False,0.0,0.0,2325.2159428032473
2023-10-27,168.22000122070312,0.3178,0.0559,167.27600173950194,58,0.1589041095890411,7.278438804459228,-0.42940825897779145,2.661822267211581,-2412.5933531744067,16346.797816920547,-14.30084654716427,False,False,0.0,0.0,2325.2159428032473
2023-10-30,170.2899932861328,0.311,0.055999999999999994,167.27600173950194,55,0.1506849315068493,6.071305683862093,-0.39043678960277206,2.661822267211581,-2413.7040626970806,16231.368931951434,-3.927334050326195,False,False,0.0,0.0,2325.2159428032473
2023-10-31,170.77000427246094,0.29850000000000004,0.0559,167.27600173950194,54,0.14794520547945206,5.513593915362122,-0.3784744870142076,2.661822267211581,-2414.073751435824,16130.54738143759,-0.7431817105898375,False,False,0.0,0.0,2325.2159428032473
2023-11-01,173.97000122070312,0.2773,0.055700000000000006,167.27600173950194,53,0.14520547945205478,3.845803966310825,-0.30828857693692246,3.2437140874168864,-2638.2263608255494,16006.24261154138,0.0,True,False,0.5818918202053052,-223.7841870109388,2549.000129814186
2023-11-02,177.57000732421875,0.27690000000000003,0.055400000000000005,167.27600173950194,52,0.14246575342465753,2.7998455362174823,-0.24222173341036146,3.2437140874168864,-2638.6268233815,16026.56374988237,21.43019510582731,False,False,0.0,0.0,2549.000129814186
2023-11-03,176.64999389648438,0.2193,0.0553,167.27600173950194,51,0.13972602739726028,1.8105545863058765,-0.2117403998057401,3.2437140874168864,-2639.0266237035075,15613.264907708693,31.3174682274837,False,False,0.0,0.0,2549.000129814186
2023-11-06,179.22999572753906,0.21420000000000003,0.0556,167.27600173950194,48,0.13150684931506848,1.1531205060732788,-0.15349021300522114,3.2437140874168864,-2640.2328983239863,15656.80599743384,50.21216337943456,False,False,0.0,0.0,2549.000129814186
2023-11-07,181.82000732421875,0.2086,0.0555,167.27600173950194,47,0.12876712328767123,0.715669786471846,-0.10625531081114903,3.2437140874168864,-2640.634388918339,15773.509160335272,65.53381514590161,False,False,0.0,0.0,2549.000129814186
2023-11-08,182.88999938964844,0.2072,0.055400000000000005,167.27600173950194,46,0.12602739726027398,0.5734238447608391,-0.08932760329510392,10.0,-3028.4567614242014,15833.967022301484,10.672396704896087,True,False,6.756285912583113,-387.4215444296903,2936.421674243876
2023-11-09,182.41000366210938,0.2364,0.055400000000000005,167.27600173950194,45,0.1232876712328767,0.9416021760611812,-0.12155811021129748,10.0,-3028.9164579662697,16153.686084305848,-21.558110211297475,False,False,0.0,0.0,2936.421674243876
2023-11-10,186.39999389648438,0.203,0.0553,167.27600173950194,44,0.12054794520547946,0.26811045315072946,-0.04788857661586099,10.0,-3029.3753943207776,15878.73444847839,52.11142338413901,False,False,0.0,0.0,2936.421674243876
2023-11-13,184.8000030517578,0.2147,0.0555,167.27600173950194,41,0.11232876712328767,0.3944059572290648,-0.06588412416189016,10.0,-3030.7576027132563,15843.64865969159,34.115875838109844,False,False,0.0,0.0,2936.421674243876
2023-11-14,187.44000244140625,0.1963,0.0552,167.27600173950194,40,0.1095890410958904,0.1462364438096566,-0.03025887825223561,10.0,-3031.2159875646885,15859.020700385592,69.7411217477644,False,False,0.0,0.0,2936.421674243876
2023-11-15,188.00999450683594,0.2104,0.0553,167.27600173950194,39,0.10684931506849316,0.18021415239809446,-0.034431616161865186,10.0,-3031.675272340074,15949.538330741612,65.56838383813482,False,False,0.0,0.0,2936.421674243876
2023-11-16,189.7100067138672,0.2071,0.055099999999999996,167.27600173950194,38,0.10410958904109589,0.10936130681675049,-0.022609333897286588,10.0,-3032.1329652623444,16048.229012941125,77.39066610271341,False,False,0.0,0.0,2936.421674243876
2023-11-17,189.69000244140625,0.20350000000000001,0.055,167.27600173950194,37,0.10136986301369863,0.09087953012865757,-0.01973648149882823,10.0,-3032.5898964359917,16027.289877833293,80.26351850117177,False,False,0.0,0.0,2936.421674243876
2023-11-20,191.4499969482422,0.1869,0.055400000000000005,167.27600173950194,34,0.09315068493150686,0.023303440862940228,-0.006472098907514878,10.0,-3033.9710778284602,16134.332057858697,93.52790109248512,False,False,0.0,0.0,2936.421674243876
2023-11-21,190.63999938964844,0.18730000000000002,0.0553,167.27600173950194,33,0.09041095890410959,0.026450694672309982,-0.007375816742004937,10.0,-3034.4307800505135,16056.019853586638,92.62418325799506,False,False,0.0,0.0,2936.421674243876
2023-11-22,191.30999755859375,0.17989999999999998,0.055400000000000005,167.27600173950194,32,0.08767123287671233,0.013410548073398143,-0.004168250400857776,10.0,-3034.891383402856,16109.51892052992,95.83174959914223,False,False,0.0,0.0,2936.421674243876
2023-11-24,189.97000122070312,0.1884,0.055400000000000005,167.27600173950194,30,0.0821917808219178,0.02316500829416479,-0.006818143064726057,10.0,-3035.8127998663367,15984.352330498139,93.18185693527394,False,False,0.0,0.0,2936.421674243876
2023-11-27,189.7899932861328,0.18480000000000002,0.054900000000000004,180.30049362182618,90,0.2465753424657534,2.3812734887553333,-0.225915947900313,4.426425001395904,-4077.8661427979123,15955.186036394152,1.4210854715202004e-14,True,True,4.426425001395904,-1054.0528505787854,3977.104849523511
2023-11-28,190.39999389648438,0.1821,0.0547,180.30049362182618,89,0.24383561643835616,2.1529114109483345,-0.21202777314700771,4.426425001395904,-4078.4773099020604,15914.4921692676,6.147496395178607,False,False,0.0,0.0,3977.104849523511
2023-11-29,189.3699951171875,0.1857,0.0545,180.30049362182618,88,0.2410958904109589,2.462407306902456,-0.233325267591189,4.426425001395904,-4079.0863334880037,15947.879304920045,-3.2796797923028294,False,False,0.0,0.0,3977.104849523511
2023-11-30,189.9499969482422,0.1814,0.0545,180.30049362182618,87,0.23835616438356164,2.1891348674049453,-0.21779770796228537,4.591416545913162,-4115.814322310108,15884.308377657959,0.0,True,False,0.1649915445172585,-36.118874292972585,4013.2237238164835
2023-12-01,191.24000549316406,0.17870000000000003,0.0543,180.30049362182618,86,0.2356164383561644,1.8343294402890962,-0.19216535242779464,4.591416545913162,-4116.426665713978,15849.790937882328,11.768882131178955,False,False,0.0,0.0,4013.2237238164835
2023-12-04,189.42999267578125,0.18730000000000002,0.0546,180.30049362182618,83,0.2273972602739726,2.3742510455565835,-0.2306524930650976,4.591416545913162,-4118.274397236545,15914.842423813592,-5.902167301521004,False,False,0.0,0.0,4013.2237238164835
2023-12-05,193.4199981689453,0.1869,0.0545,180.30049362182618,82,0.22465753424657534,1.5583503356837909,-0.16468359223229334,4.591416545913162,-4118.88936357097,15938.614004882349,24.386902978423194,False,False,0.0,0.0,4013.2237238164835
2023-12-06,192.32000732421875,0.1845,0.0545,180.30049362182618,81,0.2219178082191781,1.669665979017175,-0.17744866532294323,4.591416545913162,-4119.504421735991,15879.10951090666,18.525926198603116,False,False,0.0,0.0,4013.2237238164835
2023-12-07,194.27000427246094,0.1838,0.054400000000000004,180.30049362182618,80,0.2191780821917808,1.3183408583926273,-0.14713042021418477,6.796690980317003,-4410.848782029919,15912.18718733823,0.0,True,False,2.20527443440384,-290.73033908432745,4303.954062900811
2023-12-08,195.7100067138672,0.17620000000000002,0.054400000000000004,180.30049362182618,79,0.21643835616438356,0.961558966981908,-0.1179973639551618,6.796690980317003,-4411.506228758272,15813.036358421334,19.800838070476914,False,False,0.0,0.0,4303.954062900811
2023-12-11,193.17999267578125,0.18539999999999998,0.0547,180.30049362182618,76,0.20821917808219179,1.4360023761485365,-0.16047624172418384,6.796690980317003,-4413.490039529824,15880.515667816555,-9.070742468193146,False,False,0.0,0.0,4303.954062900811
2023-12-12,194.7100067138672,0.17370000000000002,0.0546,180.30049362182618,75,0.2054794520547945,0.9689874026876737,-0.12336227145019851,6.796690980317003,-4414.150298655257,15715.441166720275,16.154476232301803,False,False,0.0,0.0,4303.954062900811
2023-12-13,197.9600067138672,0.1745,0.054400000000000004,180.30049362182618,74,0.20273972602739726,0.6305488593744819,-0.08551635346721953,6.796690980317003,-4414.808237481937,15809.757008420753,41.877177171974836,False,False,0.0,0.0,4303.954062900811
2023-12-14,198.11000061035156,0.1797,0.0543,180.30049362182618,73,0.2,0.6768198269994912,-0.08891782783257773,10.0,-4632.271370312003,15855.548517722644,11.082172167422272,True,False,3.2033090196829974,-216.80630565277556,4520.760368553586
2023-12-15,197.57000732421875,0.177,0.054400000000000004,180.30049362182618,72,0.19726027397260273,0.6714890899126438,-0.09023033692180604,10.0,-4632.9618205649485,15795.52800176957,9.769663078193958,False,False,0.0,0.0,4520.760368553586
2023-12-18,195.88999938964844,0.179,0.0546,180.30049362182618,69,0.18904109589041096,0.8190032758247128,-0.10802829062459818,10.0,-4635.0414081038225,15772.961806685737,-8.028290624598185,False,False,0.0,0.0,4520.760368553586
2023-12-19,196.94000244140625,0.1796,0.0543,180.30049362182618,68,0.1863013698630137,0.7058293910905178,-0.09543926305872641,10.0,-4635.731001173543,15764.098634057602,4.560736941273589,False,False,0.0,0.0,4520.760368553586
2023-12-20,194.8300018310547,0.18710000000000002,0.054400000000000004,180.30049362182618,67,0.18356164383561643,1.0428274556511674,-0.12892580628405204,10.0,-4636.42196709209,15889.405671664546,-28.925806284052044,False,False,0.0,0.0,4520.760368553586
2023-12-21,194.67999267578125,0.1881,0.0542,180.30049362182618,66,0.18082191780821918,1.0599843525043475,-0.13096485076667252,7.635636540231728,-4386.49166801873,15890.873124965,1.4210854715202004e-14,True,False,-2.3643634597682723,250.6188270987411,4270.141541454845
2023-12-22,193.60000610351562,0.1912,0.054400000000000004,180.30049362182618,65,0.1780821917808219,1.2442085328221495,-0.1485986373068644,7.635636540231728,-4387.145484265579,15922.887539774474,-13.464518484893532,False,False,0.0,0.0,4270.141541454845
2023-12-26,193.0500030517578,0.1973,0.0545,180.30049362182618,61,0.16712328767123288,1.3453129556626706,-0.15857196825209185,7.635636540231728,-4389.766534626183,15942.465846780102,-21.079791504213787,False,False,0.0,0.0,4270.141541454845
2023-12-27,193.14999389648438,0.19829999999999998,0.054400000000000004,180.30049362182618,60,0.1643835616438356,1.3227877889645434,-0.15680413162928075,7.635636540231728,-4390.420838999115,15934.611228288322,-19.72993571278417,False,False,0.0,0.0,4270.141541454845
2023-12-28,193.5800018310547,0.2,0.0545,180.30049362182618,59,0.16164383561643836,1.2612963342111918,-0.15067093716305746,7.635636540231728,-4391.076443932034,15930.003776929767,-15.04685133532,False,False,0.0,0.0,4270.141541454845
2023-12-29,192.52999877929688,0.2027,0.054000000000000006,180.30049362182618,58,0.1589041095890411,1.454664296850403,-0.16883104053510523,5.923081424070646,-4142.606852309842,15972.002533113186,0.0,True,False,-1.7125551161610817,249.11927838680205,4021.022263068043
2024-01-02,185.63999938964844,0.2489,0.0546,180.30049362182618,54,0.14794520547945206,4.08281520001492,-0.3310242177515065,5.923081424070646,-4145.0863483934445,16837.198277483563,-96.06833950814644,False,False,0.0,0.0,4021.022263068043
2024-01-03,184.25,0.2519,0.05480000000000001,180.30049362182618,53,0.14520547945205478,4.588886241119312,-0.36068279364505107,5.923081424070646,-4145.708725885523,16997.325959309193,-113.63535550209079,False,False,0.0,0.0,4021.022263068043
2024-01-04,181.91000366210938,0.2572,0.05480000000000001,180.30049362182618,52,0.14246575342465753,5.5812325122018365,-0.41273865529528697,5.923081424070646,-4146.331196826496,17350.478631028625,-144.46846621754116,False,False,0.0,0.0,4021.022263068043
2024-01-05,181.17999267578125,0.24910000000000002,0.0547,180.30049362182618,51,0.13972602739726028,5.6200817944495185,-0.4282232352019505,5.923081424070646,-4146.952625078838,17299.866850345443,-153.6401089780108,False,False,0.0,0.0,4021.022263068043
2024-01-08,185.55999755859375,0.2465,0.054900000000000004,180.30049362182618,48,0.13150684931506848,3.7388197101657923,-0.32739342604484034,3.054429076602895,-3076.286894855182,16621.708824494835,1.4210854715202004e-14,True,False,-2.868652347467751,1072.5373938325797,2948.484869235463
2024-01-09,185.13999938964844,0.24989999999999998,0.0547,180.30049362182618,47,0.12876712328767123,3.9091383850653116,-0.33769713690006065,3.054429076602895,-3076.7479510270173,16631.270582718626,-3.147195403309368,False,False,0.0,0.0,2948.484869235463
2024-01-10,186.19000244140625,0.24530000000000002,0.0546,180.30049362182618,46,0.12602739726027398,3.4055629695597887,-0.31147715147412547,3.054429076602895,-3077.2082332284335,16581.997066554744,4.861513183998682,False,False,0.0,0.0,2948.484869235463
2024-01-11,185.58999633789062,0.2516,0.0546,180.30049362182618,45,0.1232876712328767,3.6902840181032346,-0.32719399797353876,3.054429076602895,-3077.668584288173,16608.502130082637,0.06091388996745195,False,False,0.0,0.0,2948.484869235463
2024-01-12,185.9199981689453,0.2438,0.0545,180.30049362182618,44,0.12054794520547946,3.348764971540085,-0.31471834841692925,3.054429076602895,-3078.1281608936374,16536.728165979024,3.8715125654890556,False,False,0.0,0.0,2948.484869235463
2024-01-16,183.6300048828125,0.2566,0.0545,180.30049362182618,40,0.1095890410958904,4.193905361528138,-0.37138294546550255,2.6926384536763526,-2928.2355903621155,16564.031982672146,0.0,True,False,-0.3617906229265424,151.7315633242231,2796.75330591124
2024-01-17,182.67999267578125,0.263,0.0547,180.30049362182618,39,0.10684931506849316,4.639589444882702,-0.39609045689547506,2.6926384536763526,-2928.6744574566583,16588.598504977675,-6.652839537099197,False,False,0.0,0.0,2796.75330591124
2024-01-18,188.6300048828125,0.25079999999999997,0.0545,180.30049362182618,38,0.10410958904109589,2.395858348145161,-0.25185325159626426,2.6926384536763526,-2929.111785332876,16579.006734726092,32.185025006847354,False,False,0.0,0.0,2796.75330591124
2024-01-19,191.55999755859375,0.2408,0.0545,180.30049362182618,37,0.10136986301369863,1.5279976896283145,-0.18392441390355918,2.6926384536763526,-2929.549178513611,16637.885110967945,50.475805055339094,False,False,0.0,0.0,2796.75330591124
2024-01-22,193.88999938964844,0.2411,0.0546,180.30049362182618,34,0.09315068493150686,1.0248518072743487,-0.1371045786748446,2.6926384536763526,-2930.8641589088975,16734.091318614606,63.08269392850186,False,False,0.0,0.0,2796.75330591124
2024-01-23,195.17999267578125,0.23320000000000002,0.0545,180.30049362182618,33,0.09041095890410959,0.7340992893302847,-0.10818868041489282,9.24311116620611,-3412.1715500695,16784.3638513399,-1.4210854715202004e-14,True,False,6.550472712529757,-480.86973630455174,3277.623042215792
2024-01-24,194.5,0.239,0.054400000000000004,180.30049362182618,32,0.08767123287671233,0.8396715704011228,-0.12019492565087275,9.24311116620611,-3412.680141756278,16813.437625075767,-11.097505940489512,False,False,0.0,0.0,3277.623042215792
2024-01-25,194.1699981689453,0.24300000000000002,0.054400000000000004,180.30049362182618,31,0.08493150684931507,0.8859474134277612,-0.12566358684232737,9.24311116620611,-3413.188809249767,16822.702050617318,-16.152250272782723,False,False,0.0,0.0,3277.623042215792
2024-01-26,192.4199981689453,0.2452,0.054400000000000004,180.30049362182618,30,0.0821917808219178,1.1109157382954002,-0.1528710342630064,9.24311116620611,-3413.697552561267,16855.134030868496,-41.30039637858712,False,False,0.0,0.0,3277.623042215792
2024-01-29,191.72999572753906,0.2548,0.0542,182.14349594116212,90,0.2465753424657534,4.5615011927542355,-0.28288525963027056,3.5350021464780257,-3929.2321974651422,16856.259026043594,0.0,True,True,3.5350021464780257,-1612.4916507548298,3791.6366162267122
2024-01-30,188.0399932861328,0.28300000000000003,0.0542,182.14349594116212,89,0.24383561643835616,6.627311788737558,-0.3473701275479104,2.878773736414847,-3494.9126770446487,17216.93976361365,-1.4210854715202004e-14,True,False,-0.6562284100631786,434.90302781162075,3356.7335884150916
2024-01-31,184.39999389648438,0.2669,0.0542,182.14349594116212,88,0.2410958904109589,7.380218170456743,-0.3977448769323729,2.878773736414847,-3495.431686173128,17069.16552728756,-14.501750550647074,False,False,0.0,0.0,3356.7335884150916
2024-02-01,186.86000061035156,0.2812,0.0542,182.14349594116212,87,0.23835616438356164,6.896881443330585,-0.3635596307373229,2.878773736414847,-3495.9507723766305,17175.505404881227,-4.660591658728521,False,False,0.0,0.0,3356.7335884150916
2024-02-02,185.85000610351562,0.2197,0.0543,182.14349594116212,86,0.2356164383561644,5.131666956850722,-0.3586036528393224,2.878773736414847,-3496.4708936037027,16565.820522688835,-3.2338777576268853,False,False,0.0,0.0,3356.7335884150916
2024-02-05,187.67999267578125,0.21910000000000002,0.0542,182.14349594116212,83,0.2273972602739726,4.391187575916547,-0.32390782249905725,2.878773736414847,-3498.028846533755,16534.093967566343,6.75426675703919,False,False,0.0,0.0,3356.7335884150916
2024-02-06,189.3000030517578,0.2084,0.054400000000000004,182.14349594116212,82,0.22465753424657534,3.526175282871691,-0.2866265398809691,3.4888604537991568,-3713.6775057646078,16446.556149168682,0.0,True,False,0.6100867173843096,-215.12727032488792,3571.8608587399794
2024-02-07,189.41000366210938,0.2023,0.0543,182.14349594116212,81,0.2219178082191781,3.281962081089752,-0.27941511358891047,3.4888604537991568,-3714.230019980915,16371.801117788265,2.515966000585081,False,False,0.0,0.0,3571.8608587399794
2024-02-08,188.32000732421875,0.2043,0.054400000000000004,182.14349594116212,80,0.2191780821917808,3.6280721952850143,-0.3011336560539728,3.4888604537991568,-3714.7836341480884,16383.000858839603,-5.061330391466271,False,False,0.0,0.0,3571.8608587399794
2024-02-09,188.85000610351562,0.1993,0.054400000000000004,182.14349594116212,79,0.21643835616438356,3.2910315283033853,-0.2866089347285792,3.4888604537991568,-3715.3373308326727,16317.858254649276,0.006142191995635926,False,False,0.0,0.0,3571.8608587399794
2024-02-12,187.14999389648438,0.2126,0.0543,182.14349594116212,76,0.20821917808219179,4.126118170777396,-0.3283187338555369,3.4888604537991568,-3716.995861047551,16437.548579973623,-14.54582467899931,False,False,0.0,0.0,3571.8608587399794
2024-02-13,185.0399932861328,0.21920000000000003,0.0545,182.14349594116212,75,0.2054794520547945,5.036723579229744,-0.3740412343102295,2.6735020320529705,-3306.8774071431303,16543.690993866134,0.0,True,False,-0.8153584217461862,410.6734988332566,3161.187359906723
2024-02-14,184.14999389648438,0.22280000000000003,0.0543,182.14349594116212,74,0.20273972602739726,5.460338965134127,-0.3939240109548007,2.6735020320529705,-3307.369398377209,16567.452723169637,-5.315664376211629,False,False,0.0,0.0,3161.187359906723
2024-02-15,183.86000061035156,0.2248,0.0543,182.14349594116212,73,0.2,5.602457928879147,-0.4006788499678794,2.6735020320529705,-3307.861462808853,16575.95686396127,-7.121571958977299,False,False,0.0,0.0,3161.187359906723
2024-02-16,182.30999755859375,0.2325,0.054400000000000004,182.14349594116212,72,0.19726027397260273,6.455663285580101,-0.43470859063531986,2.6735020320529705,-3308.3545068473227,16648.56814023687,-16.219430041441072,False,False,0.0,0.0,3161.187359906723
2024-02-20,181.55999755859375,0.2352,0.054400000000000004,182.14349594116212,68,0.1863013698630137,6.715107212037822,-0.45264375016946423,2.6735020320529705,-3310.3274180037492,16640.957615539293,-21.014398587413993,False,False,0.0,0.0,3161.187359906723
2024-02-21,182.32000732421875,0.2324,0.054400000000000004,182.14349594116212,67,0.18356164383561643,6.250133207526773,-0.436518564961764,2.2908533113307405,-3071.6602819779087,16592.15428591606,0.0,True,False,-0.38264872072223,239.16054762036475,2922.026812286358
2024-02-22,184.3699951171875,0.2151,0.0545,182.14349594116212,66,0.18082191780821918,4.837260608122847,-0.3873216571279934,2.2908533113307405,-3072.118961386321,16473.025998521225,11.270289921822666,False,False,0.0,0.0,2922.026812286358
2024-02-23,182.52000427246094,0.2172,0.0546,182.14349594116212,65,0.1780821917808219,5.617899364465586,-0.4307597124042074,2.2908533113307405,-3072.578551089822,16466.400212337154,1.3192686450943967,False,False,0.0,0.0,2922.026812286358
2024-02-26,181.16000366210938,0.21300000000000002,0.0547,182.14349594116212,62,0.16986301369863013,5.985890453994898,-0.46491410649580156,2.2908533113307405,-3073.960259311462,16413.319803679206,-6.505002035027957,False,False,0.0,0.0,2922.026812286358
2024-02-27,182.6300048828125,0.21739999999999998,0.0545,182.14349594116212,61,0.16712328767123288,5.422662445760821,-0.429779759489784,2.2908533113307405,-3074.419282166788,16430.833628124463,1.5437614829899076,False,False,0.0,0.0,2922.026812286358
2024-02-28,181.4199981689453,0.219,0.0545,182.14349594116212,60,0.1643835616438356,5.967903052612655,-0.45998585779030765,2.1739798801724617,-3005.1294429083796,16434.280490306126,0.0,True,False,-0.11687343115827886,69.74893065788075,2852.277881628477
2024-02-29,180.75,0.2152,0.0545,182.14349594116212,59,0.16164383561643836,6.131963088731695,-0.4775447539171841,2.1739798801724617,-3005.5781875183106,16402.49825056798,-3.817268689786758,False,False,0.0,0.0,2852.277881628477
2024-03-01,179.66000366210938,0.2193,0.0542,182.14349594116212,58,0.1589041095890411,6.7512344692633235,-0.5059094566951767,2.1739798801724617,-3006.024528431469,16427.680628029997,-9.983698004429556,False,False,0.0,0.0,2852.277881628477
2024-03-04,175.10000610351562,0.23760000000000003,0.05480000000000001,182.14349594116212,55,0.1506849315068493,9.685401853579378,-0.6148356109668187,2.1739798801724617,-3007.37877978374,16608.208706674486,-33.664024785540676,False,False,0.0,0.0,2852.277881628477
2024-03-05,170.1199951171875,0.24989999999999998,0.0547,182.14349594116212,54,0.14794520547945206,13.276627299260426,-0.7184411428139726,2.1739798801724617,-3007.8295084039432,16890.48206582887,-56.18765895656867,False,False,0.0,0.0,2852.277881628477
2024-03-06,169.1199951171875,0.251,0.0547,182.14349594116212,53,0.14520547945205478,14.0000521564681,-0.7404621873451267,1.3505078545407259,-1855.4151737530835,16947.302378094664,0.0,True,False,-0.8234720256317358,1152.8651308236738,1699.4127508048034
2024-03-07,169.0,0.2464,0.0547,182.14349594116212,52,0.14246575342465753,13.967078153906286,-0.7501675378637351,1.3505078545407259,-1855.6932526990386,16930.571622484422,-1.3107152106451565,False,False,0.0,0.0,1699.4127508048034
2024-03-08,170.72999572753906,0.2421,0.0546,182.14349594116212,51,0.13972602739726028,12.577660759433698,-0.7209005123461305,1.3505078545407259,-1855.970864836627,16915.651672653665,2.6418195734117234,False,False,0.0,0.0,1699.4127508048034
2024-03-11,172.75,0.23870000000000002,0.05480000000000001,182.14349594116212,48,0.13150684931506848,10.978286151741614,-0.6862183475930903,1.3505078545407259,-1856.8070027422586,16900.819164990015,7.325673164557358,False,False,0.0,0.0,1699.4127508048034
2024-03-12,173.22999572753906,0.2263,0.05480000000000001,182.14349594116212,47,0.12876712328767123,10.339726804917873,-0.688064521648456,1.3505078545407259,-1857.0857990780905,16862.302000060503,7.076345908295295,False,False,0.0,0.0,1699.4127508048034
2024-03-13,171.1300048828125,0.2275,0.05480000000000001,182.14349594116212,46,0.12602739726027398,11.835117896404611,-0.7409828348108876,1.3495589277114879,-1856.241571184797,16853.977818857536,0.0,True,False,-0.0009489268292379727,1.1230660899092813,1698.289684714894
2024-03-14,173.0,0.22829999999999998,0.05480000000000001,182.14349594116212,45,0.1232876712328767,10.474728913340869,-0.6978164615396948,1.3495589277114879,-1856.520282622066,16857.106109413617,5.825556442506468,False,False,0.0,0.0,1698.289684714894
2024-03-15,172.6199951171875,0.22219999999999998,0.05480000000000001,182.14349594116212,44,0.12054794520547946,10.584205209376037,-0.7163025191896062,1.3495589277114879,-1856.7990359073715,16833.60133911577,3.330754028543751,False,False,0.0,0.0,1698.289684714894
2024-03-18,173.72000122070312,0.2323,0.05480000000000001,182.14349594116212,41,0.11232876712328767,9.913682849158036,-0.6879962133155492,1.3495589277114879,-1857.6355469143473,16852.27449471411,7.150856808830326,False,False,0.0,0.0,1698.289684714894
2024-03-19,176.0800018310547,0.2217,0.05480000000000001,182.14349594116212,40,0.1095890410958904,8.085285400098883,-0.6341197995138539,1.3495589277114879,-1857.9144676546427,16841.242624930706,14.421796332745956,False,False,0.0,0.0,1698.289684714894
2024-03-20,178.6699981689453,0.21100000000000002,0.0547,182.14349594116212,39,0.10684931506849316,6.247621046261244,-0.5635349894558543,1.7745127076591878,-2123.687939109333,16851.960171708157,1.4210854715202004e-14,True,False,0.4249537799476999,-265.49501792895194,1963.784702643846
2024-03-21,171.3699951171875,0.24300000000000002,0.05480000000000001,182.14349594116212,38,0.10410958904109589,11.693874575936263,-0.7471811865786914,1.7745127076591878,-2124.0068071527,17088.08560824321,-32.588251050775824,False,False,0.0,0.0,1963.784702643846
2024-03-22,172.27999877929688,0.231,0.0546,182.14349594116212,37,0.10136986301369863,10.771905741733207,-0.7405205305478014,1.7745127076591878,-2124.324559059772,17015.16368131117,-31.406309173959727,False,False,0.0,0.0,1963.784702643846
2024-03-25,170.85000610351562,0.23320000000000002,0.0546,182.14349594116212,34,0.09315068493150686,11.801805181384395,-0.7859018581686874,1.7745127076591878,-2125.278100023985,17053.967837096043,-39.45928342933044,False,False,0.0,0.0,1963.784702643846
2024-03-26,169.7100067138672,0.22940000000000002,0.0546,182.14349594116212,33,0.09041095890410959,12.636587647680784,-0.8209465965480043,1.7745127076591878,-2125.5960421167633,17087.783165495825,-45.67801678839939,False,False,0.0,0.0,1963.784702643846
2024-03-27,173.30999755859375,0.2214,0.0545,182.14349594116212,32,0.08767123287671233,9.666237485006206,-0.7430169524346317,1.3458643126826595,-1711.5717309906445,16920.372431767257,0.0,True,False,-0.4286483949765283,414.3417183409864,1549.4429843028597
2024-03-28,171.47999572753906,0.2259,0.0546,182.14349594116212,31,0.08493150684931507,11.106309283869507,-0.7918943898938868,1.3458643126826595,-1711.827782515424,16930.93032131609,-6.578239877179001,False,False,0.0,0.0,1549.4429843028597
2024-04-01,170.02999877929688,0.2655,0.054400000000000004,161.52849884033202,90,0.2465753424657534,4.349797476692871,-0.2888569568846441,3.4619211210459198,-1514.6542255781442,16994.21122803507,1.4210854715202004e-14,True,True,3.4619211210459198,-1505.8655756835294,1351.2485923483484
2024-04-02,168.83999633789062,0.2727,0.0542,161.52849884033202,89,0.24383561643835616,4.883506696467883,-0.31057189964300635,3.4619211210459198,-1514.8791580563513,17059.751973459846,-7.5175418977477335,False,False,0.0,0.0,1351.2485923483484
2024-04-03,169.64999389648438,0.27399999999999997,0.0542,161.52849884033202,88,0.2410958904109589,4.638123973677935,-0.2983954142646317,3.4619211210459198,-1515.1041239379708,17055.577200360975,-3.302138706597532,False,False,0.0,0.0,1351.2485923483484
2024-04-04,168.82000732421875,0.2856,0.0541,161.52849884033202,87,0.23835616438356164,5.194166331403331,-0.3160246264458355,3.1643103616527597,-1360.7447294390236,17164.8514372436,0.0,True,False,-0.29761075939316006,154.58397863033295,1196.6646137180155
2024-04-05,169.5800018310547,0.2759,0.0543,161.52849884033202,86,0.2356164383561644,4.637949093522472,-0.29954410233681195,3.1643103616527597,-1360.9471785764656,17064.644041874122,5.214949320365136,False,False,0.0,0.0,1196.6646137180155
2024-04-08,168.4499969482422,0.2749,0.0543,161.52849884033202,83,0.2273972602739726,4.8424145580969125,-0.31568324111758495,3.1643103616527597,-1361.5547067268142,17015.73524425783,0.10802491314994711,False,False,0.0,0.0,1196.6646137180155
2024-04-09,169.6699981689453,0.2666,0.0543,161.52849884033202,82,0.22465753424657534,4.200954447632704,-0.29154860046712416,3.1643103616527597,-1361.7572763712108,16934.55490927086,7.744974261651848,False,False,0.0,0.0,1196.6646137180155
2024-04-10,167.77999877929688,0.27399999999999997,0.0545,161.52849884033202,81,0.2219178082191781,4.950957600827806,-0.3254827926646414,3.1643103616527597,-1361.960622433141,16982.675899136837,-2.99285733684016,False,False,0.0,0.0,1196.6646137180155
2024-04-11,175.0399932861328,0.2707,0.0545,161.52849884033202,80,0.2191780821917808,2.8816877785396073,-0.214325872795875,4.665792267424497,-1794.8442046160467,17053.690779421413,0.0,True,False,1.5014819057717377,-432.6802057560775,1629.3448194740931
2024-04-12,176.5500030517578,0.2888,0.0545,161.52849884033202,79,0.21643835616438356,2.9566513183293495,-0.20701988082678913,4.665792267424497,-1795.1122219104059,17239.400169118526,3.4088240835226316,False,False,0.0,0.0,1629.3448194740931
2024-04-15,172.69000244140625,0.3018,0.0545,161.52849884033202,76,0.20821917808219179,4.059868870810256,-0.2622446372860915,4.665792267424497,-1795.9165139494407,17367.334208609576,-22.35790008229877,False,False,0.0,0.0,1629.3448194740931
2024-04-16,169.3800048828125,0.3091,0.0545,161.52849884033202,75,0.2054794520547945,5.157898856530359,-0.312517332712812,4.665792267424497,-1796.1846913676957,17548.384257009253,-45.81409544075672,False,False,0.0,0.0,1629.3448194740931
2024-04-17,168.0,0.31120000000000003,0.0545,161.52849884033202,74,0.20273972602739726,5.6132663165329575,-0.33386760634849544,4.665792267424497,-1796.4529088318698,17622.580548635517,-55.77568960443361,False,False,0.0,0.0,1629.3448194740931
2024-04-18,167.0399932861328,0.30870000000000003,0.0546,161.52849884033202,73,0.2,5.821510756883335,-0.34784025475956837,2.8748828990227504,-754.1418433249939,17623.473657432376,1.4210854715202004e-14,True,False,-1.790909368401747,1042.579815275391,586.7650041987022
2024-04-19,165.0,0.3118,0.0545,161.52849884033202,72,0.19726027397260273,6.6036521850620105,-0.38192756842071274,2.8748828990227504,-754.2544564731943,17644.218217319703,-9.79970351180485,False,False,0.0,0.0,586.7650041987022
2024-04-22,165.83999633789062,0.2926,0.0542,161.52849884033202,69,0.18904109589041096,5.619856858725051,-0.36271656907308025,2.8748828990227504,-754.5905361879195,17445.052135411577,-4.276766162040261,False,False,0.0,0.0,586.7650041987022
2024-04-23,166.89999389648438,0.287,0.0545,161.52849884033202,68,0.1863013698630137,5.046005084515386,-0.3416438625907181,2.8748828990227504,-754.7032163377274,17385.963545896226,1.78139018818662,False,False,0.0,0.0,586.7650041987022
2024-04-24,169.02000427246094,0.2887,0.0546,161.52849884033202,67,0.18356164383561643,4.357186889390995,-0.30523728044812226,2.8748828990227504,-754.8161201125446,17399.82451474918,12.247856229548205,False,False,0.0,0.0,586.7650041987022
2024-04-25,169.88999938964844,0.2942,0.0547,161.52849884033202,66,0.18082191780821918,4.18735716857438,-0.2928637821309146,3.4145567359810465,-980.9099585956312,17437.88684296063,1.4210854715202004e-14,True,False,0.5396738369582961,-225.98071098793622,812.7457151866383
2024-04-26,169.3000030517578,0.2872,0.0546,161.52849884033202,65,0.1780821917808219,4.142147910901379,-0.2985606393432243,3.4145567359810465,-981.0567029511391,17363.303507284454,-1.9452242168214298,False,False,0.0,0.0,812.7457151866383
2024-04-29,173.5,0.2917,0.0545,161.52849884033202,62,0.16986301369863013,2.9990018601261497,-0.2321416999057062,3.4145567359810465,-981.4962610391485,17392.529939232194,20.73389948848802,False,False,0.0,0.0,812.7457151866383
2024-04-30,170.3300018310547,0.2982,0.0546,161.52849884033202,61,0.16712328767123288,3.915449417064373,-0.28399102875665583,3.4145567359810465,-981.6430931056368,17388.30950814285,3.0296519800773893,False,False,0.0,0.0,812.7457151866383
2024-05-01,169.3000030517578,0.3013,0.0546,161.52849884033202,60,0.1643835616438356,4.239938437113459,-0.30180436647086595,3.4145567359810465,-981.789947138236,17395.961393096615,-3.052813248158756,False,False,0.0,0.0,812.7457151866383
2024-05-02,173.02999877929688,0.2896,0.0546,161.52849884033202,59,0.16164383561643836,2.926447643200248,-0.23429660111375117,4.268094352399501,-1231.7201377352867,17320.31520604798,0.0,True,False,0.8535376164184547,-249.7833145950544,1062.5290297816928
2024-05-03,183.3800048828125,0.1995,0.0545,161.52849884033202,58,0.1589041095890411,0.24645892915476963,-0.04057115109373988,4.268094352399501,-1231.9040658432943,17211.287418800348,82.6838499146462,False,False,0.0,0.0,1062.5290297816928
2024-05-06,181.7100067138672,0.2057,0.0545,161.52849884033202,55,0.1506849315068493,0.3338201091770081,-0.05291892040155988,4.268094352399501,-1232.4560149754539,17081.022228680842,77.41370546990235,False,False,0.0,0.0,1062.5290297816928
2024-05-07,182.39999389648438,0.2011,0.0545,161.52849884033202,54,0.14794520547945206,0.256640274982618,-0.04326859268053396,4.268094352399501,-1232.6400529692255,17116.89582750437,81.53255639439386,False,False,0.0,0.0,1062.5290297816928
2024-05-08,182.74000549316406,0.1981,0.0545,161.52849884033202,53,0.14520547945205478,0.21441489734075336,-0.037779616136621286,4.268094352399501,-1232.8241184446945,17132.690732112747,83.87530337314656,False,False,0.0,0.0,1062.5290297816928
2024-05-09,184.57000732421875,0.19510000000000002,0.0546,161.52849884033202,52,0.14246575342465753,0.134073599229934,-0.025394688373837515,10.0,-1309.8582712784983,17281.21606037331,74.60531162616249,True,False,5.731905647600499,-76.84972206201847,1139.3787518437111
2024-05-10,183.0500030517578,0.20149999999999998,0.0547,161.52849884033202,51,0.13972602739726028,0.20240637044467213,-0.03595095738794374,10.0,-1310.054585296288,17197.352090324162,64.04904261205627,False,False,0.0,0.0,1139.3787518437111
2024-05-13,186.27999877929688,0.2189,0.0545,161.52849884033202,48,0.13150684931506848,0.1570647228421631,-0.027053627577036554,10.0,-1310.6415494207556,17474.423051351096,72.94637242296345,False,False,0.0,0.0,1139.3787518437111
2024-05-14,187.42999267578125,0.2144,0.054400000000000004,161.52849884033202,47,0.12876712328767123,0.10608175063638425,-0.019574741328935108,10.0,-1310.836903431127,17538.244114783385,80.4252586710649,False,False,0.0,0.0,1139.3787518437111
2024-05-15,189.72000122070312,0.20989999999999998,0.0545,161.52849884033202,46,0.12602739726027398,0.05485367741859459,-0.01106029529359187,10.0,-1311.0326457464212,17715.821153742487,88.93970470640812,False,False,0.0,0.0,1139.3787518437111
2024-05-16,189.83999633789062,0.2059,0.0545,161.52849884033202,45,0.1232876712328767,0.042676668426660624,-0.009065065269897032,10.0,-1311.2284172911745,17715.44788492455,90.93493473010297,False,False,0.0,0.0,1139.3787518437111
2024-05-17,189.8699951171875,0.2018,0.0546,161.52849884033202,44,0.12054794520547946,0.0331341975656525,-0.0074206080406818975,10.0,-1311.4245773641078,17708.709131920295,92.5793919593181,False,False,0.0,0.0,1139.3787518437111
2024-05-20,191.0399932861328,0.1998,0.0545,161.52849884033202,41,0.11232876712328767,0.017309305449518364,-0.004259866080621677,10.0,-1312.012155307422,17809.29647875538,95.74013391937832,False,False,0.0,0.0,1139.3787518437111
2024-05-21,192.35000610351562,0.19820000000000002,0.0545,161.52849884033202,40,0.1095890410958904,0.010273736446561266,-0.002672727285036758,10.0,-1312.2080731186325,17933.06627367949,97.32727271496324,False,False,0.0,0.0,1139.3787518437111
2024-05-22,190.89999389648438,0.2024,0.0545,161.52849884033202,39,0.10684931506849316,0.01624960253229113,-0.004068805310577628,10.0,-1312.4040201855082,17793.84497199522,95.93119468942237,False,False,0.0,0.0,1139.3787518437111
2024-05-23,186.8800048828125,0.21280000000000002,0.0546,161.52849884033202,38,0.10410958904109589,0.0571199798560742,-0.012534266933048155,10.0,-1312.6003561289049,17432.52011200842,87.46573306695184,False,False,0.0,0.0,1139.3787518437111
2024-05-24,189.97999572753906,0.2064,0.0546,161.52849884033202,37,0.10136986301369863,0.01948929410367728,-0.004856481275492763,10.0,-1312.7967214442037,17704.69214541338,95.14351872450723,False,False,0.0,0.0,1139.3787518437111
2024-05-28,189.99000549316406,0.2211,0.0546,161.52849884033202,33,0.09041095890410959,0.022186641919397232,-0.005407337683132285,10.0,-1313.5824765123132,17707.60471472349,94.59266231686772,False,False,0.0,0.0,1139.3787518437111
2024-05-29,190.2899932861328,0.231,0.0546,161.52849884033202,32,0.08767123287671233,0.026629230048113905,-0.006209745124548971,10.0,-1313.7789887530475,17741.849569908347,93.79025487545103,False,False,0.0,0.0,1139.3787518437111
2024-05-30,191.2899932861328,0.2378,0.0546,161.52849884033202,31,0.08493150684931507,0.023816429572503628,-0.0055151646191627934,10.0,-1313.9755303920583,17838.840227793728,94.48483538083721,False,False,0.0,0.0,1139.3787518437111
2024-05-31,192.25,0.22399999999999998,0.0546,161.52849884033202,30,0.0821917808219178,0.009149399932515845,-0.0024520367942190147,10.0,-1314.1721014337434,17919.977298498776,97.54796320578099,False,False,0.0,0.0,1139.3787518437111
2024-06-03,194.02999877929688,0.2299,0.0552,184.32849884033203,90,0.2465753424657534,3.802177966219908,-0.26578282917957397,3.762470296094103,-2741.0661628759817,18092.491880890295,0.0,True,True,3.762470296094103,-1430.558165836589,2565.6764399271065
2024-06-04,194.35000610351562,0.2343,0.0552,184.32849884033203,89,0.24383561643835616,3.823502343253047,-0.263768297226468,3.762470296094103,-2741.4807335446194,18132.10127616052,0.7579616634093611,False,False,0.0,0.0,2565.6764399271065
2024-06-05,195.8699951171875,0.227,0.055099999999999996,184.32849884033203,88,0.2410958904109589,3.190474753791463,-0.23582811717509733,3.762470296094103,-2741.894615710606,18045.511545165995,11.270371414489674,False,False,0.0,0.0,2565.6764399271065
2024-06-06,194.47999572753906,0.22870000000000001,0.055099999999999996,184.32849884033203,87,0.23835616438356164,3.5524010191747593,-0.25668825297340137,3.762470296094103,-2742.3085603605073,18042.271343839344,3.4218072831288566,False,False,0.0,0.0,2565.6764399271065
2024-06-07,196.88999938964844,0.2225,0.0552,184.32849884033203,86,0.2356164383561644,2.76888302503675,-0.21627507115435973,4.623741398685198,-2981.1992125266156,17988.06063353614,1.4210854715202004e-14,True,False,0.8612711025910946,-238.47589359191673,2804.152333519023
2024-06-10,193.1199951171875,0.2104,0.0552,184.32849884033203,83,0.2273972602739726,3.2253742384758866,-0.26119812013102217,4.623741398685198,-2982.5520854005827,17820.777065587536,-20.771256130855676,False,False,0.0,0.0,2804.152333519023
2024-06-11,207.14999389648438,0.2359,0.0552,184.32849884033203,82,0.22465753424657534,1.3340245850854728,-0.11299677100106786,4.623741398685198,-2983.003179441667,18348.814680299125,47.75321520046115,False,False,0.0,0.0,2804.152333519023
2024-06-12,213.07000732421875,0.2586,0.055099999999999996,184.32849884033203,81,0.2219178082191781,1.1148733225452716,-0.08838961636903275,4.623741398685198,-2983.4535243235205,18839.03580167258,59.13092715806005,False,False,0.0,0.0,2804.152333519023
2024-06-13,214.24000549316406,0.24100000000000002,0.055099999999999996,184.32849884033203,80,0.2191780821917808,0.7472421858604221,-0.06729335890768184,4.623741398685198,-2983.9039371940758,18785.602075083018,68.88529105619702,False,False,0.0,0.0,2804.152333519023
2024-06-14,212.49000549316406,0.22870000000000001,0.055099999999999996,184.32849884033203,79,0.21643835616438356,0.6886918888249394,-0.06660712418026027,10.0,-3354.6129871586786,18583.079450982666,33.39287581973973,True,False,5.376258601314802,-370.25856909508184,3174.410902614105
2024-06-17,216.6699981689453,0.2443,0.0552,184.32849884033203,76,0.20821917808219179,0.5736858067098574,-0.05381083331139114,10.0,-3356.135315788686,18884.550307815705,46.189166688608864,False,False,0.0,0.0,3174.410902614105
2024-06-18,214.2899932861328,0.2469,0.055,184.32849884033203,75,0.2054794520547945,0.7303553597215284,-0.06646534083767719,10.0,-3356.6410729129057,18802.713615421904,33.53465916232281,False,False,0.0,0.0,3174.410902614105
2024-06-20,209.67999267578125,0.23829999999999998,0.055,184.32849884033203,73,0.2,0.9230113189095306,-0.0860199413687528,10.0,-3357.6528158199885,18533.35777066767,13.980058631247203,False,False,0.0,0.0,3174.410902614105
2024-06-21,207.49000549316406,0.22469999999999998,0.054900000000000004,184.32849884033203,72,0.19726027397260273,0.893312855652777,-0.08940247007684676,10.0,-3358.157881582443,18284.15552338674,10.597529923153232,False,False,0.0,0.0,3174.410902614105
2024-06-24,208.13999938964844,0.2252,0.055,184.32849884033203,69,0.18904109589041096,0.7847532552697949,-0.08136672938016787,10.0,-3359.6762961309996,18239.076898103638,18.633270619832132,False,False,0.0,0.0,3174.410902614105
2024-06-25,209.07000732421875,0.22010000000000002,0.054900000000000004,184.32849884033203,68,0.1863013698630137,0.6312823083258099,-0.06931203010131703,10.0,-3360.1816662699584,18178.10137447773,30.687969898682965,False,False,0.0,0.0,3174.410902614105
2024-06-26,213.25,0.22160000000000002,0.055,184.32849884033203,67,0.18356164383561643,0.39418551705378135,-0.04561907506502427,10.0,-3360.6880331641632,18358.49748388962,54.380924934975724,False,False,0.0,0.0,3174.410902614105
2024-06-27,214.10000610351562,0.22820000000000001,0.054900000000000004,184.32849884033203,66,0.18082191780821918,0.4000415054597237,-0.04515525150356481,10.0,-3361.1935554909046,18448.848560320384,54.844748496435194,False,False,0.0,0.0,3174.410902614105
2024-06-28,210.6199951171875,0.2397,0.05480000000000001,184.32849884033203,65,0.1780821917808219,0.7034946912725051,-0.07143088617827942,10.0,-3361.6982328461218,18403.795970145133,28.569113821720578,False,False,0.0,0.0,3174.410902614105
2024-07-01,216.75,0.2575,0.0547,184.32849884033203,62,0.16986301369863013,0.47399234671751067,-0.04772525725217336,10.0,-3363.2099553325484,18785.78239138496,52.27474274782664,False,False,0.0,0.0,3174.410902614105
2024-07-02,220.27000427246094,0.2629,0.0547,184.32849884033203,61,0.16712328767123288,0.35480492325782276,-0.03622809498410218,10.0,-3363.714013881079,19018.091336622838,63.77190501589782,False,False,0.0,0.0,3174.410902614105
2024-07-03,221.5500030517578,0.267,0.0547,184.32849884033203,60,0.1643835616438356,0.3247974566145704,-0.033160229252500395,10.0,-3364.218147975004,19115.57961381535,66.83977074749961,False,False,0.0,0.0,3174.410902614105
2024-07-05,226.33999633789062,0.275,0.0546,184.32849884033203,58,0.1589041095890411,0.21475927422525398,-0.022379261784066462,10.0,-3365.224798885026,19483.53410912929,77.62073821593354,False,False,0.0,0.0,3174.410902614105
2024-07-08,227.82000732421875,0.2741,0.0546,184.32849884033203,55,0.1506849315068493,0.15308949872184208,-0.01694164307938817,10.0,-3366.735340052494,19568.35489109122,83.05835692061183,False,False,0.0,0.0,3174.410902614105
2024-07-09,228.67999267578125,0.272,0.0546,184.32849884033203,54,0.14794520547945206,0.12437382443331435,-0.014250171818131041,10.0,-3367.239004434033,19625.134087577408,85.74982818186896,False,False,0.0,0.0,3174.410902614105
2024-07-10,232.97999572753906,0.2795,0.0546,184.32849884033203,53,0.14520547945205478,0.08681869851431889,-0.00998412093355483,10.0,-3367.7427441638797,20017.075527104345,90.01587906644517,False,False,0.0,0.0,3174.410902614105
2024-07-11,227.57000732421875,0.2841,0.054400000000000004,184.32849884033203,52,0.14246575342465753,0.16770043632644516,-0.01825784957714005,10.0,-3368.244713639258,19556.456455109063,81.74215042285995,False,False,0.0,0.0,3174.410902614105
2024-07-12,230.5399932861328,0.2783,0.0543,184.32849884033203,51,0.13972602739726028,0.09756338561237188,-0.011441907812689944,10.0,-3368.7458349901017,19782.81687923555,88.55809218731005,False,False,0.0,0.0,3174.410902614105
2024-07-15,234.39999389648438,0.2884,0.0543,184.32849884033203,48,0.13150684931506848,0.06517788255105716,-0.007796310322902067,10.0,-3370.2496464225683,20134.927625776923,92.20368967709793,False,False,0.0,0.0,3174.410902614105
2024-07-16,234.82000732421875,0.2772,0.0543,184.32849884033203,47,0.12876712328767123,0.040757449331271456,-0.0053261085210923875,10.0,-3370.751066063682,20152.007115689463,94.6738914789076,False,False,0.0,0.0,3174.410902614105
2024-07-17,228.8800048828125,0.2892,0.0543,184.32849884033203,46,0.12602739726027398,0.11006592210232036,-0.01298908273262267,10.0,-3371.252560305102,19626.813850078466,87.01091726737732,False,False,0.0,0.0,3174.410902614105
2024-07-18,224.17999267578125,0.2917,0.0543,184.32849884033203,45,0.1232876712328767,0.18747444201103303,-0.021301927845354895,10.0,-3371.7541291579278,19233.71958043123,78.6980721546451,False,False,0.0,0.0,3174.410902614105
2024-07-19,224.30999755859375,0.29100000000000004,0.0543,184.32849884033203,44,0.12054794520547946,0.17011008042951659,-0.019781385202432222,10.0,-3372.2557726332593,19228.85406365563,80.21861479756778,False,False,0.0,0.0,3174.410902614105
2024-07-22,223.9600067138672,0.2834,0.0543,184.32849884033203,41,0.11232876712328767,0.11942481070993649,-0.015306919715466716,10.0,-3373.7611509053195,19141.664331191336,84.69308028453328,False,False,0.0,0.0,3174.410902614105
2024-07-23,225.00999450683594,0.2812,0.0541,184.32849884033203,40,0.1095890410958904,0.09073159413499265,-0.012144101119041406,10.0,-3374.261244070936,19217.46980074765,87.85589888095859,False,False,0.0,0.0,3174.410902614105
2024-07-24,218.5399932861328,0.30510000000000004,0.054000000000000006,184.32849884033203,39,0.10684931506849316,0.3107553481826768,-0.034776128083802926,10.0,-3374.760486773403,18789.994190022553,65.22387191619708,False,False,0.0,0.0,3174.410902614105
2024-07-25,217.49000549316406,0.3136,0.053899999999999997,184.32849884033203,38,0.10410958904109589,0.37784215502760965,-0.04084264048318087,10.0,-3375.258878613312,18751.583825730704,59.15735951681913,False,False,0.0,0.0,3174.410902614105
2024-07-26,217.9600067138672,0.3003,0.0538,184.32849884033203,37,0.10136986301369863,0.26588932402981946,-0.031606376848834494,10.0,-3375.7564191918927,18686.133576224645,68.39362315116551,False,False,0.0,0.0,3174.410902614105
2024-07-29,218.24000549316406,0.3061,0.0541,184.32849884033203,34,0.09315068493150686,0.2279707150135879,-0.02817678676277291,10.0,-3377.2578084947627,18674.71345583523,71.8232132372271,False,False,0.0,0.0,3174.410902614105
2024-07-30,218.8000030517578,0.3072,0.054000000000000006,184.32849884033203,33,0.09041095890410959,0.1997409025275969,-0.02528947152173555,10.0,-3377.757494557365,18701.98371314601,74.71052847826445,False,False,0.0,0.0,3174.410902614105
2024-07-31,222.0800018310547,0.3033,0.0541,184.32849884033203,32,0.08767123287671233,0.10855011356714028,-0.01491228809231937,10.0,-3378.2581801016527,18938.292116570956,85.08771190768063,False,False,0.0,0.0,3174.410902614105
2024-08-01,218.36000061035156,0.3212,0.053700000000000005,184.32849884033203,31,0.08493150684931507,0.23024041769078263,-0.0283584011691298,10.0,-3378.7552371151464,18687.485241610793,71.64159883087021,False,False,0.0,0.0,3174.410902614105
2024-08-02,219.86000061035156,0.3036,0.0529,184.32849884033203,30,0.0821917808219178,0.12100587668532903,-0.017059388935279474,10.0,-3379.244960690267,18727.76097703022,82.94061106472053,False,False,0.0,0.0,3174.410902614105
2024-08-05,209.27000427246094,0.4232,0.0535,198.80650405883787,90,0.2465753424657534,11.220155113468962,-0.3401947252165989,2.9394929605781193,-5242.047627003632,18983.10949750612,0.0,True,True,2.9394929605781193,-3298.15669726366,5035.727300213734
2024-08-06,207.22999572753906,0.3403,0.0534,198.80650405883787,89,0.24383561643835616,8.713021401453616,-0.3414693471379149,2.928520549155217,-5233.254316300388,18041.37147839213,0.0,True,False,-0.010972411422902173,9.560285555330076,5026.167014658405
2024-08-07,209.82000732421875,0.34,0.0534,198.80650405883787,88,0.2410958904109589,7.792754760630743,-0.3143492785607771,2.928520549155217,-5234.0200045849615,18030.10497294034,7.942167812264671,False,False,0.0,0.0,5026.167014658405
2024-08-08,213.30999755859375,0.29760000000000003,0.0534,198.80650405883787,87,0.23835616438356164,5.237582267307957,-0.259500372981316,2.928520549155217,-5234.785804898974,17630.050680730634,24.004782521077274,False,False,0.0,0.0,5026.167014658405
2024-08-09,216.24000549316406,0.27399999999999997,0.0533,198.80650405883787,86,0.2356164383561644,3.7384329802221146,-0.2139098806933346,2.928520549155217,-5235.550282861283,17483.258046877127,37.35605187222288,False,False,0.0,0.0,5026.167014658405
2024-08-12,217.52999877929688,0.2731,0.0533,198.80650405883787,83,0.2273972602739726,3.3228927753309776,-0.19785737897087263,2.928520549155217,-5237.844386670701,17488.271468778603,42.05705998818082,False,False,0.0,0.0,5026.167014658405
2024-08-13,221.27000427246094,0.2604,0.053200000000000004,198.80650405883787,82,0.22465753424657534,2.2914619688128752,-0.15247117704745905,6.558616647189221,-6070.430591245221,17559.451897506584,0.0,True,False,3.630096098034004,-831.8227151780935,5857.989729836499
2024-08-14,221.72000122070312,0.251,0.053200000000000004,198.80650405883787,81,0.2219178082191781,1.9677299954936345,-0.13973413615810426,6.558616647189221,-6071.315441776472,17391.243350855653,8.353736841285212,False,False,0.0,0.0,5857.989729836499
2024-08-15,224.72000122070312,0.2343,0.0534,198.80650405883787,80,0.2191780821917808,1.2303110561886648,-0.10053105939880058,6.558616647189221,-6072.203748521136,17206.710230983168,34.0655320267458,False,False,0.0,0.0,5857.989729836499
2024-08-16,226.0500030517578,0.23600000000000002,0.0533,198.80650405883787,79,0.21643835616438356,1.1102697895691271,-0.09181681767950156,6.558616647189221,-6073.090521375158,17260.09317627456,39.780869107528346,False,False,0.0,0.0,5857.989729836499
2024-08-19,225.88999938964844,0.23370000000000002,0.053099999999999994,198.80650405883787,76,0.20821917808219179,1.0193252718257924,-0.08776593129906396,6.558616647189221,-6075.741629499699,17181.794679134877,42.43769019258936,False,False,0.0,0.0,5857.989729836499
2024-08-20,226.50999450683594,0.24,0.0529,198.80650405883787,75,0.2054794520547945,1.046394236375992,-0.08795490954661256,10.0,-6436.726630257428,17260.66705680216,12.045090453387445,True,False,3.441383352810779,-360.1043705541486,6218.094100390647
2024-08-21,226.39999389648438,0.2404,0.0526,198.80650405883787,74,0.20273972602739726,1.0405860324053826,-0.08796931816515785,10.0,-6437.654291127692,17242.93113092613,12.030681834842156,False,False,0.0,0.0,6218.094100390647
2024-08-22,224.52999877929688,0.2524,0.05280000000000001,198.80650405883787,73,0.2,1.4090330243423743,-0.10973132100227179,10.0,-6438.585613683566,17423.447288588497,-9.731321002271784,False,False,0.0,0.0,6218.094100390647
2024-08-23,226.83999633789062,0.2399,0.0525,198.80650405883787,72,0.19726027397260273,0.9494613301646595,-0.0824897041835515,10.0,-6439.511778220428,17193.949185733294,17.51029581644849,False,False,0.0,0.0,6218.094100390647
2024-08-26,227.17999267578125,0.2506,0.0524,198.80650405883787,69,0.18904109589041096,1.0142384262691877,-0.08537237534933828,10.0,-6442.28577622626,17289.951917621052,14.627624650661716,False,False,0.0,0.0,6218.094100390647
2024-08-27,228.02999877929688,0.2465,0.052300000000000006,198.80650405883787,68,0.1863013698630137,0.8617519838437033,-0.07581691319774375,10.0,-6443.208942490145,17221.542919283245,24.18308680225624,False,False,0.0,0.0,6218.094100390647
2024-08-28,226.49000549316406,0.2583,0.0521,198.80650405883787,67,0.18356164383561643,1.145822124501393,-0.09345315472036964,10.0,-6444.128710011454,17350.693963806345,6.546845279630361,False,False,0.0,0.0,6218.094100390647
2024-08-29,229.7899932861328,0.2629,0.052199999999999996,198.80650405883787,66,0.18082191780821918,0.9102057334622877,-0.07551862379608121,10.0,-6445.050374596481,17444.154687479087,24.481376203918785,False,False,0.0,0.0,6218.094100390647
2024-08-30,229.0,0.24980000000000002,0.0521,198.80650405883787,65,0.1780821917808219,0.7686482577132239,-0.06917126144912888,10.0,-6445.970404982064,17222.677852731158,30.828738550871122,False,False,0.0,0.0,6218.094100390647
2024-09-03,222.77000427246094,0.2851,0.0519,198.80650405883787,61,0.16712328767123288,1.8430471295681023,-0.13368058699092322,10.0,-6449.637703846753,17670.409852967445,-33.68058699092322,False,False,0.0,0.0,6218.094100390647
2024-09-04,220.85000610351562,0.2912,0.0518,198.80650405883787,60,0.1643835616438356,2.199767261581769,-0.15344213847069332,6.517114594248144,-5684.39935810517,17834.214784686774,0.0,True,False,-3.4828854057518557,766.1537291413869,5451.94037124926
2024-09-05,222.3800048828125,0.28550000000000003,0.051500000000000004,198.80650405883787,59,0.16164383561643836,1.821460100485094,-0.13433357804836477,6.517114594248144,-5685.201460079369,17739.86544857309,12.453267800342985,False,False,0.0,0.0,5451.94037124926
2024-09-06,220.82000732421875,0.306,0.0513,198.80650405883787,58,0.1589041095890411,2.426114657998326,-0.1613938582528378,6.517114594248144,-5686.000559617246,17977.126897300655,-5.182226904158554,False,False,0.0,0.0,5451.94037124926
2024-09-09,220.91000366210938,0.2917,0.051100000000000007,198.80650405883787,55,0.1506849315068493,1.9710768509642733,-0.14556359876683,6.517114594248144,-5688.389181427752,17687.18455596358,5.134534608541102,False,False,0.0,0.0,5451.94037124926
2024-09-10,220.11000061035156,0.2822,0.0506,198.80650405883787,54,0.14794520547945206,1.8587161246912416,-0.14433078283310818,6.517114594248144,-5689.177818262358,17533.16884105176,5.93797487990912,False,False,0.0,0.0,5451.94037124926
2024-09-11,222.66000366210938,0.26239999999999997,0.051,198.80650405883787,53,0.14520547945205478,1.1573677717801125,-0.10432010092897137,9.585880296270725,-6045.141852283098,17330.297405832414,0.0,True,False,3.0687657020225805,-355.1690522665107,5807.109423515771
2024-09-12,222.77000427246094,0.2559,0.0506,198.80650405883787,52,0.14246575342465753,1.0175499885865413,-0.09659445307311298,9.585880296270725,-6045.979949217586,17206.431716634732,7.405713555739908,False,False,0.0,0.0,5807.109423515771
2024-09-13,222.5,0.2482,0.0497,198.80650405883787,51,0.13972602739726028,0.9065733954638127,-0.09096298063469377,9.585880296270725,-6046.803252401411,17072.22715246857,12.803975624383341,False,False,0.0,0.0,5807.109423515771
2024-09-16,216.32000732421875,0.2637,0.0496,198.80650405883787,48,0.13150684931506848,1.8048124027022538,-0.15892345622525483,9.585880296270725,-6049.268862683323,17312.80343469141,-52.342122764491336,False,False,0.0,0.0,5807.109423515771
2024-09-17,216.7899932861328,0.2602,0.0495,198.80650405883787,47,0.12876712328767123,1.6218902413762208,-0.148611472988045,9.585880296270725,-6050.089298612182,17183.634600753307,-42.45717907158698,False,False,0.0,0.0,5807.109423515771
2024-09-18,220.69000244140625,0.26280000000000003,0.0484,198.80650405883787,46,0.12602739726027398,1.1269196775407018,-0.1090959199630811,9.166245633552636,-6003.60215434243,17098.360347160393,0.0,True,False,-0.4196346627180887,47.289455879516964,5759.819967636254
2024-09-19,228.8699951171875,0.24559999999999998,0.048,198.80650405883787,45,0.1232876712328767,0.33386132192963025,-0.04051608253051908,9.166245633552636,-6004.391721061867,17188.633279091842,62.86196354159712,False,False,0.0,0.0,5759.819967636254
2024-09-20,228.1999969482422,0.242,0.0475,198.80650405883787,44,0.12054794520547946,0.31884517881856667,-0.03994934424695229,9.166245633552636,-6005.17316535132,17107.0878522854,63.38144977330825,False,False,0.0,0.0,5759.819967636254
2024-09-23,226.47000122070312,0.2303,0.0472,198.80650405883787,41,0.11232876712328767,0.25978126137880864,-0.03631437008551508,9.166245633552636,-6007.503295441066,16877.618711908475,66.7133563768433,False,False,0.0,0.0,5759.819967636254
2024-09-24,227.3699951171875,0.2303,0.046900000000000004,198.80650405883787,40,0.1095890410958904,0.21475489051811714,-0.030992742523021755,9.166245633552636,-6008.275268062784,16925.57385140554,71.59129091765307,False,False,0.0,0.0,5759.819967636254
2024-09-25,226.3699951171875,0.23260000000000003,0.046900000000000004,198.80650405883787,39,0.10684931506849316,0.2452584863541274,-0.035022849063004124,10.0,-6029.495873274671,16852.762124798206,64.97715093699588,True,False,0.8337543664473639,-20.448533390602496,5780.268501026856
2024-09-26,227.52000427246094,0.24050000000000002,0.0468,198.80650405883787,38,0.10410958904109589,0.23414153551185635,-0.03287866532739392,10.0,-6030.269019844842,16955.872942913105,67.12133467260608,False,False,0.0,0.0,5780.268501026856
2024-09-27,227.7899932861328,0.2525,0.0468,198.80650405883787,37,0.10136986301369863,0.274610242193555,-0.03656224836820865,10.0,-6031.042265553586,17022.56730525325,63.43775163179135,False,False,0.0,0.0,5780.268501026856
2024-09-30,233.0,0.2671,0.04730000000000001,198.80650405883787,34,0.09315068493150686,0.14819837358608368,-0.02059379543076012,10.0,-6033.387392330149,17414.810981255934,79.40620456923988,False,False,0.0,0.0,5780.268501026856
2024-10-01,226.2100067138672,0.2893,0.0471,198.80650405883787,33,0.09041095890410959,0.4993291936705049,-0.05740617626672451,10.0,-6034.165997486137,17086.16386757109,42.59382373327549,False,False,0.0,0.0,5780.268501026856
2024-10-02,226.77999877929688,0.2897,0.046900000000000004,198.80650405883787,32,0.08767123287671233,0.43970066510303063,-0.05201984444510832,10.0,-6034.941396302562,17082.759146730157,47.98015555489168,False,False,0.0,0.0,5780.268501026856
2024-10-03,225.6699981689453,0.2942,0.0468,198.80650405883787,31,0.08493150684931507,0.5017607866705109,-0.05850352853778529,10.0,-6035.715241137984,17033.04536242706,41.496471462214714,False,False,0.0,0.0,5780.268501026856
2024-10-04,226.8000030517578,0.28440000000000004,0.04730000000000001,198.80650405883787,30,0.0821917808219178,0.34509984272615846,-0.0441760275599018,10.0,-6036.4974543704475,16988.60269353149,55.8239724400982,False,False,0.0,0.0,5780.268501026856
2024-10-07,221.69000244140625,0.3144,0.0477,210.60550231933593,90,0.2465753424657534,7.671913660291352,-0.3149212562689301,3.175396960648602,-7685.917817811704,16919.219558253688,-1.4210854715202004e-14,True,True,3.175396960648602,-2436.137131924765,7427.32176271254
2024-10-08,225.77000427246094,0.3008,0.0475,210.60550231933593,89,0.24383561643835616,5.914922553800032,-0.2675130508569329,3.175396960648602,-7686.918105079248,16768.305032147695,15.053987137506041,False,False,0.0,0.0,7427.32176271254
2024-10-09,229.5399932861328,0.2921,0.0475,210.60550231933593,88,0.2410958904109589,4.626268358964644,-0.22608413206486278,4.423132180338527,-8265.154319251364,16735.104654703762,0.0,True,False,1.247735219689925,-577.2357967217299,8004.55755943427
2024-10-10,229.0399932861328,0.2913,0.0475,210.60550231933593,87,0.23835616438356164,4.66391397509436,-0.2294289287404967,4.423132180338527,-8266.229991516642,16700.680136053685,-1.4794477812685756,False,False,0.0,0.0,8004.55755943427
2024-10-11,227.5500030517578,0.2866,0.04730000000000001,210.60550231933593,86,0.2356164383561644,4.806566987876408,-0.24012015461167713,4.423132180338527,-8267.30127374644,16613.707143532236,-6.2083183010771705,False,False,0.0,0.0,8004.55755943427
2024-10-14,231.3000030517578,0.2781,0.04730000000000001,210.60550231933593,83,0.2273972602739726,3.570314666951049,-0.19650090829033529,4.423132180338527,-8270.5159535204,16438.681721387962,13.085050907526835,False,False,0.0,0.0,8004.55755943427
2024-10-15,233.85000610351562,0.28750000000000003,0.04730000000000001,210.60550231933593,82,0.22465753424657534,3.3257244449703975,-0.1802544669907522,4.423132180338527,-8271.587791199894,16584.424700700372,20.27106664034352,False,False,0.0,0.0,8004.55755943427
2024-10-16,231.77999877929688,0.2818,0.0472,210.60550231933593,81,0.2219178082191781,3.4991641849048207,-0.1929856636613274,5.181732057335154,-8538.104053330968,16453.068947678756,-1.4210854715202004e-14,True,False,0.7585998769966267,-265.4465520259798,8270.00411146025
2024-10-17,232.14999389648438,0.2776,0.047400000000000005,210.60550231933593,80,0.2191780821917808,3.2580651253269224,-0.18556902627237037,5.181732057335154,-8539.212909252732,16364.028530874923,3.8431027715989075,False,False,0.0,0.0,8270.00411146025
2024-10-18,235.0,0.2705,0.04730000000000001,210.60550231933593,79,0.21643835616438356,2.5362772929993866,-0.15501023432548688,5.181732057335154,-8540.319569369318,16273.911366173297,19.677849958059056,False,False,0.0,0.0,8270.00411146025
2024-10-21,236.47999572753906,0.2661,0.04730000000000001,210.60550231933593,76,0.20821917808219179,2.096603194476586,-0.1365093694698134,5.181732057335154,-8543.640410315324,16190.762760871645,29.264502409165914,False,False,0.0,0.0,8270.00411146025
2024-10-22,235.86000061035156,0.268,0.0472,210.60550231933593,75,0.2054794520547945,2.1912148992148914,-0.14167768769204747,5.181732057335154,-8544.745303198273,16176.683606614104,26.58641838769995,False,False,0.0,0.0,8270.00411146025
2024-10-23,230.75999450683594,0.2874,0.04730000000000001,210.60550231933593,74,0.20273972602739726,3.528396749207026,-0.19904343469781383,5.0240290593768755,-8490.208805765322,16358.467425020974,-1.4210854715202004e-14,True,False,-0.15770299795827825,55.643874533619126,8214.36023692663
2024-10-24,230.57000732421875,0.2886,0.047,210.60550231933593,73,0.2,3.5537904723515794,-0.20071169315170212,5.0240290593768755,-8491.30213592033,16351.133256904646,-0.8381378950886074,False,False,0.0,0.0,8214.36023692663
2024-10-25,231.41000366210938,0.2944,0.04730000000000001,210.60550231933593,72,0.19726027397260273,3.4993757440163478,-0.1956669106359994,5.0240290593768755,-8492.402586923434,16406.694322049174,1.696375500624086,False,False,0.0,0.0,8214.36023692663
2024-10-28,233.39999389648438,0.2839,0.047,210.60550231933593,69,0.18904109589041096,2.7105145984705175,-0.16696018174878902,5.0240290593768755,-8495.683847413096,16206.085953093454,16.118719513523942,False,False,0.0,0.0,8214.36023692663
2024-10-29,233.6699981689453,0.2826,0.047,210.60550231933593,68,0.1863013698630137,2.5868870875594894,-0.16237123549679477,5.0240290593768755,-8496.77788261886,16169.88152439824,18.424219445717696,False,False,0.0,0.0,8214.36023692663
2024-10-30,230.10000610351562,0.3053,0.0467,210.60550231933593,67,0.18356164383561643,3.8061152454112346,-0.20962121588164995,4.770509491580232,-8401.372604959866,16424.338895819947,0.0,True,False,-0.2535195677966433,96.49246920008711,8117.867767726543
2024-10-31,225.91000366210938,0.3215,0.0464,210.60550231933593,66,0.18082191780821918,5.213267353077001,-0.2601609247008927,4.770509491580232,-8402.440682953715,16675.55382225714,-24.110016062389874,False,False,0.0,0.0,8117.867767726543
2024-11-01,222.91000366210938,0.2644,0.0461,210.60550231933593,65,0.1780821917808219,4.174453553372565,-0.26164941434594435,4.770509491580232,-8403.501989743005,15878.925406320397,-24.82010146037365,False,False,0.0,0.0,8117.867767726543
2024-11-04,222.00999450683594,0.2641,0.04650000000000001,210.60550231933593,62,0.16986301369863013,4.234345246339565,-0.27044030074595005,4.770509491580232,-8406.714352963912,15814.283516548736,-29.01380216143673,False,False,0.0,0.0,8117.867767726543
2024-11-05,223.4499969482422,0.2524,0.0464,210.60550231933593,61,0.16712328767123288,3.4681364944531836,-0.24181004847393983,4.770509491580232,-8407.783110061493,15591.694391251196,-15.3557131404406,False,False,0.0,0.0,8117.867767726543
2024-11-06,222.72000122070312,0.2286,0.0464,210.60550231933593,60,0.1643835616438356,2.925083426831158,-0.2320630832894246,4.30917311717702,-8273.907264735504,15258.561944174895,-1.4210854715202004e-14,True,False,-0.4613363744032126,134.94473829612113,7982.9230294304225
2024-11-07,227.47999572753906,0.2138,0.0463,210.60550231933593,59,0.16164383561643836,1.6097363053969076,-0.15227863826405352,4.30917311717702,-8274.956870774473,15166.705943275454,34.380498567221665,False,False,0.0,0.0,7982.9230294304225
2024-11-08,226.9600067138672,0.20870000000000002,0.0463,210.60550231933593,58,0.1589041095890411,1.5455951083230204,-0.15174348097983503,4.30917311717702,-8276.006609963693,15086.017750505613,34.61110710548324,False,False,0.0,0.0,7982.9230294304225
2024-11-11,224.22999572753906,0.2193,0.0463,210.60550231933593,55,0.1506849315068493,2.144186714319595,-0.19465043847363916,4.30917311717702,-8279.156626601787,15067.810120907532,16.121756328267466,False,False,0.0,0.0,7982.9230294304225
2024-11-12,224.22999572753906,0.2163,0.0463,210.60550231933593,54,0.14794520547945206,2.031495891182857,-0.19013680315233783,4.30917311717702,-8280.206898560948,15018.199422387032,18.066759926996696,False,False,0.0,0.0,7982.9230294304225
2024-11-13,225.1199951171875,0.212,0.046,210.60550231933593,53,0.14520547945205478,1.7351945137965075,-0.1715465516704069,5.829321488905847,-8545.025808722838,14978.474369666465,-1.4210854715202004e-14,True,False,1.520148371728827,-263.77531147805547,8246.698340908479
2024-11-14,228.22000122070312,0.209,0.0461,210.60550231933593,52,0.14246575342465753,1.178824700533557,-0.1269526500438114,5.829321488905847,-8546.105125346145,14963.069812571495,25.995218902606638,False,False,0.0,0.0,8246.698340908479
2024-11-15,225.0,0.2249,0.046,210.60550231933593,51,0.13972602739726028,1.9589331009720183,-0.18275266650536537,5.829321488905847,-8547.182236603145,15094.74284547937,-6.532404601457017,False,False,0.0,0.0,8246.698340908479
2024-11-18,228.02000427246094,0.22260000000000002,0.0463,210.60550231933593,48,0.13150684931506848,1.3092933549578696,-0.1356719537664942,5.829321488905847,-8550.43546820662,15014.794147973227,20.912456446713477,False,False,0.0,0.0,8246.698340908479
2024-11-19,228.27999877929688,0.22280000000000003,0.046200000000000005,210.60550231933593,47,0.12876712328767123,1.241095418748774,-0.1308580911429147,5.829321488905847,-8551.517811001751,14999.95648635742,23.718611730340754,False,False,0.0,0.0,8246.698340908479
2024-11-20,229.0,0.22399999999999998,0.046200000000000005,210.60550231933593,46,0.12602739726027398,1.1336214409516359,-0.12181150240411975,8.209405353875507,-8822.411700862727,15008.224091798917,1.4210854715202004e-14,True,False,2.3800838649696603,-269.8114100592645,8516.509750967743
2024-11-21,228.52000427246094,0.22469999999999998,0.0463,210.60550231933593,45,0.1232876712328767,1.1672525634874553,-0.12578961306947267,8.209405353875507,-8823.53088872684,14986.714482921136,-3.265792299445735,False,False,0.0,0.0,8516.509750967743
2024-11-22,229.8699951171875,0.2127,0.0463,210.60550231933593,44,0.12054794520547946,0.8010180988308875,-0.09719297285133566,8.209405353875507,-8824.650218568173,14819.937520059922,20.210348831516825,False,False,0.0,0.0,8516.509750967743
2024-11-25,232.8699951171875,0.2,0.046200000000000005,210.60550231933593,41,0.11232876712328767,0.3633862176264788,-0.05368278184339992,8.209405353875507,-8828.001804240723,14757.316183528766,55.92962833238619,False,False,0.0,0.0,8516.509750967743
2024-11-26,235.05999755859375,0.19039999999999999,0.0461,210.60550231933593,40,0.1095890410958904,0.18834122063355263,-0.031830947683706756,8.209405353875507,-8829.116863377018,14831.49983498481,73.86868476664466,False,False,0.0,0.0,8516.509750967743
2024-11-27,234.92999267578125,0.1908,0.046,210.60550231933593,39,0.10684931506849316,0.18244623387658088,-0.03126658742553656,10.0,-8862.898369072871,14812.547132381835,68.73341257446344,True,False,1.790594646124493,-32.66872495849828,8549.178475926241
2024-11-29,237.3300018310547,0.1931,0.0458,210.60550231933593,37,0.10136986301369863,0.11070160552018926,-0.020211841127913854,10.0,-8865.122871452473,14978.578917173185,79.78815887208614,False,False,0.0,0.0,8549.178475926241
2024-12-02,239.58999633789062,0.1881,0.0451,210.60550231933593,34,0.09315068493150686,0.0445218477230549,-0.009439692234185282,10.0,-8868.409648058521,15135.111833453597,90.56030776581471,False,False,0.0,0.0,8549.178475926241
2024-12-03,242.64999389648438,0.1819,0.0449,210.60550231933593,33,0.09041095890410959,0.014713877691348465,-0.003560785394062127,10.0,-8869.500651033075,15410.212616306711,96.43921460593788,False,False,0.0,0.0,8549.178475926241
2024-12-04,243.00999450683594,0.1861,0.0447,210.60550231933593,32,0.08767123287671233,0.014615919696600033,-0.0035097747587603534,10.0,-8870.586927627288,15445.028442752906,96.49022524123964,False,False,0.0,0.0,8549.178475926241
2024-12-05,243.0399932861328,0.1863,0.0446,210.60550231933593,31,0.08493150684931507,0.012656715543359787,-0.003117514864780624,10.0,-8871.670906666226,15444.985137490414,96.88248513521938,False,False,0.0,0.0,8549.178475926241
2024-12-06,242.83999633789062,0.1812,0.0442,210.60550231933593,30,0.0821917808219178,0.008586375356286369,-0.002274159369646256,10.0,-8872.745294604772,15419.840714540578,97.72584063035374,False,False,0.0,0.0,8549.178475926241
2024-12-09,246.75,0.1923,0.0442,234.4125,90,0.2465753424657534,3.538921839552671,-0.24226264145619214,4.127751575683319,-10333.461562105524,15802.317457837842,0.0,True,True,4.127751575683319,-1460.7790199433646,10006.670798877276
2024-12-10,247.77000427246094,0.1972,0.0441,234.4125,89,0.24383561643835616,3.449852017746146,-0.23323609917245047,4.127751575683319,-10334.710146175696,15866.303491282992,3.7259324134686835,False,False,0.0,0.0,10006.670798877276
2024-12-11,246.49000549316406,0.1974,0.0438,234.4125,88,0.2410958904109589,3.736290097265183,-0.24960488215449317,4.127751575683319,-10335.950385806127,15855.297897129914,-3.030694561145822,False,False,0.0,0.0,10006.670798877276
2024-12-12,247.9600067138672,0.1941,0.0435,234.4125,87,0.23835616438356164,3.2326442943688463,-0.22671839871894162,4.410758040152182,-10428.668201220027,15793.173651400639,0.0,True,False,0.2830064644688637,-91.48592326347718,10098.156722140753
2024-12-13,248.1300048828125,0.2053,0.0434,234.4125,86,0.2356164383561644,3.571118844738706,-0.23480222125817596,4.410758040152182,-10429.908286450845,15958.226317507426,-3.5655785260091335,False,False,0.0,0.0,10098.156722140753
2024-12-16,251.0399932861328,0.2139,0.0437,234.4125,83,0.2273972602739726,3.120901011385186,-0.20602815691477172,4.410758040152182,-10433.655153762635,16046.898097699277,9.125965039043521,False,False,0.0,0.0,10098.156722140753
2024-12-17,253.47999572753906,0.2189,0.0438,234.4125,82,0.22465753424657534,2.7725506520382055,-0.18394191625329803,4.410758040152182,-10434.907267506409,16135.997313268166,18.867671396476638,False,False,0.0,0.0,10098.156722140753
2024-12-18,248.0500030517578,0.2555,0.04360000000000001,234.4125,81,0.2219178082191781,5.27328381558776,-0.2708026925654293,4.410758040152182,-10436.153813070836,16694.764390865756,-19.4445153527827,False,False,0.0,0.0,10098.156722140753
2024-12-19,249.7899932861328,0.2698,0.0435,234.4125,80,0.2191780821917808,5.306863904889397,-0.26054436431183003,3.8381179444862585,-10133.505342567003,16882.330944276517,0.0,True,False,-0.5726400956659239,303.8923054181903,9794.264416722563
2024-12-20,254.49000549316406,0.2359,0.0434,234.4125,79,0.21643835616438356,3.0145110893178284,-0.1869299255204051,3.8381179444862585,-10134.710329634314,16471.295130258448,28.254089849865338,False,False,0.0,0.0,9794.264416722563
2024-12-23,255.27000427246094,0.2136,0.04360000000000001,234.4125,76,0.20821917808219179,2.100620134075456,-0.154716007734794,3.8381179444862585,-10138.342816378316,16194.90039398219,40.61817144138124,False,False,0.0,0.0,9794.264416722563
2024-12-24,258.20001220703125,0.2031,0.044000000000000004,234.4125,75,0.2054794520547945,1.40485972053742,-0.11622685121695175,3.8381179444862585,-10139.5650464398,16219.637904551388,55.39076367130829,False,False,0.0,0.0,9794.264416722563
2024-12-26,259.0199890136719,0.2231,0.0435,234.4125,73,0.2,1.7195699587055557,-0.12764786221672653,3.8381179444862585,-10141.98216232858,16420.007970569335,51.00724494506724,False,False,0.0,0.0,9794.264416722563
2024-12-27,255.58999633789062,0.2324,0.0431,234.4125,72,0.19726027397260273,2.4318847389839107,-0.16554191223955184,6.04076627164318,-10678.838505737109,16349.205858829733,0.0,True,False,2.202648327156921,-535.6586852161356,10329.923101938699
2024-12-30,252.1999969482422,0.26789999999999997,0.0437,234.4125,69,0.18904109589041096,4.033891607070146,-0.22450011354475585,6.04076627164318,-10682.674799386688,16974.104531782916,-35.61527138812252,False,False,0.0,0.0,10329.923101938699
2024-12-31,250.4199981689453,0.26030000000000003,0.0437,234.4125,68,0.1863013698630137,4.136328864655098,-0.23681510548462636,6.04076627164318,-10683.9538701699,16856.705536127898,-43.05447018271528,False,False,0.0,0.0,10329.923101938699
